ref	tip	unmerged_nonmerge_count	unmerged_merge_count	individual_patch_equivalents	assessment	tip_subject	unmerged_nonmerge_commits
refs/heads/ab-swift-glm	18dbc619229a1caa35f740f3b31b024411ff980d	0	0	0	ancestor of baseline	Merge pull request #859 from DutchMaxwell/fix-loader-swift-negates-slow	-
refs/heads/ab-swift-mm35	18dbc619229a1caa35f740f3b31b024411ff980d	0	0	0	ancestor of baseline	Merge pull request #859 from DutchMaxwell/fix-loader-swift-negates-slow	-
refs/heads/act-wall-summary	20679f4aa1177e524e5b47fcf24c7ba0e35bc7e7	1	0	1	all non-merge patches equivalent; merge content not assessed	tools: act_wall_summary — p50/p90/p99 of the AI decision wait from game logs	20679f4aa117
refs/heads/advancek/menu-advance-k	9976777b838dbafacd3723b0facde73905f6ad31	2	0	0	ancestry differs; review required	core/menu: safe-advance offers the top-k frontier destinations (menu_advance_k knob, default 1)	9976777b838d,e6d9620b6817
refs/heads/ai-wide-search-default	97a3b2134324db6bf4356ab00e00fe21be50abe3	0	0	0	ancestor of baseline	Merge pull request #519 from DutchMaxwell/core-mv-gate-s5a	-
refs/heads/aiheader	c38ee8454eb941cf0de8581ce613311c3c0f0780	1	0	1	all non-merge patches equivalent; merge content not assessed	diagnostics: the report header names the AI path (extension, move planner, last opponent line)	c38ee8454eb9
refs/heads/audit/table-parity-b	6b7da7545cb1a4a2071c901e160d2328a2bbf4eb	0	0	0	ancestor of baseline	Merge pull request #780 from DutchMaxwell/rules-coordinate	-
refs/heads/autoflake-e2e-pr	c265289cf8f74848292dbf51df7fb849b5e4a43b	1	0	1	all non-merge patches equivalent; merge content not assessed	test(e2e): assert auto moves against recorded target positions	c265289cf8f7
refs/heads/autoflake/mind-control-rout	b6bf38209d52a0f2df5365bd4aeca4df2458f6bf	0	0	0	ancestor of baseline	fix: count Counter aliases in Impact reduction (#1189)	-
refs/heads/autoflake/zero-centre	d22e2734d38d9c68ed743662779a2e0addba6899	1	0	1	all non-merge patches equivalent; merge content not assessed	fix(game): ignore destroyed units at table-centre callers	d22e2734d38d
refs/heads/automodus/d90-ring-priority	de925c8fbd4ead4735103536d4ede04932bcf02d	1	0	1	all non-merge patches equivalent; merge content not assessed	radial: Charge/Advance/Rush outrank Spot/Speed Feat/Pass on the ring (D90 = b)	de925c8fbd4e
refs/heads/automodus/pr1-act-intent	cdd047299f9289adf393dd0c280edb3239a057cb	3	0	0	ancestry differs; review required	solo: move the post-move gates into execute_intent() (A0 step 3)	37ec1e0e1c49,cdd047299f92,fffaccd94582
refs/heads/automodus/pr2-charge-intent	93fc949d7faf5057cf1510fd929dc48429c9bd73	12	0	2	ancestry differs; review required	test: accept a wipe as a valid Charge outcome too (e2e_auto_charge_test.gd)	0115e1e4f785,0deb6c897362,12e132b012b2,1b96eae66b47,29b0cf58ff96,39c938eba4c5,74a875ff0ef5,88d9c7722397,93fc949d7faf,ca5a663e8f20,e6b1bb4b4641,f2b88e063387
refs/heads/automodus/pr2a-player-intent	bd2387ac7f5dd75b4ab82aef5a3d18296b278564	1	0	1	all non-merge patches equivalent; merge content not assessed	solo: the player's Charge/Advance/Rush intent (A1 step 5)	bd2387ac7f5d
refs/heads/automodus/pr2b-wire-executor	e6c61ca1025cb1e533bd6697fad450396f08c184	1	0	1	all non-merge patches equivalent; merge content not assessed	solo: wire the player's auto-verb targeting + run it through execute_intent (A1 steps 6-7)	e6c61ca1025c
refs/heads/automodus/pr2c-radial-verbs	326deeeec08754e3dba03c706b9ed464ad11a761	4	1	0	ancestry differs; review required	ui: cap the ring at RING_MAX verbs, priority by RING_VERBS' own order (fixes CI)	05e49ac93d22,326deeeec087,731955bae643,d541a6a78f84
refs/heads/automodus/pr3-advance-rush-e2e	f8adaf2032daa3852203f5a4296ffa599d30332e	2	0	0	ancestry differs; review required	e2e: prove Rush and the Quick Shot re-gate through the shared executor (A1 step 11)	0e242051bed1,f8adaf2032da
refs/heads/automodus/pr4-suggest-saves-honesty	2d13370c6267bf4f6b67fc978a4974da6343cb2e	3	0	0	ancestry differs; review required	solo: capped-move honesty for a player's Advance/Rush (A4 step 14)	2d13370c6267,3509c221575d,6a1987e7cd61
refs/heads/automodus/pr5-hardening-docs	676a4af7d672e5db87757994eaeeae5ecfcd693f	2	0	0	ancestry differs; review required	docs: name Charge/Advance & Shoot/Rush (A5 step 16)	676a4af7d672,f6b593bb52fa
refs/heads/backup-storm-fb10	fb10ff064b571f6e6f38ebbe440f8cb2abe8f294	1	0	0	ancestry differs; review required	feat(rules): Storm Attack family — 4 names ported (epoch 6)	fb10ff064b57
refs/heads/backup/local-main-305ec66c	305ec66c3390961e20e74210108d28aa39c7c887	1	0	0	ancestry differs; review required	feat(rules): Boost Aura family — 20 names ported (epoch 6)	305ec66c3390
refs/heads/bag17-widen	26b4927e02999163200f43ad4579df80cc41800f	0	0	0	ancestor of baseline	Merge pull request #908 from DutchMaxwell/wt-swift-aura-v9	-
refs/heads/bisect-a	8742e0f44e23915e443627935ff0be8e273fcba5	1	0	0	ancestry differs; review required	probe A: gdscript storm changes	8742e0f44e23
refs/heads/bisect-b	15b78b5be6a0012b33cd047771e164813b6c465d	1	0	0	ancestry differs; review required	probe B: rust+census storm changes	15b78b5be6a0
refs/heads/bisect-d	9a5b57e79696cab7e20cb54fdd43148f6b66d711	1	0	0	ancestry differs; review required	probe D: census row only	9a5b57e79696
refs/heads/bisect-e	3e52e67ac739612b686ecdd7f406f65c2d53f0c8	1	0	0	ancestry differs; review required	probe E: state plumbing + dice payload	3e52e67ac739
refs/heads/bisect-f	030ec39aec0306a7c7e558b4865aa133575c42f9	1	0	0	ancestry differs; review required	probe F: unit.rs storm stamp	030ec39aec03
refs/heads/bisect-g	de4f15853ceca189c3ce2a1285ecdcf9c61f22fa	1	0	0	ancestry differs; review required	probe G: sim impl only	de4f15853cec
refs/heads/bisect-h	a4cabdcd8519f29aaa8d46d05c337c6e222d1650	2	0	0	ancestry differs; review required	probe H: full change minus the two extra tests	a4cabdcd8519,c8b39355f435
refs/heads/bisect-i	951489dce1dc96be9a6cfe3a0c46bf4015e7cec8	1	0	0	ancestry differs; review required	probe I: full minus extra tests, one commit	951489dce1dc
refs/heads/bisect-j	dc30b0bdc54a1da81aa53269a06329a5305e075f	1	0	0	ancestry differs; review required	probe J: sim impl + unit stamp	dc30b0bdc54a
refs/heads/bisect-k	10198c9a7e8ee9a5052ed7bd4b019012e41e4ea4	1	0	0	ancestry differs; review required	probe K: sim impl minus unit stamp	10198c9a7e8e
refs/heads/bisect-l	44647bbba4036a4f92935349c8ff9dbd17b6adbc	1	0	0	ancestry differs; review required	probe L: sim impl + census row	44647bbba403
refs/heads/bisect-m	ffc65d65345cf13ca81d95b0cb376c615da9ee63	1	0	0	ancestry differs; review required	probe M: sim impl + census + plumbing	ffc65d65345c
refs/heads/bisect-n	a9570ced7d7fa2b4e692ecec17f7bc1bbb677039	1	0	0	ancestry differs; review required	probe N: sim impl + state field	a9570ced7d7f
refs/heads/bisect-o	4327f3f0b0180a0a76de4252b6d6242adb6108f2	1	0	0	ancestry differs; review required	probe O: sim impl + census + dice payload	4327f3f0b018
refs/heads/bisect-p	5ca2da836b372004198edc4892bf4e555b0a89d0	1	0	0	ancestry differs; review required	probe P: sim impl + dice payload	5ca2da836b37
refs/heads/bisect-q	a9182df7220b70704a1bc4e269bedb7c9a26983a	1	0	0	ancestry differs; review required	probe Q: sim impl + 30 filler comment lines	a9182df7220b
refs/heads/boost-buff-grant-fix	3487000f1b417767f5a8efb7618918d56dda1ef7	0	0	0	ancestor of baseline	Surge when Shooting: the bonus must not also fire in melee (epoch 17) (#931)	-
refs/heads/builder-grounded-speed-terrain-gate-wt2	155096312cfb7f39f7fddeb35f3a83065f17cffd	2	0	0	ancestry differs; review required	"fix(movement): Grounded Speed's +2""/+4"" answer the terrain verdict — the table gates it like the core (GREEN)"	155096312cfb,d317515d983a
refs/heads/builder/act-header-mission-stamp	b462d9a9e3b205af3fb90fbaa3e76161af824689	1	0	0	ancestry differs; review required	WIP (lead-committed): act header mission read in the core + a gdUnit suite for the recorder stamp (table stamp not yet written)	b462d9a9e3b2
refs/heads/builder/deadparams-counter-families	c8683ba6e08d6bb0731bdb1cd963e788634b6857	3	0	0	ancestry differs; review required	Clippy: is_some_and / is_none_or for the two new map_or reads	4ea543fc54c3,6e215f4d175d,c8683ba6e08d
refs/heads/builder/deadparams-table-fold	d7b54a7281659b8e3e9b783eb3941b8c4dd3461a	3	0	0	ancestry differs; review required	Fix bare Artillery constants in main.gd (must be AiCombatMath-prefixed)	4966b9377e7f,d7b54a728165,ff05468938d4
refs/heads/builder/havocbound-boost-table	b5fc028de3c9518358e2f2312e2e3ff5d9620648	0	0	0	ancestor of baseline	Empyrean Spirit Boost: the Boost stands the base Evasive down on the table too (#965)	-
refs/heads/builder/menuholders-core	cdb660cca0f4c24f3aee038d9c01c6e64d1a764e	1	0	0	ancestry differs; review required	core/menu: menu_holders knob plumbing + RED menu test (wave 6)	cdb660cca0f4
refs/heads/builder/precision-markers-59	4b5aec1a7dfe79975b505346beb43986b4aca6a9	1	0	1	all non-merge patches equivalent; merge content not assessed	Precision Spotter / Tag / Target: port the marker trio on both layers (epoch 61)	4b5aec1a7dfe
refs/heads/builder/steadfast-roll-40	2dd3e96346d92ba88e78e657bae47dbafbc95013	5	0	0	ancestry differs; review required	Steadfast: keep the Morale rating import after the rebase	2dd3e96346d9,3e4798d1d8a7,989061edb93d,d6916b765338,e0e7ab875260
refs/heads/builder/vocab3-token-columns	a554156a5a9526443d054102678a1f7f0ed8f8b8	1	0	0	ancestry differs; review required	WIP (lead-committed): RED leg for the three token columns — rules_epoch threaded into the encoder, pinning test for t[88]/t[89]/t[90] written, fill not yet done	a554156a5a95
refs/heads/c8-mission-ring	442a2da72461c87401e2f2478a4c3f09859aeb2d	1	0	0	ancestry differs; review required	fix(ai): eval measures markers like the referee (HEAD_QUEUE #12/#13)	442a2da72461
refs/heads/c8-teacher-wave-a	e6f88f667b137cb933cf59c00d77a563b0622ad3	37	0	0	ancestry differs; review required	feat(ai): cast sub-phase behind NML_SIM_CAST — shipped rollouts stay byte-identical until the A/B (NML-1069)	0dd4dced67c0,0fffe54c056f,1b980115b8f2,24e3813f27d0,279f01505f8c,30fd1d02eb72,35d00d7d0a29,364955df251f,37c7d033249c,45e4d8c85209,4dab71cef122,501b6662de72,55705136352b,560b4aa388cf,6dea668cf69e,6ea229c8991f,6ef6eb6f4313,740e6e5a495c,754e8e642d27,7de529a6b2b7,8874d6ac8752,8bde4dcb4047,8c6ce35475df,9a133eac2b3d,a8e0f3dd0d9e,aabe6e7332cc,afced0f96ce5,c15eba9db12e,c220913c741e,c9003a078d2f,d7316025c6f4,dabd1da70b00,db593e7ef12e,df74ebb992bd,e58b9c40c889,e6f88f667b13,f338e0961aa9
refs/heads/castdebuff-core-2d	c319d68513dbea09275a7db246b11581d43cc3bd	2	0	0	ancestry differs; review required	"test(cast_debuff): reflow the board doc comment (a line starting with ""1)"" read as a list -> clippy doc_lazy_continuation +3)"	7bf6b461c7ea,c319d68513db
refs/heads/casting-mod-snapshot	42360d3ab99226b05c0ee72146c1163e79b26eee	3	0	0	ancestry differs; review required	D-MAGIC step 3: a zero casting slot is not written back (GATE P4 round trip), python epoch stamp 61 -> 62	3ee0cfad3d3d,42360d3ab992,70eb818af20f
refs/heads/castkind-stamp	92c78fefab1d63d27ad351626ae1aaa1064e815b	1	0	1	all non-merge patches equivalent; merge content not assessed	feat(core): stamp the spell kind on every cast_events entry	92c78fefab1d
refs/heads/castparity-1-plain-events	0ff792cdfdad5338c0cdadf3899fa721a578be1e	1	0	1	all non-merge patches equivalent; merge content not assessed	feat(table): state_to_plain carries the round's cast-attempt events (castparity step 1)	0ff792cdfdad
refs/heads/castparity-2-cast-fixture	119de72ed5df8a07ef842b512e782a58b6b5374a	1	0	1	all non-merge patches equivalent; merge content not assessed	test(core): re-record the cast fixture with cast_events in the plain state (castparity step 2)	119de72ed5df
refs/heads/castparity-3-red-gate	a5486bf0475952d589f27c47bad09775a339b855	1	0	0	ancestry differs; review required	test(core): parity gate for cast-attempt events, RED on main (castparity step 3)	a5486bf04759
refs/heads/castparity-4-emit	cc35826f6871c2245142146e3f57129ab54d9781	2	0	0	ancestry differs; review required	feat(core): the cast phase pushes one attempt event in the table shape (castparity step 4)	a5486bf04759,cc35826f6871
refs/heads/castparity-4-rust-events	e60791041060a51fac9e5ec7e3ae8acc99d556d9	0	0	0	ancestor of baseline	fix(core+table): Piercing Target's +AP stands while the target lives (EPOCH_67_MARKERS_BURSTS, D42 a) (#1208)	-
refs/heads/castparity-6-docs	c889589e467bb2cb2470c2196fbbc20f2ac83cf9	3	0	1	ancestry differs; review required	docs(core): the kind-stamp docs describe the attempt event, not the log-line stamp (castparity step 6)	a5486bf04759,c889589e467b,cc35826f6871
refs/heads/casualty-chain	50d9f9c8a302a00a2268184a24bb7a3e36addb2f	3	0	0	ancestry differs; review required	"fix(solo): a hair over 1.000"" must not switch the casualty chain rule off (NML-1036 follow-up)"	22e047e06bf9,50d9f9c8a302,53925fe8e59b
refs/heads/census-sniper-remove-na	e41ba310b3ae4577e032caf31e371080a2c41db4	0	0	0	ancestor of baseline	census: Sniper REMOVE is list-building hygiene (NA_NAMES; maintainer 09.09.)	-
refs/heads/census/tray-exact	586fd2bcaf4fb0cc148e18befb59539b40a40a82	10	0	4	ancestry differs; review required	PRIVATE census build: tray_exact on (never pushed)	138fa26179ad,1e74925bdafb,29e1fb272871,30d499834b22,35f14a35738e,50e2b0ce1362,586fd2bcaf4f,bbd4c7c9edf1,c8ac556b67f7,f51668d30063
refs/heads/census/tray-exact2	2d8e7ac1c90a8ee94c2904989aaf79be05e69e0f	10	0	4	ancestry differs; review required	PRIVATE census build: tray_exact on (never pushed)	2d8e7ac1c90a,2e6417c42de1,36d033aec1ff,695a9a574e84,813e0bc589be,bd3e73bc5994,cd1c77e6e8ac,cd200dfd5d76,d53ceef26141,fbfc844c4f20
refs/heads/cg1-rescue	a397d8dd01d3c509031edd96389822e35ee9e11f	0	0	0	ancestor of baseline	ci: baseline against the PR merge ref (main advanced since the branch base)	-
refs/heads/chain/1-pips-hook	6f9a1ddc12660042c87517029fdfad8eb1a51dc6	10	1	0	ancestry differs; review required	feat(vfx): result pips ride the real wound allocation (VFX #1, part 2)	08a4c02e43af,17bb9eba4632,183ada8e7edd,1c28c094c1db,5fe4386a19e5,6f9a1ddc1266,84a1dd800ea0,962bab5abf68,ac4a44c2ff54,e9db55eb6d3a
refs/heads/chain/2-volley-hook	d529a3f32458d829ad364b8363aa39e1d403e2a3	11	1	0	ancestry differs; review required	feat(vfx): the volley cue rides the real AI volley (VFX #2, part 2)	08a4c02e43af,17bb9eba4632,183ada8e7edd,1c28c094c1db,5fe4386a19e5,6f9a1ddc1266,84a1dd800ea0,962bab5abf68,ac4a44c2ff54,d529a3f32458,e9db55eb6d3a
refs/heads/chain/3-seal-hook	6f429e6abdd0294d3ad2252db31132fcec69fabc	12	1	0	ancestry differs; review required	feat(vfx): the spell seal rides the real cast resolver (VFX #3, part 2)	08a4c02e43af,17bb9eba4632,183ada8e7edd,1c28c094c1db,5fe4386a19e5,6f429e6abdd0,6f9a1ddc1266,84a1dd800ea0,962bab5abf68,ac4a44c2ff54,d529a3f32458,e9db55eb6d3a
refs/heads/chain/4-seal-band	37d6aef6bbdb5fbcc7c0290ee4b79d6faac8df1d	13	1	0	ancestry differs; review required	perf(vfx): the seal draws only its band (annulus), not a full plane	08a4c02e43af,17bb9eba4632,183ada8e7edd,1c28c094c1db,37d6aef6bbdb,5fe4386a19e5,6f429e6abdd0,6f9a1ddc1266,84a1dd800ea0,962bab5abf68,ac4a44c2ff54,d529a3f32458,e9db55eb6d3a
refs/heads/chain/5-hit-strip	79a882935427b8803e03aa8a861f24dcb5ab2b2e	14	1	0	ancestry differs; review required	feat(vfx): hits and saves as a strip over the target unit (VFX #1, part 3)	08a4c02e43af,17bb9eba4632,183ada8e7edd,1c28c094c1db,37d6aef6bbdb,5fe4386a19e5,6f429e6abdd0,6f9a1ddc1266,79a882935427,84a1dd800ea0,962bab5abf68,ac4a44c2ff54,d529a3f32458,e9db55eb6d3a
refs/heads/chain/6-coop	cc23482236831c1d767dbbc255a693a79f384ac0	15	1	0	ancestry differs; review required	feat(vfx): combat effects in co-op - one cue, drawn once on every peer	08a4c02e43af,17bb9eba4632,183ada8e7edd,1c28c094c1db,37d6aef6bbdb,5fe4386a19e5,6f429e6abdd0,6f9a1ddc1266,79a882935427,84a1dd800ea0,962bab5abf68,ac4a44c2ff54,cc2348223683,d529a3f32458,e9db55eb6d3a
refs/heads/chain/7-gates	7c5ec51691aa97eccf0ef388507dca6ec14114fc	16	1	0	ancestry differs; review required	test(vfx): the release gates of the combat effects as e2e suites	08a4c02e43af,17bb9eba4632,183ada8e7edd,1c28c094c1db,37d6aef6bbdb,5fe4386a19e5,6f429e6abdd0,6f9a1ddc1266,79a882935427,7c5ec51691aa,84a1dd800ea0,962bab5abf68,ac4a44c2ff54,cc2348223683,d529a3f32458,e9db55eb6d3a
refs/heads/chain/8-regiment	4722fc635b579a16a7232f86e6e7956b244590d5	17	1	0	ancestry differs; review required	feat(vfx): a regiment's losses as a strip over the unit (VFX #1, part 4)	08a4c02e43af,17bb9eba4632,183ada8e7edd,1c28c094c1db,37d6aef6bbdb,4722fc635b57,5fe4386a19e5,6f429e6abdd0,6f9a1ddc1266,79a882935427,7c5ec51691aa,84a1dd800ea0,962bab5abf68,ac4a44c2ff54,cc2348223683,d529a3f32458,e9db55eb6d3a
refs/heads/chain/base	db48488a62e9abb4f9a2092102437ea153e0cdbc	9	1	0	ancestry differs; review required	Merge branches 'vfx/result-pips', 'vfx/volley-cue' and 'vfx/spell-seal' into chain/base	08a4c02e43af,17bb9eba4632,183ada8e7edd,1c28c094c1db,5fe4386a19e5,84a1dd800ea0,962bab5abf68,ac4a44c2ff54,e9db55eb6d3a
refs/heads/chb1-core-charge-band	8f03d142e9ce9be71730f696c67ce28bc1952032	0	0	0	ancestor of baseline	feat(core): Bands.charge — the core reads the table's distinct CHARGE band behind EPOCH_10_CHARGE_BAND	-
refs/heads/chore-remove-public-plans-dir	3150b60cd780c92bf1db5d56a96ff1c520b93722	0	0	0	ancestor of baseline	chore: drop the stray public plans/ directory (design notes live in the private mission dir)	-
refs/heads/ci-core-fast-lane	f8b84056a5e03017ca85c35256b129e8506412c1	0	0	0	ancestor of baseline	ci: fast lane — core-only PRs skip the Godot test and export jobs	-
refs/heads/ci-nml-core-py-pytest	647196654707961bbb834bd15ef258b057a376ef	0	0	0	ancestor of baseline	test: guard every commit-pin vintage test against shallow clones (CI)	-
refs/heads/ci-policy-fixture-tests	c950ebdd05649f9d3c44751bb7457bdda9f52393	0	0	0	ancestor of baseline	test(ci): fixture-gated policy tests are ignored, not silently passing; CI runs them only when fixtures exist	-
refs/heads/ci-post-edit-gate	dd229a1d061dc29d45771b8e7b2f57638c2ba738	0	0	0	ancestor of baseline	ci: verify every edit against the engine and the compiler	-
refs/heads/ci-release-gates	bcfd36c5a4e9acb6cd75cf1bc5e6ef5c94537fc7	0	0	0	ancestor of baseline	ci: derive prerelease from the tag; fix README releases link	-
refs/heads/ci-rust-required	0c512b082d46cdc0fe5cd01b57a3cb13cdd8b8b0	0	0	0	ancestor of baseline	ci(rust): core crates job is blocking, not advisory	-
refs/heads/ci-verification-gates	51756582d35f27403932324f1bb8b13a11306b16	0	0	0	ancestor of baseline	ci: pin the toolchain, gate clippy differentially, verify every edit	-
refs/heads/ci/export-parallel-to-test	59912535b80e1f7e0d248b3cfa5aa1c6727b64a4	1	0	1	all non-merge patches equivalent; merge content not assessed	ci(build): export jobs no longer wait for the gdUnit shards	59912535b80e
refs/heads/ci/export-rust-cache	fd4541a515c96bad3477bc701b0f063cb9af9ba8	0	0	0	ancestor of baseline	ci(build): gdUnit shards 5 -> 10, one shard_count value everywhere (#1303)	-
refs/heads/ci/job-timeouts	e4f6753b85097f432c37fad26b8f48b429742c76	1	0	1	all non-merge patches equivalent; merge content not assessed	ci: timeout-minutes on every job that had none	e4f6753b8509
refs/heads/ci/macos-core	fd85b95761d607e60be44d231a0fb16b1a77b750	2	0	0	ancestry differs; review required	docs: macOS carries the rules core — HOLD until the export-macos proof job is green (board D40)	3a59f153b557,fd85b95761d6
refs/heads/ci/macos-core-b	ea347ef5144946e2596017d7ae5d8c3b588310e2	2	0	0	ancestry differs; review required	ci(macos): give the dylib a Mac-style install name; scan raw bytes for build paths	a75ebd3ba6af,ea347ef51449
refs/heads/ci/macos-core-docs	fd85b95761d607e60be44d231a0fb16b1a77b750	2	0	0	ancestry differs; review required	docs: macOS carries the rules core — HOLD until the export-macos proof job is green (board D40)	3a59f153b557,fd85b95761d6
refs/heads/ci/macos-probe-checker	c3d392db06232af4831a780df3275f641d5235c3	1	0	1	all non-merge patches equivalent; merge content not assessed	tools: the ship-probe checker — asserts one macOS proof run used the Rust core (board D40, part 1 of 2)	c3d392db0623
refs/heads/ci/onnx-spike-mingw	03b63c6a98ba1720b57a7f58b1ed20b740dbc228	2	0	1	ancestry differs; review required	ci: warm run for onnx-spike mingw timing	03b63c6a98ba,090e226dfb61
refs/heads/ci/rust-split	2ea9531c1f4c98211e0baa06a210626ab10da5b9	1	0	1	all non-merge patches equivalent; merge content not assessed	ci(rust): split the core-crates job into parallel jobs (cispeed 3/3)	2ea9531c1f4c
refs/heads/ci/shards-10	4a3f65ba2f0f5f55c16d0d423156945d61817f45	1	0	1	all non-merge patches equivalent; merge content not assessed	ci(build): gdUnit shards 5 -> 10, one shard_count value everywhere	4a3f65ba2f0f
refs/heads/ci/shards-balanced	26d35f7b57e6c41227a532b500bfa9a6a872a9be	3	0	0	ancestry differs; review required	ci: refit shard weights to the two runs on current main state	07fa0c7d7199,1fe9c2a2e445,26d35f7b57e6
refs/heads/ci/windows-mingw-cache	b0fd8c7d8338f7a1f5d27f2a0b26c7718eea4d11	2	0	1	ancestry differs; review required	ci: warm run for mingw cache timing	448470b43c5a,b0fd8c7d8338
refs/heads/codex-triage/a-spawn-validation	0aad4a7619f7c28879943cc5fd7b2082991b57e5	0	0	0	ancestor of baseline	fix(core): resize captured sight when minting Spawn slots	-
refs/heads/codex-triage/b1-net-input-validation	44c9d793dbfadbff172d6dda7841099969919e93	2	0	2	all non-merge patches equivalent; merge content not assessed	fix(core): reject incompatible network inputs before evaluation	44c9d793dbfa,df7a3473d29d
refs/heads/codex-triage/b2-py-header-config	a44db1ed3c00ce2a7eca54fd1718858de46f7b2f	0	0	0	ancestor of baseline	fix(python): propagate source encoding changes to loaded policies	-
refs/heads/codex-triage/c-test-hygiene	5ccfc2cd28c0596d0f78d4fe6670eec65a8dfaaf	0	0	0	ancestor of baseline	test(core): drop unused mutable bindings in fixtures	-
refs/heads/codex-triage/d-roadmap-docs	6843a211caa632ca651ddf3c76f419c73b31714d	0	0	0	ancestor of baseline	docs: distinguish current rule resolvers from released coverage	-
refs/heads/codex/overnight-2026-09-11	ddfa5565add2dea72b69a85bf5f17fed4d78d192	15	0	11	ancestry differs; review required	fix(core): align movement planning and gate budgets with table precision	00bca362d69f,026e8cafc972,2573940e7de5,2c195bd50bfe,2c3acb629c5e,398eb7674549,62233cc1ea88,68d92905965d,7d59d7785b9a,93a3979f2141,b0a9eff4b83c,b2fa821233ab,ddfa5565add2,fc0f5d649b39,fdf90f073273
refs/heads/codex/overnight-public-issues-2026-09-12	ddfa5565add2dea72b69a85bf5f17fed4d78d192	15	0	11	ancestry differs; review required	fix(core): align movement planning and gate budgets with table precision	00bca362d69f,026e8cafc972,2573940e7de5,2c195bd50bfe,2c3acb629c5e,398eb7674549,62233cc1ea88,68d92905965d,7d59d7785b9a,93a3979f2141,b0a9eff4b83c,b2fa821233ab,ddfa5565add2,fc0f5d649b39,fdf90f073273
refs/heads/coop/owner-roll-all-kinds	6234d4be1d32bf681f284c2cbf94caa5eddf6ed5	1	0	1	all non-merge patches equivalent; merge content not assessed	fix(coop): every defender-owned roll goes to its owner (rules plan 0.1b)	6234d4be1d32
refs/heads/coop/owner-roll-seam	35654631b5a0627b7b623bad19aa15781a9e77df	1	0	1	all non-merge patches equivalent; merge content not assessed	refactor(coop): extract the owner-roll seam from the remote save batch (rules plan 0.1a)	35654631b5a0
refs/heads/core-1140-doctrine	10474376af08454fef35c41c08b3398d38108feb	0	0	0	ancestor of baseline	test(objectives): doctrine cases skip without NmlCore; smoke resolves the class at runtime (NML-1140)	-
refs/heads/core-1140-trainer-sighting	d3329238165cf44c55731267a8ca4c0211d6c676	0	0	0	ancestor of baseline	feat(train): the fast trainer can write a corpus at the table's per-model sighting (NML-1073 M5 D6a)	-
refs/heads/core-1141-mass-fast-fidelity	43e339af846619bc9c7c5c3c4315c1ecbe701c13	0	0	0	ancestor of baseline	fix(train): the mass corpus generator can write a table-fidelity corpus, and one game's unknown_rules stay that game's (NML-1073 M5)	-
refs/heads/core-1142-fitted-eval	524a89a28ec29ef846080501a4d0cdd36b71ce37	0	0	0	ancestor of baseline	feat(core): the fast core plays with a trained net — fitted eval ported behind fit_mode (NML-1142)	-
refs/heads/core-1152-deploy-parity	c2a354beb73f7ac64ca64ffb89c02b85f472dfcd	0	0	0	ancestor of baseline	test(py): the byte-identity pin strips the knobs block — #480's fit_blend stamp is metadata, the seed-25 game stream is unchanged (NML-1152)	-
refs/heads/core-ambush-s1	8bc5848b76e1126d297f47a2076cf67fdbf383a1	0	0	0	ancestor of baseline	feat(core): ambush arrival S1 — dormant strength through the loader	-
refs/heads/core-ambush-s2	962ccac435c4369d404ca18836d1590173c0dee3	0	0	0	ancestor of baseline	feat(core): ambush arrival S2 — the two arrival distances as statics	-
refs/heads/core-ambush-s3	9290e8a64caa8dfa2cc3c77b55a89675f1457f83	0	0	0	ancestor of baseline	feat(core): ambush arrival S3 + S5 — deployment::arrive_one with the Beacon pass	-
refs/heads/core-ambush-s3b	f8a8e35caf8a6e1e48927f98033c8dadb914bab9	0	0	0	ancestor of baseline	feat(core,trainer): ambush arrival S3b — the twin arrives its reserves	-
refs/heads/core-b14-bounding-recorder	2d5a97c455a4fd31574fcafb34fb9841cbd89309	0	0	0	ancestor of baseline	fix(core): traced: None on the remaining new Action literal after the merge	-
refs/heads/core-buff-bridge	e6223787c918c35abac2060249a39a862fbc1537	0	0	0	ancestor of baseline	docs(plan): B2b step log	-
refs/heads/core-cargo-workspace	a2ded3de0356d02d4cee98297f12728389332aa7	0	0	0	ancestor of baseline	build(core): one Cargo workspace for nml-core, nml-core-godot, nml-core-py (single lockfile, shared target)	-
refs/heads/core-cast-hero-fold	4a1e165ebb2829e8b81d15de8bbb45682506bc9e	0	0	0	ancestor of baseline	fix(core): cast_fold — a joined Caster hero can finally cast	-
refs/heads/core-consolidate-table	26804d51ba3559451898e5886c7ceebe789af169	0	0	0	ancestor of baseline	"feat(core): consolidate=table — the 3"" consolidation move after melee (W3, knob off)"	-
refs/heads/core-d8a-objectives	bf82a967653e0028cc4a61bcf99efaae9995f7b4	0	0	0	ancestor of baseline	"feat(core): D8a — rulebook-legal objective count and placement, seeded and identical on table and twin, behind objectives=""rulebook"" (NML-1073 M5 D8a)"	-
refs/heads/core-dangerous-end-morale	209eb1ef33a59077b338620710b1da1b1f49d49b	0	0	0	ancestor of baseline	feat(core): knob dangerous_end_morale — old corpora replay unchanged	-
refs/heads/core-deploy-interleaved	0b1155c39306d8c4007591635f7ee81c35ecb832	0	0	0	ancestor of baseline	refactor(core): deploy_side = deploy_begin + one deployment turn — S2a of the alternating-deployment rung	-
refs/heads/core-deploy-interleaved-api	e5adc9e695650029bafb22344dd9ad4222d4e475	0	0	0	ancestor of baseline	feat(core): deploy_interleaved — the rulebook's alternating deployment in the twin (S2b)	-
refs/heads/core-epoch-gates-by-recording-sha	ab7d7edb7e3701a6e0be2c05800b1df0649b1f5e	0	0	0	ancestor of baseline	core: epoch gates by recording sha — Lacerate stays at 4, Shred needs 5	-
refs/heads/core-eval-marker-majority	6a70a8a4d1fff00694e9ab874809690ddf008fb2	0	0	0	ancestor of baseline	feat(core): eval_variant=1 — the referee's marker rule in the hand eval (ledger row 7)	-
refs/heads/core-eval-variant-knob	554e80d698a5381fdbe3004b0643e772bff94c67	0	0	0	ancestor of baseline	feat(core): eval_variant header knob + eval_ab_one.py driver — evolved-eval lane step 1-2	-
refs/heads/core-explore-knob	cb339cf40ac969e2bf2b3f9a6cbc98cc1a3e4991	0	0	0	ancestor of baseline	feat(train): --explore — off-argmax picks from a dedicated stream, marked in the acts (policy wave)	-
refs/heads/core-fear-ev	84c461091e4f1a2362a46dc9bba6408346df9736	0	0	0	ancestor of baseline	fix(core): Fear(X) counted in the melee-result comparison on every path (W4)	-
refs/heads/core-fit-blend	fafe892579198d8e57dc39efc548545e81f56509	0	0	0	ancestor of baseline	feat(core): --fit-blend — the net:hand blend is a knob on the fast core (NML-1158a)	-
refs/heads/core-fix-modifier-distance	df93e7e1ec4055ef1bcf883ee359d7f1f9168053	0	0	0	ancestor of baseline	"fix(core): the over-9"" modifier gate measures centre-to-centre like the table — the edge gap stays range-validity only"	-
refs/heads/core-fix-unstoppable-mark	9f8333701c0ccfdcabab7bb4d0c40ba13cb72848	0	0	0	ancestor of baseline	fix(core): Unstoppable on the tray path follows the table's dice path — Unstoppable Mark carriers are not Unstoppable (found by #489)	-
refs/heads/core-hero-last-wounds	ce8eedf90549c79f1a019726ccad15e9829d39e1	0	0	0	ancestor of baseline	fix(core): hero_last — a combat intent aimed at a joined hero fights its HOST	-
refs/heads/core-knob-versatile-reach	c0177b5be2e6f5b11610f2442330fc64d5ed2cfe	0	0	0	ancestor of baseline	feat(core): legacy gate for Versatile Reach's charge bonus (Knobs::versatile_reach)	-
refs/heads/core-m2-0a-act-recorder	c159d489bc1870741b112e657ad24841a6352d85	6	0	0	ancestry differs; review required	fix(planner): the leaf stash is handed over, not parked — no live Callable survives into a script static, no teardown heap corruption (NML-1073 M2-0b, CI exit 134)	11216c4cdb57,27e635936589,691afee61577,84a58f24c2f8,c159d489bc18,e0fdd5c94b10
refs/heads/core-melee-reach-2in	1b94e7db0830f9f78052b600f3f1a4907b0655bf	0	0	0	ancestor of baseline	"feat(core): melee_reach=table — only models within 2"" strike (W2, knob off)"	-
refs/heads/core-melee-reach-table-default	074bd974a3fb25c06bf0a74274df414ab6de8edc	0	0	0	ancestor of baseline	core: melee_reach defaults to table for fresh games, legacy headers keep All (#635)	-
refs/heads/core-menu-shoot-los	58ad348ccc6d938406da48e19ee7c36719e10f55	0	0	0	ancestor of baseline	"feat(core): menu_los=""resolve"" — the shoot leg asks the resolve's whole question"	-
refs/heads/core-menu-target-units	20473308accd11c024c6516271b398913cd8c217	0	0	0	ancestor of baseline	Merge pull request #613 from DutchMaxwell/tools-pickfor-restore	-
refs/heads/core-menu-wide-advance-shoot	baccd10f62e616151c6c36a6d0fff3ed753ff015	0	0	0	ancestor of baseline	fix(core): Knobs::moved_shoot — the base core must resolve the deep seat's moving shot	-
refs/heads/core-mission-placements	17674e9a1f2d92063004d9e04f195333db07136d	0	0	0	ancestor of baseline	feat(core,py): mission R2 — deterministic marker placements on the twin	-
refs/heads/core-mission-tests	4e8982b5430d4e85377b0775007fa0b06760a212	0	0	0	ancestor of baseline	test(core): mission.rs scoring arms pinned (missions R0)	-
refs/heads/core-movement-act-knob	4cc3fa6222f411929a4715bb41c0e5c549ca430d	0	0	0	ancestor of baseline	Merge pull request #516 from DutchMaxwell/tools-move-call-gate	-
refs/heads/core-mv-gate-s5a	fc273fa17d8e52e9d542c83dccb523ef29590f0a	0	0	0	ancestor of baseline	feat(core): mv::gate finalize_placement passes 1-2 (bounds clamp, overlap push) — S5a	-
refs/heads/core-mv-gate-s5b	443ea92a22f8ba0ba27c5dff5bbb6ce33171997c	0	0	0	ancestor of baseline	feat(core): mv::gate pass 3 — terrain projection under displacement caps (S5b)	-
refs/heads/core-mv-gate-s5c	8cc1319c662c06b5717c166163219c77c4addab6	0	0	0	ancestor of baseline	feat(core): mv::gate pass 4 — the straggler coherency pull, bounded (S5c)	-
refs/heads/core-mv-gate-s5c2	ce9f18835489c79598a4fce3384f138d6a31ecfb	0	0	0	ancestor of baseline	feat(core): S5c-2 wall clamp + closing overlap push (position-solver ladder)	-
refs/heads/core-mv-plain-move	9648a48597bba3baf6bc5e5e66b3e5a0c196a550	0	0	0	ancestor of baseline	feat(core): mv::plain_move — S2 of the position-solver ladder	-
refs/heads/core-mv-s3-route-plain-move	8d095ddab10b471b9d36c3c875ee019b9957f06f	0	0	0	ancestor of baseline	feat(core): route non-charge moves through mv::plain_move behind movement=table — S3	-
refs/heads/core-mv-s6-collapse-ladder	d61c0b99a906b7487f24b4eae5acbb61b96402c8	0	0	0	ancestor of baseline	Merge origin/main into core-mv-s6-collapse-ladder (finalize_placement 6-arg call with terrain, ladder rungs too)	-
refs/heads/core-mv-s7-stall-escalation	a6f6f3057b6741da95d47528712ab6af0acaeff3	0	0	0	ancestor of baseline	feat(core): stall escalation after the p.11 cap in Move::execute — S7	-
refs/heads/core-mv-s8-escape	adbc1cfcac0b8500c02983fac7c5ab4aca28b100	0	0	0	ancestor of baseline	Merge pull request #567 from DutchMaxwell/core-mv-s7-stall-escalation	-
refs/heads/core-nodes	f82d2942a9e9bbebc528e56642e074dc8c450b6f	39	0	0	ancestry differs; review required	fix(core): node recorder writes JSON at full double precision (NML-1073 M1-0)	0dd4dced67c0,0fffe54c056f,1b980115b8f2,24e3813f27d0,279f01505f8c,30fd1d02eb72,35d00d7d0a29,364955df251f,37c7d033249c,3b38af10f59d,45e4d8c85209,4dab71cef122,501b6662de72,55705136352b,560b4aa388cf,6dea668cf69e,6ea229c8991f,6ef6eb6f4313,740e6e5a495c,754e8e642d27,7de529a6b2b7,8874d6ac8752,8bde4dcb4047,8c6ce35475df,9a133eac2b3d,a8e0f3dd0d9e,aabe6e7332cc,afced0f96ce5,c15eba9db12e,c220913c741e,c9003a078d2f,d7316025c6f4,dabd1da70b00,db593e7ef12e,df74ebb992bd,e58b9c40c889,e6f88f667b13,f338e0961aa9,f82d2942a9e9
refs/heads/core-outcome-gate	fffd8e30101883e9d5f484dd9594ae8bc6623c14	0	0	0	ancestor of baseline	feat(train): outcome gate — the twin replays whole recorded games from the deployment on the table's dice tape and is judged on the result (NML-1073 M5 D0)	-
refs/heads/core-policy-net	6977d9072c72b20e919c3223801bf30c64880728	0	0	0	ancestor of baseline	feat(core): policy.rs — net loader and per-candidate features, bit-identical to the dump (NML-1158b step 4)	-
refs/heads/core-policy-order	08107223af963ccb45723a211fe69c6ebe0b916c	0	0	0	ancestor of baseline	feat(tools): policy_gate.py — table==twin ORDER identity gate (NML-1158b step 7)	-
refs/heads/core-policy-tokens	3aec6d81d78d364383962965796d2da727708bad	0	0	0	ancestor of baseline	Merge pull request #555 from DutchMaxwell/core-mv-gate-s5c	-
refs/heads/core-policy-tokens-s	8a817a565bc74fa661e8940356e96ef04853e90e	0	0	0	ancestor of baseline	feat(core): objective/terrain/global/candidate tokens + policy_tokens export (Gen-0 §8 step 3a-ii)	-
refs/heads/core-py-aux-targets	0d3c2319a5c39278b52ac377ccf1d532e7891e55	0	0	0	ancestor of baseline	fix(selfplay): one planner call after the merge — cap core and cands together (the splice had two calls, the cap core was never used)	-
refs/heads/core-py-trace-cands	8bb441816467b3e1c807ca0a84fdc74c012b16ea	0	0	0	ancestor of baseline	Merge origin/main into core-py-trace-cands (play_game keeps record_cands and eval_variant args)	-
refs/heads/core-residual-eval	3ef23c4eef6d19469d5bba37cbea7ccee7896ee9	0	0	0	ancestor of baseline	feat(core): fit_mode=residual — the net adds a delta to the hand eval (NML-1158a)	-
refs/heads/core-rule-breath-attack	c5f708e6a7e0a60f7c47485fd48f854e3850957b	0	0	0	ancestor of baseline	feat(tools): dice_gate --only-rule generalizes past Mend's shape (block B3)	-
refs/heads/core-rule-growth-markers	6b8da4decaa1bb0ce891e09253ca36dec590a4a2	0	0	0	ancestor of baseline	fixup(core): gate the test-only GrowthRule import, dice_gate --only-rule + census consumption for block B7	-
refs/heads/core-rule-hit-and-run	2f639b031d106a7dd363bf7f909996283fd03bbc	0	0	0	ancestor of baseline	feat(core): Hit & Run — the free post-attack move resolves on the tray path (block B5)	-
refs/heads/core-rule-mend	2081177c2dfa0758c76ad58af767f1ec218f6228	0	0	0	ancestor of baseline	feat(core): Mend — the heal rule resolves on the fast core's tray path (block B1)	-
refs/heads/core-rule-natural-six	69925d71dc46ce1b56a9a25e8dd27eb961eba636	0	0	0	ancestor of baseline	tools(gate/census): block B6's own slot shape + honest Surge accounting	-
refs/heads/core-rule-quick-shot	d8d7e3aaf4179c347a196b1fdf4ef731565034c2	0	0	0	ancestor of baseline	Merge origin/main into core-rule-quick-shot (Hit & Run predicate keeps the Quick Shot RUSH arm)	-
refs/heads/core-rule-resistance	6199bd6055a19257243b06e52c71f5caed785c29	0	0	0	ancestor of baseline	Merge origin/main into core-rule-resistance (census dict + unit.rs test module, both sides kept)	-
refs/heads/core-rule-retaliate	b444b606175e69244fa92227eb4fae34fedf0025	0	0	0	ancestor of baseline	Merge origin/main into core-rule-retaliate (census dict + sim.rs test module, both kept)	-
refs/heads/core-rule-shot-modifier	a256c78d081da9f65634a226202dd7f8340cbecb	0	0	0	ancestor of baseline	fix(core): Stealth data-alias leg (Changebound et al.) — the real block B4 gate confound	-
refs/heads/core-rule-unpredictable-shooter	9c16043e934bacbca16157c0e3c7625048dedfdd	0	0	0	ancestor of baseline	Merge origin/main into core-rule-unpredictable-shooter (census dict + ctx_for regen/unpredictable blocks, both kept)	-
refs/heads/core-rule-utility-buff	03cb621fda5677140599cf51e720517c552e3be0	0	0	0	ancestor of baseline	feat(core): Re-Position Artillery — the movement half of Utility Buff resolves on the fast core's tray path (block B2a)	-
refs/heads/core-rule-vanguard	df92b9b69820db0879e956a6a09146547d099b2f	0	0	0	ancestor of baseline	feat(core): Vanguard deployment move — block B9 (place_in param + record_decision log line)	-
refs/heads/core-rules-epoch	40d0a2e4a9fb480b30656448b3451478771a9f69	0	0	0	ancestor of baseline	feat(core): rules_epoch — the class fix for rule ports with no legacy opt-out (external review 03.09. item 3 / F9)	-
refs/heads/core-rules-epoch-4	869e61cdf0e8588d8b9ab35d251ba526587d00d8	0	0	0	ancestor of baseline	core: rules epoch 4 (wave 2 gate)	-
refs/heads/core-rules-epoch-5	58c276e023e20138eaf65341363b8377a5b5f13c	0	0	0	ancestor of baseline	core: rules_epoch 5 — the wave-2 ports need EPOCH_5_TABLE_RULES	-
refs/heads/core-rules-epoch-7	bdbe38f9a08e116064065e5cd6c9aa9f29b7e14a	0	0	0	ancestor of baseline	docs(rules): F4's second name is registered too (#746)	-
refs/heads/core-rules-trio	ffc92e8b3d1aae4c21fbafb6a2f2f5ca41a592fd	0	0	0	ancestor of baseline	Merge pull request #585 from DutchMaxwell/tools-dice-gate-aura-shape	-
refs/heads/core-rust	14ef7af1f9dcaf9948472c15722ac8c28b00ad3b	50	0	0	ancestry differs; review required	fix(core): los_pairs rows are in CAPTURE order, not the recorded key order — matches the GDScript on the alien_hives/robot_legions corpus (NML-1073 M1-6)	0dd4dced67c0,0fffe54c056f,14ef7af1f9dc,1b980115b8f2,24e3813f27d0,26e0b36974e6,276c68b3368b,279f01505f8c,30fd1d02eb72,35d00d7d0a29,364955df251f,37c7d033249c,3b38af10f59d,45e4d8c85209,4755ab75b8af,4dab71cef122,501b6662de72,55705136352b,560b4aa388cf,6dea668cf69e,6ea229c8991f,6ef6eb6f4313,740e6e5a495c,754e8e642d27,7de529a6b2b7,8874d6ac8752,89b657ace38a,8bde4dcb4047,8c6ce35475df,9a133eac2b3d,9d67d44081b8,a47406441e4c,a75d7416dd28,a8e0f3dd0d9e,aabe6e7332cc,afced0f96ce5,b88ff207a78c,c15eba9db12e,c220913c741e,c793a0166368,c9003a078d2f,d7316025c6f4,d8becc5348f9,dabd1da70b00,db593e7ef12e,df74ebb992bd,e27b5c81aebf,e58b9c40c889,e6f88f667b13,f338e0961aa9
refs/heads/core-rust-m1-2	4755ab75b8af61ee94cdcd8138359a6dce095fec	42	0	0	ancestry differs; review required	feat(core): reply_threat + HOLD/ADVANCE resolve in Rust — rich-leaf score parity and shoot-node state parity (NML-1073 M1-2)	0dd4dced67c0,0fffe54c056f,1b980115b8f2,24e3813f27d0,279f01505f8c,30fd1d02eb72,35d00d7d0a29,364955df251f,37c7d033249c,3b38af10f59d,45e4d8c85209,4755ab75b8af,4dab71cef122,501b6662de72,55705136352b,560b4aa388cf,6dea668cf69e,6ea229c8991f,6ef6eb6f4313,740e6e5a495c,754e8e642d27,7de529a6b2b7,8874d6ac8752,89b657ace38a,8bde4dcb4047,8c6ce35475df,9a133eac2b3d,a47406441e4c,a8e0f3dd0d9e,aabe6e7332cc,afced0f96ce5,b88ff207a78c,c15eba9db12e,c220913c741e,c9003a078d2f,d7316025c6f4,dabd1da70b00,db593e7ef12e,df74ebb992bd,e58b9c40c889,e6f88f667b13,f338e0961aa9
refs/heads/core-rust-m1-3	26e0b36974e6479834a71cd56a4b845710b1339e	46	0	0	ancestry differs; review required	feat(core): the cast sub-phase in Rust — official pick order, targeting and effects (NML-1073 M1-3b)	0dd4dced67c0,0fffe54c056f,1b980115b8f2,24e3813f27d0,26e0b36974e6,276c68b3368b,279f01505f8c,30fd1d02eb72,35d00d7d0a29,364955df251f,37c7d033249c,3b38af10f59d,45e4d8c85209,4755ab75b8af,4dab71cef122,501b6662de72,55705136352b,560b4aa388cf,6dea668cf69e,6ea229c8991f,6ef6eb6f4313,740e6e5a495c,754e8e642d27,7de529a6b2b7,8874d6ac8752,89b657ace38a,8bde4dcb4047,8c6ce35475df,9a133eac2b3d,9d67d44081b8,a47406441e4c,a8e0f3dd0d9e,aabe6e7332cc,afced0f96ce5,b88ff207a78c,c15eba9db12e,c220913c741e,c9003a078d2f,d7316025c6f4,d8becc5348f9,dabd1da70b00,db593e7ef12e,df74ebb992bd,e58b9c40c889,e6f88f667b13,f338e0961aa9
refs/heads/core-rust-m1-4	f2f1c6bd5d185d029160f0e38731e0b3c6b545fc	48	0	0	ancestry differs; review required	bench(core): cast+spacing corpus and per-run spread (NML-1073 M1-4)	0dd4dced67c0,0fffe54c056f,1b980115b8f2,24e3813f27d0,26e0b36974e6,276c68b3368b,279f01505f8c,30fd1d02eb72,35d00d7d0a29,364955df251f,37c7d033249c,3b38af10f59d,45e4d8c85209,4755ab75b8af,4dab71cef122,501b6662de72,55705136352b,560b4aa388cf,6dea668cf69e,6ea229c8991f,6ef6eb6f4313,740e6e5a495c,754e8e642d27,7de529a6b2b7,8874d6ac8752,89b657ace38a,8bde4dcb4047,8c6ce35475df,9a133eac2b3d,9d67d44081b8,a47406441e4c,a75d7416dd28,a8e0f3dd0d9e,aabe6e7332cc,afced0f96ce5,b88ff207a78c,c15eba9db12e,c220913c741e,c9003a078d2f,d7316025c6f4,d8becc5348f9,dabd1da70b00,db593e7ef12e,df74ebb992bd,e58b9c40c889,e6f88f667b13,f2f1c6bd5d18,f338e0961aa9
refs/heads/core-rust-m1-5	e27b5c81aebf5a2f8771f1124baf40b532203ba0	49	0	0	ancestry differs; review required	feat(core): BattleSim.core_enabled() and the GDExtension parity gate (NML-1073 M1-5)	0dd4dced67c0,0fffe54c056f,1b980115b8f2,24e3813f27d0,26e0b36974e6,276c68b3368b,279f01505f8c,30fd1d02eb72,35d00d7d0a29,364955df251f,37c7d033249c,3b38af10f59d,45e4d8c85209,4755ab75b8af,4dab71cef122,501b6662de72,55705136352b,560b4aa388cf,6dea668cf69e,6ea229c8991f,6ef6eb6f4313,740e6e5a495c,754e8e642d27,7de529a6b2b7,8874d6ac8752,89b657ace38a,8bde4dcb4047,8c6ce35475df,9a133eac2b3d,9d67d44081b8,a47406441e4c,a75d7416dd28,a8e0f3dd0d9e,aabe6e7332cc,afced0f96ce5,b88ff207a78c,c15eba9db12e,c220913c741e,c793a0166368,c9003a078d2f,d7316025c6f4,d8becc5348f9,dabd1da70b00,db593e7ef12e,df74ebb992bd,e27b5c81aebf,e58b9c40c889,e6f88f667b13,f338e0961aa9
refs/heads/core-rust-m1-6	14ef7af1f9dcaf9948472c15722ac8c28b00ad3b	50	0	0	ancestry differs; review required	fix(core): los_pairs rows are in CAPTURE order, not the recorded key order — matches the GDScript on the alien_hives/robot_legions corpus (NML-1073 M1-6)	0dd4dced67c0,0fffe54c056f,14ef7af1f9dc,1b980115b8f2,24e3813f27d0,26e0b36974e6,276c68b3368b,279f01505f8c,30fd1d02eb72,35d00d7d0a29,364955df251f,37c7d033249c,3b38af10f59d,45e4d8c85209,4755ab75b8af,4dab71cef122,501b6662de72,55705136352b,560b4aa388cf,6dea668cf69e,6ea229c8991f,6ef6eb6f4313,740e6e5a495c,754e8e642d27,7de529a6b2b7,8874d6ac8752,89b657ace38a,8bde4dcb4047,8c6ce35475df,9a133eac2b3d,9d67d44081b8,a47406441e4c,a75d7416dd28,a8e0f3dd0d9e,aabe6e7332cc,afced0f96ce5,b88ff207a78c,c15eba9db12e,c220913c741e,c793a0166368,c9003a078d2f,d7316025c6f4,d8becc5348f9,dabd1da70b00,db593e7ef12e,df74ebb992bd,e27b5c81aebf,e58b9c40c889,e6f88f667b13,f338e0961aa9
refs/heads/core-s1-fixup2	72bbd805053a664e128e6cba6157ef3d4cabfc3e	4	0	0	ancestry differs; review required	test(ai): the teacher-row guards prove the menu offered the charge; the mismatch test can actually fail; docs follow S1b (NML-1073 S-wave review)	14081de18b5c,72bbd805053a,881726b17db6,c09fab1a0964
refs/heads/core-s1-spacing-charge	c538e3625b379ae1f66eeb9d79d828d0e11610f4	7	0	0	ancestry differs; review required	fix(ai): capture links joined heroes of imported armies by join_to_unit — the spacing exemption sees them (NML-1081, NML-1073 S1c)	08ada285b7e5,14081de18b5c,58bb279a8061,5f7609662603,881726b17db6,c09fab1a0964,c538e3625b37
refs/heads/core-s1c-join-link	566a4281d45c1d46daefee3e4b96f70409c41624	7	0	0	ancestry differs; review required	fix(ai): capture links joined heroes of imported armies by join_to_unit — the spacing exemption sees them (NML-1081, NML-1073 S1c)	08ada285b7e5,14081de18b5c,566a4281d45c,58bb279a8061,5f7609662603,881726b17db6,c09fab1a0964
refs/heads/core-search-cand-logits	72bd62af70d3914445ca7e41898b3ab865d6e363	0	0	0	ancestor of baseline	feat(core,py): plan_with_rollout cand_logits + policy_mode=order — the R4 seam (default off)	-
refs/heads/core-search-leaf-value	dafd3446662678bf8bc2e8e95a3d485f7442668f	0	0	0	ancestor of baseline	feat(core,py): leaf_value_fn — batched value-net scoring of the search's leaf states (R4, default off)	-
refs/heads/core-selfplay-deploy-interleave	6638acae666f8918649e0f8526298bc26a64916f	0	0	0	ancestor of baseline	"feat(core,trainer): deployment=""interleaved"" — the rulebook's turn order in the twin's pre-game (step 3)"	-
refs/heads/core-selfplay-model-los	9461f2d1375985e240ccb28c7adb98284fa1c9c0	0	0	0	ancestor of baseline	"feat(core): los=""model"" — self-play reads the table's per-model sight, on both seams"	-
refs/heads/core-sim-s10-dest-leftovers	b9f3680a5dc0f6a61eef6a3409f98ce213594b56	0	0	0	ancestor of baseline	feat(core): destination-side leftovers through plain_move — S10 (kite, goal stop; consolidate/separate follow-up)	-
refs/heads/core-sim-s11-hitrun-plain-move	27683106c57ed23132b6499c8c8ddc87bf4a5804	0	0	0	ancestor of baseline	feat(core): Hit & Run move through mv::plain_move — S11	-
refs/heads/core-spell-grants-rule	f5d699a25dc64802fa75d10a2a1e4ffc188c9e13	0	0	0	ancestor of baseline	feat(core): spells that grant a rule take effect until the end of the round (E2)	-
refs/heads/core-splitfire	901819541f12938f1c5911adc5aa17ef5ebf1404	0	0	0	ancestor of baseline	fix(core): the Godot bridge builds a pooled Action (split: None) — all three crates compile (NML-1150)	-
refs/heads/core-stage1-to-main	0bcef1405af16191154cb3072387891e2c5bb40f	2	0	0	ancestry differs; review required	feat(core): nml-core Rust crate — recorded-node parity, probe benchmark, optional GDExtension seam (NML-1073 M1) (#361)	0bcef1405af1,ef9c1627ea82
refs/heads/core-tests-mutant-killers	f911e4ede874057de8521eeeae5f643ac5bc036b	0	0	0	ancestor of baseline	test(core): mutant-killing tests for block-B rule functions (44/45)	-
refs/heads/core-tokens-terrain-live	bd86748edf4c048e30c068b42b89df5d75ea54e7	0	0	0	ancestor of baseline	feat(core): policy_tokens reads banked terrain live — 18/16 real rows instead of zeros	-
refs/heads/core/casualty-order	262210aa713341094da18abe5d2538bff8bebe36	1	0	1	all non-merge patches equivalent; merge content not assessed	core: the table's casualty order over the per-model kits, pinned to the table by a shared fixture (tray-exact S4)	262210aa7133
refs/heads/core/chain-casualty-order	51b35dcf72060d11ed3f0e214587e016a535fb31	3	0	2	ancestry differs; review required	wip: S6 test	262210aa7133,51b35dcf7206,8eb7f27b10c0
refs/heads/core/counter-heroes	d7be75e13153fdd5edae5eeac4d49a1afa167428	1	0	1	all non-merge patches equivalent; merge content not assessed	core: with tray_exact, a joined hero's Counter strikes first and cuts Impact; the charger's own Counter is no longer flagged (tray-exact tail)	d7be75e13153
refs/heads/core/dangerous-end-morale-flag	e7cf68e63339add36cf71da73992126575f29b5c	1	0	1	all non-merge patches equivalent; merge content not assessed	core: dangerous_end_morale flags the SKIPPED p.10 test, never the ported one (tray census)	e7cf68e63339
refs/heads/core/deadline-after-preselect	549f59fc2b6d983f710791dd7c205c495c85bab4	2	0	0	ancestry differs; review required	core: deadline_after_preselect restarts the allowance after the root preselection (GREEN step), py + godot bindings, deep seat kwarg	549f59fc2b6d,b0481f98ebce
refs/heads/core/deadline-pool	173afc8e0e0eee040189531effde87189369196d	1	0	1	all non-merge patches equivalent; merge content not assessed	core(plan): deadline_us on the pool search, measured from the planner call	173afc8e0e0e
refs/heads/core/deadline-tree	6a51414594edb53649b53b2bce75ba4baa7eb3d8	1	0	1	all non-merge patches equivalent; merge content not assessed	core(tree): deadline_us on the tree search, checked before every batch	6a51414594ed
refs/heads/core/deadline-us-knob	3da396263730e42bba458a724602f39d7c017a07	1	0	1	all non-merge patches equivalent; merge content not assessed	core(knobs): deadline_us — the decision allowance in microseconds (no behaviour yet)	3da396263730
refs/heads/core/deadly-true-tray	c21ab56aa32c8658a1dd159279972e03733ae8a4	2	0	0	ancestry differs; review required	core: the step-14 tree tests pin the decline path on the branches still flagged, never Deadly	a77e8cc89574,c21ab56aa32c
refs/heads/core/deadlyfix-hero-fold	50c41abd29f6cfc22c79b754f85c12dc2996829a	2	0	0	ancestry differs; review required	core: the arena hero fold hands every unit only its own models (EPOCH_69_HERO_FOLD, B8 root)	48409da52094,50c41abd29f6
refs/heads/core/guarded-over9	66cafad5cc12e7fbfd6b2bfb32acaa980ee73c03	1	0	1	all non-merge patches equivalent; merge content not assessed	core: with tray_exact, a Guarded defender charged from over 9 inches saves better against Impact and melee strikes (tray-exact tail)	66cafad5cc12
refs/heads/core/kits-aligned	7f3ee0e0292899e2089a51637380285443bf62aa	1	0	1	all non-merge patches equivalent; merge content not assessed	core: a model's kit leaves with the model, and a misaligned kits list is refused (tray-exact S1b)	7f3ee0e02928
refs/heads/core/kits-seam	82679a156c3e4fcbc8bb5e2bef595bda6d5b1016	1	0	1	all non-merge patches equivalent; merge content not assessed	core: the state carries each model's kit (weapons, equipment, Tough) for the casualty order (tray-exact S1a)	82679a156c3e
refs/heads/core/live-ledger-kwarg	49a9a762a2f162092c7aabf8272f79b0859ea33d	1	0	1	all non-merge patches equivalent; merge content not assessed	core(selfplay): live mission ledger in the planner state (live_ledger kwarg)	49a9a762a2f1
refs/heads/core/py-seam-path-reach	d133a3fe5b329e99f99e392b075c860777e7891f	1	0	1	all non-merge patches equivalent; merge content not assessed	core: the Python binding's search builds the path seam's index (seam_path was inert there)	d133a3fe5b32
refs/heads/core/rigid-dangerous-route	0da12c75676b5c47af80876d7193b3b4c258ddd6	2	0	0	ancestry differs; review required	core: the rigid Dangerous route waits behind a dormant seam, not a dormant epoch constant (CI epoch gate rule 4)	0da12c75676b,63921c692eb0
refs/heads/core/route-root-knob	37790bc4fef8547483bae4093394fb9d392128c9	1	0	1	all non-merge patches equivalent; merge content not assessed	core: a dormant route_root search knob routes the ROOT moves per model and keeps the playouts rigid	37790bc4fef8
refs/heads/core/route-root-plain-only	a9432ac29cb2b060a491852bb026855565170a82	1	0	1	all non-merge patches equivalent; merge content not assessed	core: a dormant Seams::plain_only limits the movement seam to the plain ADVANCE/RUSH routing	a9432ac29cb2
refs/heads/core/school-walls	4205d7ec59b70d0bd2f2506828c591c1bd44a709	2	0	0	ancestry differs; review required	feat(terrain): school boards can carry the table's walls (walls=1, default off)	4205d7ec59b7,bb5dc0b0745b
refs/heads/core/search-stream	480df7a61999ef69caca2aec8d3240211e37ceaa	1	0	1	all non-merge patches equivalent; merge content not assessed	core(selfplay): per-seat search stream for tree seats (search_seeds)	480df7a61999
refs/heads/core/seed-split	2ac1309ecebdf0d4a549ee70a07a37c651a1b63c	1	0	1	all non-merge patches equivalent; merge content not assessed	core(selfplay): split the game seed into layout, deploy and play seeds	2ac1309ecebd
refs/heads/core/surge-gates-flag	ea944aec8ffc59fe3948d7a068c2a7c44ed3dc29	1	0	1	all non-merge patches equivalent; merge content not assessed	core: a melee Surge is the table's 0.0-inch read and no longer flags surge_gates; only the Bloodthirsty low-window gap does (tray census)	ea944aec8ffc
refs/heads/core/trace-counters	733ac1bfc534310137c910a0faa2571738008aff	1	0	1	all non-merge patches equivalent; merge content not assessed	core(tree): trace counters and the planner-call clock on tree and pool picks	733ac1bfc534
refs/heads/core/trace-emit	ccdd812eb28ddc2f6592c822fa446c1615d75311	1	0	1	all non-merge patches equivalent; merge content not assessed	core(bindings): emit the tree counters and the pool deadline stamp	ccdd812eb28d
refs/heads/core/tray-exact-fold	71d5a8dc93abcb114c72173049fb36fb9178c2f0	5	0	5	changed files differ; may include obsolete versions	core: with tray_exact, a Takedown names its pick and the save it rolls instead of declining (tray-exact S10)	51f281e19f74,71d5a8dc93ab,c6650737250e,c7bfdef1808e,cb5970a2445c
refs/heads/core/tray-exact-local	3bc91563f53238426bee16bbd191d316d6d907a8	1	0	1	changed files match baseline; already integrated	core: with tray_exact, a Takedown names its pick and the save it rolls instead of declining (tray-exact S10)	3bc91563f532
refs/heads/core/tray-exact-local-pre-fold	22cd73cf4a62468c3e30bb98ca650d8e4f61dceb	6	0	3	changed files differ; may include obsolete versions	core: with tray_exact, a second Takedown profile saves on its own re-pick's square instead of declining (tray-exact S10b)	22cd73cf4a62,51f281e19f74,560ab7b9414f,7aabb5019b11,9b533ff8aba2,cb5970a2445c
refs/heads/core/tray-exact-s10	3bc91563f53238426bee16bbd191d316d6d907a8	1	0	1	changed files match baseline; already integrated	core: with tray_exact, a Takedown names its pick and the save it rolls instead of declining (tray-exact S10)	3bc91563f532
refs/heads/core/tray-exact-s11	dadbc36934964e231c577d1c90621328dfe97b28	1	0	1	changed files differ; may include obsolete versions	core: epoch 70 turns the tray-exact series on for every fresh game (tray-exact S11)	dadbc3693496
refs/heads/core/tray-exact-s11-climb	dadbc36934964e231c577d1c90621328dfe97b28	1	0	1	changed files differ; may include obsolete versions	core: epoch 70 turns the tray-exact series on for every fresh game (tray-exact S11)	dadbc3693496
refs/heads/core/tray-exact-s11-old	2f11976e0e76f5273e2f4cec26cb20dd96248738	9	0	4	changed files differ; may include obsolete versions	core: epoch 70 turns the tray-exact series on for every fresh game (tray-exact S11)	2e6417c42de1,2f11976e0e76,695a9a574e84,7a0ed0054e2e,813e0bc589be,bd3e73bc5994,cd200dfd5d76,d53ceef26141,fbfc844c4f20
refs/heads/core/tray-exact-s11-rust	5280f9590cd189d570b04b141be9d0a4d5fb6894	1	0	0	changed files differ; may include obsolete versions	core: epoch 70 turns the tray-exact series on for every fresh game (tray-exact S11)	5280f9590cd1
refs/heads/core/tray-exact-s5	813e0bc589be47681ba2796df49b1666b944daf7	1	0	1	changed files differ; may include obsolete versions	core: the table's chain-keeping casualty order, pinned to the table by the shared fixture (tray-exact S5)	813e0bc589be
refs/heads/core/tray-exact-s6	cb5970a2445cec997406060492048c32f78c1950	1	0	1	changed files differ; may include obsolete versions	core: with tray_exact, casualties come off in the table's chain order — plain wounds and the Deadly pick (tray-exact S6, dormant)	cb5970a2445c
refs/heads/core/tray-exact-s7	3b008caa270a9ca0e79a53db5f36f0bd62294868	1	0	1	changed files differ; may include obsolete versions	core: with tray_exact, a Takedown volley lands on the target's most valuable model only, in the table's landing order (tray-exact S7)	3b008caa270a
refs/heads/core/tray-exact-s8	eb6c8455c00075b10f1d2a750d88209de3dc7c11	1	0	1	changed files differ; may include obsolete versions	core: with tray_exact, a Takedown shot resolves as a unit of one - Blast onto one model, cover of its pick's own square (tray-exact S8)	eb6c8455c000
refs/heads/core/tray-exact-s9	ad04e0810bff55775e20e250456d49d7b17d94f5	1	0	1	changed files differ; may include obsolete versions	core: with tray_exact, a melee Takedown lands on the target's most valuable model only and counts what it landed (tray-exact S9)	ad04e0810bff
refs/heads/core/tray-playout	8022a33481c1f344728071d6b26cda5733ee8045	1	0	1	all non-merge patches equivalent; merge content not assessed	core(tree): true-tray Terminal playout under tree_dice tray	8022a33481c1
refs/heads/core/tree-step13-game-wiring	7149cbeb54f2f13489bae3715bb29daab7e233f4	1	0	1	all non-merge patches equivalent; merge content not assessed	core(tree): step 13 game-side wiring of the tree search knobs	7149cbeb54f2
refs/heads/core/tree-step14-treebench	0b5a3f151b2404cf88226c6b4db7b39460defc0d	1	0	1	all non-merge patches equivalent; merge content not assessed	core(tree): step 14 treebench bin	0b5a3f151b24
refs/heads/core/tree-step3-walk	551ae351c519a86e3c1229b8e16927985fe69183	1	0	1	all non-merge patches equivalent; merge content not assessed	core(tree): step 3 node model and the activation walk	551ae351c519
refs/heads/core/tree-step4-leaf	84cfa17ec8c7652dee30f123bd0e2ee8cdd83e66	1	0	1	all non-merge patches equivalent; merge content not assessed	core(tree): step 4 leaf modes	84cfa17ec8c7
refs/heads/core/tree-step5-chance	323c25e86349ac725ab81748749326b09293e308	1	0	1	all non-merge patches equivalent; merge content not assessed	core(tree): step 5 chance edges	323c25e86349
refs/heads/core/tree-step5b-dangerous-flag	b4d74e9e7b90c46b0b96d61567e826bf2dffda66	1	0	1	all non-merge patches equivalent; merge content not assessed	core(sim): step 5b flag dangerous_rigid_end_only only where the route meets Dangerous	b4d74e9e7b90
refs/heads/core/tree-step6a-expand	2204ae577706122f32ee17345937d730aca17733	1	0	1	all non-merge patches equivalent; merge content not assessed	core(tree): step 6a expansion and child order	2204ae577706
refs/heads/core/tree-step6b-run	e2ea1efd601fc5dd7b249e77c9ee6dac3c73da86	1	0	1	all non-merge patches equivalent; merge content not assessed	core(tree): step 6b selection, backup, pick	e2ea1efd601f
refs/heads/core/tree-step6c-widen	4cc3c7112b4ce9a43b7ec69f68a269927f7a76ac	1	0	1	all non-merge patches equivalent; merge content not assessed	core(tree): step 6c widening-rate knob	4cc3c7112b4c
refs/heads/core/tree-step7-wire	5d7c85a521083770988e08c315f57ac648cbf9b9	1	0	1	all non-merge patches equivalent; merge content not assessed	core(tree): step 7 wire the tree into Search::run	5d7c85a52108
refs/heads/core/tree-step8-deadline	63998b3aef02d511e7e2666daff3e297a1749958	1	0	1	all non-merge patches equivalent; merge content not assessed	core(tree): step 8 deadline and replay seam	63998b3aef02
refs/heads/coreship/pr1-linux-export	487450f0ff7b5f8ab41ed2e5aaba2416df4ed5f5	0	0	0	ancestor of baseline	build(export): strip the shipped NmlCore .so, keep its debug symbols	-
refs/heads/coreship/pr2-windows-export	707aaf3e6f94ab3465a7ebebe220f2fa13e70d28	0	0	0	ancestor of baseline	build(export): strip the shipped Windows DLL in CI, keep its debug file	-
refs/heads/d-magic-2b-castev-table	946e3e5946398a3624edff06c5195a81b3a7f4c2	5	0	0	ancestry differs; review required	test(solo): defer the debuff pin — CI measures 1/3 where the hand number said 2/3	946e3e594639,c0f0f084305d,dc725b79876a,fd1547887f65,ff2edb213096
refs/heads/d-magic-step4-cast-move-pricing	258a7181a81ad2d0456cff269fc02e6c5b34fb3b	1	0	1	all non-merge patches equivalent; merge content not assessed	D-MAGIC step 4: cast_ev_of prices movement modifier spells by charge-reach / shooting-range EV	258a7181a81a
refs/heads/d5b-seam	b54eff4cea0102d3d2f44ceff92778792bb048d0	2	0	2	all non-merge patches equivalent; merge content not assessed	missions(D5b): the zone shape through the Python seam and selfplay	723d80cfabb3,b54eff4cea01
refs/heads/d5c-table	2fd81935a43196283331381eba335c5ca43d67a4	3	0	3	all non-merge patches equivalent; merge content not assessed	missions(D5c): table keeps AI deployment and cleanup inside the zone shape	2fd81935a431,723d80cfabb3,b54eff4cea01
refs/heads/d7d2-core	f493e93c01c10478588e3de34b4a224e084e536d	1	0	1	all non-merge patches equivalent; merge content not assessed	missions(D7d-2): a phase may carry its own distance gates (core)	f493e93c01c1
refs/heads/data/table-aura-primitives	375952141eb851fda1716ced440ba938451d235e	1	0	1	all non-merge patches equivalent; merge content not assessed	data(rules): register priority aura channels with reproducible slices	375952141eb8
refs/heads/data/table-aura-slices	faf1c41074cdb034b4081f5a236aaf9a3fb46d76	0	0	0	ancestor of baseline	data(rules): register priority aura channels with reproducible slices (#715)	-
refs/heads/dead-centre-guards-pr	f01aab1aaba6e3dcea7214e5fd66fc1d5deb3653	1	0	1	all non-merge patches equivalent; merge content not assessed	fix(game): ignore destroyed units at table-centre callers	f01aab1aaba6
refs/heads/deadly-rebased	bc1113d454cbf58ea1d2a451b48791f041ecbab4	5	0	0	ancestry differs; review required	clippy: silence the leg fns' arg-count finding, reflow the two leg docs	3f427b414671,8f145b47edc6,b2dd9612bd1c,bc1113d454cb,c9ad7ce39d9a
refs/heads/deploymirror-wave6	64047a50bacb13217bd3da83f8ea3d8184b4d2ac	1	0	0	ancestry differs; review required	test(deploy): RED fixtures for DEPLOYLARGE whole-zone respot and DEPLOYCOH zone/table-edge gates	64047a50bacb
refs/heads/diag/776-main	026f10919b48e14af9aa1f28b5d0dc319f8f5669	4	0	0	ancestry differs; review required	diag(776): rebuild main-branch parity hook on pristine main tool	026f10919b48,4a7b2e015232,7de2a156da9b,cb01d463bd1c
refs/heads/diag/776-pr	416cec0abcf9c59c81fc4ce939d2f33636c0d3a0	2	0	0	ancestry differs; review required	diag(776): let NML_DIAG776 survive run_godot's NML_* env strip	416cec0abcf9,dcad8f9af697
refs/heads/diag/pr6	12ac45adfc1f774a0df19681963e372189f73bdd	4	0	0	ancestry differs; review required	diag(pr6): fix GDScript row build (no comprehensions) + relay Godot log on failure	12ac45adfc1f,6766adc4d722,a2819be8344e,c424a9d6958b
refs/heads/dmagic5-pin-log-spell-grants	fd7ff05ee9ed3e36d372f82c386a7d27b05a5ffe	1	0	1	all non-merge patches equivalent; merge content not assessed	D-MAGIC step 5: pin and log the shipped spell-grant landing (no epoch)	fd7ff05ee9ed
refs/heads/docs-charge-slot-comments	57672daa0e3f2867455ed327799746dd03b970ee	0	0	0	ancestor of baseline	docs(core): charge_contact_slots tie-break exists on both sides since 023e3e28 — fix stale comments	-
refs/heads/docs-table-parity-audit-c	713cae3e2dff66e09c85f76db5326bb5e5172bac	0	0	0	ancestor of baseline	docs(table): parity audit C — six core ports (#783/#787/#790/#800/#797/#793) all RESOLVE on the table	-
refs/heads/docs-table-parity-b	446fdfd495e9e12458c4d86d819eb75d2ba1b107	0	0	0	ancestor of baseline	docs(plans): table-side parity audit B — 19 wave-4 family names vs the table	-
refs/heads/docs-truth-pass-sept	0e00c819e3048e643ad63bd3ce89752c11d3f7db	0	0	0	ancestor of baseline	docs: truth pass — python tests live in core/nml-core-py, CHANGELOG gains [Unreleased] for the 141 merges since 0.3.12.0-alpha	-
refs/heads/docs/0.3.13-menu-delta	083568359682a3169c5b8cfd287b540670a47200	7	0	0	ancestry differs; review required	docs(privacy): the opening paragraph knows the in-memory collector and the last-game export	083568359682,0a1b21a05628,0c7f708646f0,4c3f9b7abdbd,78305274ccd8,a98262ad5af5,a9ac1253dd80
refs/heads/docs/ai-rollout-workflow-2026-09-04	2ecc7ce584658d61aa5a7caeb0912a00d0316ae7	0	0	0	ancestor of baseline	docs(plan): AI iteration rollout workflow	-
refs/heads/docs/changelog-0922-night	6e029fd902d968c68ae6127fb6c094bdf46c6b1f	1	0	1	all non-merge patches equivalent; merge content not assessed	changelog: tonight's fixes (#1068 #1071 #1072 #1073) + two stale entries (dormant core, 'this PR')	6e029fd902d9
refs/heads/docs/docsnow-stale-claims	bcaa017daf7215e18da110bdb754f79975c940cd	1	0	1	all non-merge patches equivalent; merge content not assessed	"docs: the difficulty ladder is on main, and the roadmap ""Now"" matches the release line"	bcaa017daf72
refs/heads/docs/feat-design-note	2a921d8897e9cf3110e99e5eb873ce7d5009eb09	0	0	0	ancestor of baseline	docs(plans): once-per-game feat primitive — design note for 5 wave-5 names	-
refs/heads/docs/macos-core	a30600c9d27c4abb8436768a5dc6db8b31e62947	1	0	0	ancestry differs; review required	docs: macOS carries the rules core — HOLD until the export-macos proof job is green (board D40)	a30600c9d27c
refs/heads/docs/release-0925-truth-pass	6411a08e798243af1f0160a5297b93eff6b8f0f8	13	0	0	ancestry differs; review required	docs(known-issues): name the two German start-menu labels	0abe3ab713ff,1fa62919dbc4,6411a08e7982,6a825b03c8e8,87841b09fc2a,c5a0a9609821,c880db104787,d0bc9657c411,e7b2462a0d39,f15162c2f68a,f1bcdcace313,f3ebf114b99f,feab5d94dcb9
refs/heads/docs/release-delta	0db6e0d9b9d2c50cebfaf3d4c6238a8cfecb7731	17	0	0	ancestry differs; review required	docs(privacy): the opening paragraph knows the in-memory collector and the last-game export	0db6e0d9b9d2,135c1fafdf3f,1a191428f0c6,2897df4d0d6b,4821d4726c56,4a30f6c9fd5c,4c7d763e51e9,4eeb12ce97e0,53347b8f9404,5dc179f4f78b,8b7b5d29b0b6,956aa632582e,9df38df11a6b,a19f0afe7adc,d70e78bef3f3,e22ece49e9d0,f935edef5bb1
refs/heads/docs/spell-conduit-design	8d7562338d3c0ce70b080115694a780dc0ccab27	0	0	0	ancestor of baseline	docs(plans): Spell Conduit — design note for the spell-origin substitution (table + core)	-
refs/heads/docs/table-parity-d	75659c993db757b0a1a755664a68220bff340743	0	0	0	ancestor of baseline	docs: table-side parity audit D — Sturdy, Surprise Attack burst, Reinforcement order, Fear melee fold, 812 table rule	-
refs/heads/docs/teleport-design-note	766fafc2820d23864b20d6ae5ba92af221e7a9bc	0	0	0	ancestor of baseline	docs(plans): Teleport / Ethereal — design note for the discretionary reposition (table + core)	-
refs/heads/encoder-vocab-v8	319219dbc9179ae26b3afb1c964cf7e0f6af09ac	0	0	0	ancestor of baseline	feat(encoder): vocab v8 — append the 16 names ported since v7 (unit2 slots 1001-1016)	-
refs/heads/epoch-gate-pin-constants	0b4ab4906db1202d6778f9c5fcba7d7be3f9bb26	2	0	0	ancestry differs; review required	epoch gate: accept leg pins only by frozen constant or test name	0b4ab4906db1,38b358741993
refs/heads/epoch9-mark-gate	d3f51c6626ea52ecdd183fe4b055b17e2da303af	0	0	0	ancestor of baseline	feat(rules): rules epoch 9 — the Mark grants switched on by #870 apply from epoch 9	-
refs/heads/ev-live-grants-ctx	7b177123991427a10f036448ec7f5497dd366067	4	0	0	ancestry differs; review required	EV live grants: adapt evmove's test calls to the arms' epoch argument	0df2696e2569,117becf46f8c,67d019baf832,7b1771239914
refs/heads/ev-move-grants	92e40e041006aa7e35bcf0d1b4db92feb4e9dafe	2	0	0	ancestry differs; review required	evmove: the evaluator's band reads fold the live move-grant delta	92e40e041006,d57f93407da7
refs/heads/ev-terrain-debuff-gap-math	2ad49c6661d0a90c6fd3a04f50611a1a37b5b825	1	0	1	all non-merge patches equivalent; merge content not assessed	Planner EV reads the carried terrain debuffs: Difficult caps the band read, Dangerous prices the dice/6 charge loss	2ad49c6661d0
refs/heads/eval0924/astra-spells	6da3aed7903ab33f14665eaf88666dbcc7aaa7b5	1	0	0	ancestry differs; review required	Restore saved spell lists and clear session metadata	6da3aed7903a
refs/heads/eval0924/fable-spells	9a7797dcc382e8446a78739b2e727b281fcf121d	1	0	1	all non-merge patches equivalent; merge content not assessed	fix(save): a loaded save restores the casters' faction spell lists	9a7797dcc382
refs/heads/eval0924/haiku-spells	8e3a87e2b00011c79536910fbc0ba08886640abb	1	0	0	ancestry differs; review required	fix(save-load): restore player spell lists after loading a save	8e3a87e2b000
refs/heads/eval0924/luna-spells	3de6a333ca06c78f9a8ca7274045407f15fa1dad	1	0	0	ancestry differs; review required	Fix spell lists missing after save load	3de6a333ca06
refs/heads/eval0924/opus-spells	56d431231393e10a034e0bc930706b82d81aa2fe	1	0	0	ancestry differs; review required	fix(save): a loaded save restores the casters' spell lists	56d431231393
refs/heads/eval0924/sol-spells	8c26e4a9d06b3f5d2832aef6fd25823773bb5a14	1	0	0	ancestry differs; review required	Restore caster spell lists on save load	8c26e4a9d06b
refs/heads/eval0924/sonnet-spells	f0181784c929951b7adfffcf7c04689ff34af8a1	1	0	0	ancestry differs; review required	fix(save): a loaded save restores the faction spell lists, and clearing the table drops the cache	f0181784c929
refs/heads/eval0924/terra-spells	6df37a890ee4048b904fa85be9c78c799a08ffbe	1	0	0	ancestry differs; review required	fix(save): restore caster spell lists on load	6df37a890ee4
refs/heads/evfloor-step1	73d7996b6d0e5fa51ee9f8a087ffcf27835da263	2	0	0	ancestry differs; review required	ev: to-hit follows the modifier sum (evfloor step 1, GREEN)	13a75ee7df43,73d7996b6d0e
refs/heads/evfloor-step2	a296f9c30696fd81cb0c5fd780515662b15b78de	2	0	0	ancestry differs; review required	ev: the record's epoch stamps the sum flag at static build (evfloor step 2, GREEN)	2632344f47c1,a296f9c30696
refs/heads/evfloor-step3	4689254d0db51b5cf65dcbe0cd7e5bf35257fd9f	3	0	1	ancestry differs; review required	py: the EV resolve follows the record's epoch (evfloor step 3)	2632344f47c1,4689254d0db5,a296f9c30696
refs/heads/evo-g1-c0	30358da4cd4abb08f3f46de068dc66d233ca051d	1	0	0	ancestry differs; review required	evo(gen1): candidate 0 -- unheld markers tilt by approach distance	30358da4cd4a
refs/heads/evo-g1-c1	af601a5980fb9e5d3ec80b5e7643cdec2e015d2d	1	0	0	ancestry differs; review required	evo(gen1): candidate 1 -- proximity-graded seize fallback for unreachable markers	af601a5980fb
refs/heads/evo-g1-c2	aeebb7b2cbb4ebcb833d6696cc65b780aeec0644	1	0	0	ancestry differs; review required	evo(gen1): candidate 2 -- price the march: presence scales reply threat by trip length	aeebb7b2cbb4
refs/heads/evo-g1-c3	ad237fd70cabba9b8e20e72f32f3b26a65b5fd9a	1	0	0	ancestry differs; review required	evo(gen1): candidate 3 -- charge reply fire for every transit round, not just the first	ad237fd70cab
refs/heads/evo-g1-c4	51c1b267e8b84f5f9bb38e83bf2b20e30f7441ca	1	0	0	ancestry differs; review required	evo(gen1): candidate 4 -- contest reachable zero-hold markers instead of owner-locking them	51c1b267e8b8
refs/heads/evo-g1-c5	8c9cd8d82e7ffaf3fbac7b1efd01943967856660	1	0	0	ancestry differs; review required	evo(gen1): candidate 5 -- melee replies join the reply-wounds ledger	8c9cd8d82e7f
refs/heads/evo-g1-c6	b6ef7b9488100742c3abf2586ac5b83c92e3535e	1	0	0	ancestry differs; review required	evo(gen1): candidate 6 -- blend no-presence markers toward contested by nearest enemy gap	b6ef7b948810
refs/heads/evo-g1-c7	22783177f8f357027755030634970acc65872f11	1	0	0	ancestry differs; review required	evo(gen1): candidate 7 -- trip attrition: runners pay reply wounds per travelling round	22783177f8f3
refs/heads/evo-g2-c0	580b621a3f7bc5790678ff515f0ea169ddfdb3a0	1	0	0	ancestry differs; review required	evo(gen2): candidate 0 -- melee replies discount presence at markers	580b621a3f7b
refs/heads/evo-g2-c1	175173091352fa9bdefbb096b2e04f7b7371d7dc	1	0	0	ancestry differs; review required	evo(gen2): candidate 1 -- score unheld markers by discounted claim race, not owner lock	175173091352
refs/heads/evo-g2-c2	78b7f75bd4409d5cc13f5399073053cd420c7a7b	1	0	0	ancestry differs; review required	evo(gen2): candidate 2 -- soften seize rule: a bare-owned marker leans 0.75, not locks 1.0	78b7f75bd440
refs/heads/evo-g2-c3	e640dcae06f7ec046a12a310907d7b0e805685b5	1	0	0	ancestry differs; review required	evo(gen2): candidate 3 -- trip-exposure presence: reply wounds charged per travel round	e640dcae06f7
refs/heads/evo-g2-c4	590c44e03c7009149c1d8f5db4e130b2202a70f7	1	0	0	ancestry differs; review required	evo(gen2): candidate 4 -- bare markers keep only a soft owner edge (v205)	590c44e03c70
refs/heads/evo-g2-c5	4bf19af9a2d82687a2bf3f11b8214ba19ad1e737	1	0	0	ancestry differs; review required	evo(gen2): candidate 5 -- trip-survival discount: presence fades hold strength by reply fire expected before arrival	4bf19af9a2d8
refs/heads/evo-g2-c6	761028d5fa340fa6031d1f59baca8c98b192eb6c	1	0	0	ancestry differs; review required	evo(gen2): candidate 6 -- vacant objective markers score as contested, not owner-locked	761028d5fa34
refs/heads/evo-g2-c7	38fe888f98fa592306ff43082ae2ba7c032e7a3b	1	0	0	ancestry differs; review required	evo(gen2): candidate 7 -- price melee replies into the threat term	38fe888f98fa
refs/heads/evo-g3-c0	1dbcf5635875b17fec87785041907de5abf845a2	1	0	0	ancestry differs; review required	evo(gen3): candidate 0 -- discount presence for surviving the trip to a marker	1dbcf5635875
refs/heads/evo-g3-c1	19eef576a2855f197ba19bf8cbd2a5375feff8d3	1	0	0	ancestry differs; review required	evo(gen3): candidate 1 -- survival-discounted presence: marchers under fire fade from marker control	19eef576a285
refs/heads/evo-g3-c2	edd5913ee79c6c6d36c1c033581ff79e1905d01c	1	0	0	ancestry differs; review required	evo(gen3): candidate 2 -- presence discounted by odds of surviving the approach	edd5913ee79c
refs/heads/evo-g3-c3	a6b96c07e0052a622c3bebdab7d335905bf7c3e7	1	0	0	ancestry differs; review required	evo(gen3): candidate 3 -- trip attrition: en-route presence decays by threat-derived survival per exposed round	a6b96c07e005
refs/heads/evo-g3-c4	db50cdf2c1df75c83f4dc98190f10ca8cfb5e90a	1	0	0	ancestry differs; review required	evo(gen3): candidate 4 -- sharpened grip at the markers	db50cdf2c1df
refs/heads/evo-g3-c5	ffbe5637a2f79e5277ac415fcdc2d3f2ae0e6aed	0	0	0	ancestor of baseline	Merge pull request #538 from DutchMaxwell/core-mv-s6-collapse-ladder	-
refs/heads/evo-g3-c6	320d8eff515dce4360972fb2598980530fc93a5c	1	0	0	ancestry differs; review required	evo(gen3): candidate 6 -- contest markers nobody can hold instead of gifting them to the owner	320d8eff515d
refs/heads/evo-g3-c7	3931e5b9979013ee0617e5630b01ad0775339c14	1	0	0	ancestry differs; review required	evo(gen3): candidate 7 -- discount projected objective presence for surviving the trip	3931e5b99790
refs/heads/evo-g4-c0	eb5821de4dc42175aa4b2307638e10220d7e5fdc	1	0	0	ancestry differs; review required	evo(gen4): candidate 0 -- trip-survival discount on marker presence	eb5821de4dc4
refs/heads/evo-g4-c1	402940dae3f164048e15078882f6c43a41ddba02	1	0	0	ancestry differs; review required	evo(gen4): candidate 1 -- travel-continuous presence at markers (v402)	402940dae3f1
refs/heads/evo-g4-c2	5895750a718b83fdf46f34128e8f4da62c842d18	1	0	0	ancestry differs; review required	evo(gen4): candidate 2 -- score empty uncontested markers by approach proximity	5895750a718b
refs/heads/evo-g4-c3	2decce618e506f770e51512a6e37f6fa0ff88145	1	0	0	ancestry differs; review required	evo(gen4): candidate 3 -- survival-discount march-in presence by reply attrition	2decce618e50
refs/heads/evo-g4-c4	9df7e15d0819c179bb8fd10dec7e67e36a697fdf	1	0	0	ancestry differs; review required	evo(gen4): candidate 4 -- contest unheld markers instead of locking them	9df7e15d0819
refs/heads/evo-g4-c5	390e4053ac35cadec83d732a84a1b2dd73d915d7	1	0	0	ancestry differs; review required	evo(gen4): candidate 5 -- survival-discount presence: units must live to reach the marker	390e4053ac35
refs/heads/evo-g4-c6	b0d481e8ba51d97b36fd81b11fbb3cf39041546d	1	0	0	ancestry differs; review required	evo(gen4): candidate 6 -- melee pressure at markers (eval_variant 407)	b0d481e8ba51
refs/heads/evo-g4-c7	fc7c61053ad4a56ce1d6f76d42930fc15ed26b63	1	0	0	ancestry differs; review required	evo(gen4): candidate 7 -- discount presence by trip-survival odds	fc7c61053ad4
refs/heads/f12-registry-stamp	433940563ceee40d96a17b79061332cd4b90a2b4	0	0	0	ancestor of baseline	fix(recorder): stamp WHICH mechanics registry answered into the act header (F12)	-
refs/heads/f4fix-deploylarge-epoch	95fa11bcf305503e193c3e30545b730afe9013ca	2	0	0	ancestry differs; review required	fix(core): gate the large-base respot behind EPOCH_64_DEPLOY_LARGE_RESPOT; replays deploy at the record's epoch	926e87ff5ce5,95fa11bcf305
refs/heads/f4fix-gen1-hash	cd7d26f108a54671fda65655a48b389838f14cfd	3	0	1	ancestry differs; review required	test(tools): gen1's old-record shard check compares against the pre-fix labelling in the same tree, not a hand-pinned sha256	926e87ff5ce5,95fa11bcf305,cd7d26f108a5
refs/heads/f4fix-narrator-epoch	6080f2fdb2b6899b994617fa218a410777f1bab6	2	0	0	ancestry differs; review required	fix(tools): the narrator merges knobs through replay_knobs, which reads an unstamped record's epoch off core_build	158d2d0ef2c0,6080f2fdb2b6
refs/heads/f4fix-weapon-bane-regen	096f01fb14d8bdf597788a718431c1804b99ff65	2	0	0	ancestry differs; review required	fix(core): a weapon-printed Bane keeps its Regeneration bypass at every epoch	096f01fb14d8,1b4543d52607
refs/heads/fantasytable/core-shelf-box	d782d2d842dce11d3961b5aa11ed482b16af281d	2	0	0	changed files differ; may include obsolete versions	core: a free shelf piece is an upright box sight volume (port of VolumetricLos box math)	d782d2d842dc,f91f3ec2be72
refs/heads/fantasytable/deleted-terrain-rules	ed9167a79c5604c32d3f73d773c39c1103828c19	2	0	0	changed files match baseline; already integrated	fix(terrain): a deleted free piece leaves the rules and the ground until undone	a3e0d42361eb,ed9167a79c56
refs/heads/fantasytable/free-pieces-rules	ca167689d624d747000ca748cf76b6315baf9f18	2	0	0	changed files differ; may include obsolete versions	fix(terrain): free shelf pieces count in every game, not only with a Solo AI	95b96aabdb36,ca167689d624
refs/heads/fantasytable/refuse-painted-drop	d26441381baff496b932f6f7c83e051c536810ef	2	0	0	changed files differ; may include obsolete versions	feat(terrain): a free piece dropped onto painted grid terrain goes back to its start	567b0d168123,d26441381baf
refs/heads/fantasytable/shelf-sight-fixture	a9966d95ae8627a4e8adc0948fd9b417eb4bc361	2	0	0	changed files match baseline; already integrated	test(terrain): 1,000 seeded sight lines against free shelf pieces, the table's verdicts	544fe0ccaf21,a9966d95ae86
refs/heads/fantasytable/shelf-sight-parity	d782d2d842dce11d3961b5aa11ed482b16af281d	2	0	0	changed files differ; may include obsolete versions	core: a free shelf piece is an upright box sight volume (port of VolumetricLos box math)	d782d2d842dc,f91f3ec2be72
refs/heads/fantasytable/shelf-sight-replay	11756b6aab2fe87c95e4850b0819a8ff04597534	1	0	1	changed files differ; may include obsolete versions	test(core): free shelf piece sight agrees with the table on 1,000 cases	11756b6aab2f
refs/heads/fantasytable/shelf-sight-seam	f987177e0a3384df078787b2d53c10fdd7e0e4b0	2	0	0	changed files differ; may include obsolete versions	core: free shelf pieces in sight behind the dormant Seams::shelf_sight	52ccb6c27f11,f987177e0a33
refs/heads/fantasytable/solid-kind	7be8a1b615307c6df94e29e6ff98a9db1afa663c	2	0	0	changed files differ; may include obsolete versions	fix(terrain): a free shelf solid is typed CONTAINER	7be8a1b61530,d94e4f76f3f1
refs/heads/fantasytable/solid-looks	0dd0111f41abfc7d6e69142194e9892d8cb6e3ba	3	2	0	changed files differ; may include obsolete versions	Merge branch 'fantasytable/solid-looks' of github.com:DutchMaxwell/Niemandsland into fantasytable/solid-looks	4ceef9df37f9,b49a36c1faa4,b538e6bea2fd
refs/heads/fantasytable/solid-models	d27269aecc2ab88e986481d77ad47d2bb4b08eb9	2	0	0	changed files differ; may include obsolete versions	feat(terrain): shelf solids can swap their bundled look for a detailed GLB (dormant until the upload)	0e60089b9e23,d27269aecc2a
refs/heads/fantasytable/solid-models-live	416195deab168f491d70bc8cd01169f84dbc1cc3	2	0	0	changed files match baseline; already integrated	feat(terrain): the storehouse and outcrop show their uploaded detailed models	416195deab16,fb14ce0631b1
refs/heads/fantasytable/solid-picks	b8990d0b82c1ed3305365c65dc419f4a9cebf2c4	2	0	0	changed files differ; may include obsolete versions	feat(terrain): the shelf offers the slab-roof storehouse and the heather outcrop	15de61a0d545,b8990d0b82c1
refs/heads/fantasytable/solid-picks-src	a16a00a58d93f90d19e23d4a52ba6e664c3f3c1d	4	0	0	changed files differ; may include obsolete versions	wip: 3.4 picks (split source)	9bad7c03ca9d,a16a00a58d93,adf57188d010,d7e49021168b
refs/heads/fantasytable/solid-prop	3c1cdc57f325bb0e9306f6cddf2eaa5aa0094aea	2	0	0	changed files differ; may include obsolete versions	"feat(terrain): SandboxSolidProp, a 6x3x2.5"" solid shelf piece"	3c1cdc57f325,f3c5fa321a76
refs/heads/fantasytable/solid-roundtrip	f7f3a31378a6b71e706d6c2f4387ad44c0048751	9	1	1	changed files differ; may include obsolete versions	test(terrain): the free solid survives a save round-trip and reaches a peer with its kind	3c1cdc57f325,71d0b4c56a77,7be8a1b61530,8505ffd158f2,af457dba845c,d94e4f76f3f1,ef3a11f9add2,f3c5fa321a76,f7f3a31378a6
refs/heads/fantasytable/solid-roundtrip-a	25aa1b733c247de1e20fabd682e6c412a38c87ab	1	0	1	changed files match baseline; already integrated	test(terrain): the free solid survives a save round-trip and reaches a peer with its kind	25aa1b733c24
refs/heads/fantasytable/solid-skirt	1c0123c054c142449d2e870ad470c302bca5cfa2	2	0	0	changed files match baseline; already integrated	feat(visual): a soft contact shadow under every shelf solid	1c0123c054c1,67e07fc498ac
refs/heads/fantasytable/solid-spawn	31395388c5c61c1d1e547402357927f9b27cfd2d	2	0	0	changed files differ; may include obsolete versions	feat(terrain): the shelf offers the free solid in every biome	31395388c5c6,e5e2146751ea
refs/heads/fantasytable/solid-spawn-route	ed6f7f1b143f98f14780ba9cec779b5dc5a9dd66	2	0	0	changed files differ; may include obsolete versions	feat(terrain): spawn routes the free solid's kind to a SandboxSolidProp	bd9c21de6b2c,ed6f7f1b143f
refs/heads/fantasytable/solid-stone-grey	65e23e07a34247d310efe013018e70bbb827968c	2	0	0	changed files differ; may include obsolete versions	fix(terrain): the plain shelf block is stone grey, not pale cardboard	65e23e07a342,b8c9c7a7814a
refs/heads/fantasytable/theme-data	97d09cdebc432a814e781ae03b2aeabf25ad01dd	2	0	0	changed files differ; may include obsolete versions	feat(terrain): the Ruined Borderland theme as data with a loader	896606c4fcbe,97d09cdebc43
refs/heads/fantasytable/unknown-kind	8505ffd158f2706a68756116d3de4bfc44ba1438	2	0	0	changed files differ; may include obsolete versions	fix(terrain): an unknown sandbox kind is skipped, not built as a ruin	8505ffd158f2,af457dba845c
refs/heads/feat-845-rcm-broad-table	fad65ab4726f90f07c1d828a814b9b6a7ea8b0ff	0	0	0	ancestor of baseline	merge: origin/main (EPOCH_11_SOLO_GRANT_READS) into feat-845-rcm-broad-table	-
refs/heads/feat-pr1-speed-feat	7ecd6e9494b2e64a7a74bc8b2b00637141973e9d	0	0	0	ancestor of baseline	fix(tests): (d) asserts the folded key rides inertly, not that the state stays empty	-
refs/heads/feat-pr2-red	2d39969213b5f2b2efad8eee18a40a229327f74c	1	0	1	all non-merge patches equivalent; merge content not assessed	test(sim): Takedown Shot latch parity + record (FEAT PR 2) — RED	2d39969213b5
refs/heads/feat/arena-margins	85fe5ac950f33e6e96e3a8dff8e14d292ab8d9c7	1	0	1	all non-merge patches equivalent; merge content not assessed	feat(arena): the result JSON reports how badly each side lost (arenamargins)	85fe5ac950f3
refs/heads/feat/prb1-game-record-collector	3d891673b2817f6bb466ee0e3411e04c7ae87ea2	0	0	0	ancestor of baseline	fix(test): drive the dice seam through the real tray roll, not a second log call	-
refs/heads/feat/prb2-last-game-preview-card	6d7743d3a064d08b50340f0822e9a34f3ec40481	0	0	0	ancestor of baseline	feat(privacy): preview and local export of the last real game + after-game card (PR B2, no send path)	-
refs/heads/feat/radial-house-style-ring	08e853f0e16a98ca501873c6f2c2af1865fe777a	3	0	0	ancestry differs; review required	ui: the radial ring in the house style — tokens only, labels fit their wedge, tooltips wrap (radial 3/5)	08e853f0e16a,2f38fd05b32c,cc64480d8996
refs/heads/feat/radial-second-tier	1f3d5c730984c7c8134ffcb7afd2be9a419e686f	2	0	0	ancestry differs; review required	ui: the radial menu's second tier — a crowded menu keeps its verbs on the ring, the rest in pills beside it (radial 5/5)	1f3d5c730984,9453671ba5a7
refs/heads/feat/sim-cast-boost-interference	12317aab3c8c9be478ca6a17607c664c51ac012b	1	0	1	all non-merge patches equivalent; merge content not assessed	D-MAGIC step 7: sim cast phase prices boost + interference like the table/core	12317aab3c8c
refs/heads/feature/dev-brain-client	5c9293c4cea11fa87697a8e473b82140ba48f977	1	0	0	ancestry differs; review required	feat(dev): connect native leaf search to a loopback brain	5c9293c4cea1
refs/heads/feature/privacy-optin-m10-a	614227a08f1d6241e50918c9ae4a998b063064cc	0	0	0	ancestor of baseline	fix(privacy): keep detail navigation safe and ship localized example	-
refs/heads/fix-210-spill-ghost	e7f7257d22128fbcd23e79417f3677e0dfa249fa	0	0	0	ancestor of baseline	fix(#210): drop the double free — the ghost frees itself in _finish	-
refs/heads/fix-325-granted-rules	ff3e3306d7da1f04e08e088468abe1fbaecf8959	0	0	0	ancestor of baseline	test(solo): type the main fixture and the scope rec — INFERENCE_ON_VARIANT is treated as an error in CI	-
refs/heads/fix-673-red-proof	99b6dbe5230092b5f51b2de4a3c5c286f6d615e1	1	0	0	ancestry differs; review required	test(mp): RED proof — #673 owner-saves + slot-sync suites at main state (no production)	99b6dbe52300
refs/heads/fix-675-followups	45c165417258d0b858bcbf112b72f2e3327d4d4d	0	0	0	ancestor of baseline	ci: two-instance MP regression job, advisory (closes #675 item 3)	-
refs/heads/fix-812-core	5d4c9b3cdd93e9c65f72e79d6b58a4f6adddb75a	0	0	0	ancestor of baseline	fix(rules): planner — a rush capped to the advance distance never outranks advance + shoot (#812, core half)	-
refs/heads/fix-812-table	42e517e98341f4080dcff863203877bcc88beaac	0	0	0	ancestor of baseline	fix(solo): AI — a rush capped to the advance distance is demoted to advance + shoot (#812, table half)	-
refs/heads/fix-845-rapid-charge-mark	05ae4ed8771ee12f733f8894ca86bf7060f6c927	0	0	0	ancestor of baseline	fix(rules): Rapid Charge Mark fires (#845)	-
refs/heads/fix-846-great-musician	0189dc6a6cc120210afd11675b931e7ea5da6829	0	0	0	ancestor of baseline	"fix(rules): Great Musician applies its +1"" move (#846)"	-
refs/heads/fix-847-aligned-not-confounded	2a74f8a0b544d225a2415192611bc57c7f05330d	0	0	0	ancestor of baseline	fix(gate): an aligned split aim is a single-target volley, not a split-unrecorded confound (#847)	-
refs/heads/fix-857-charge-move	223e778d7c69919f230b0810bf713d5252267fe4	0	0	0	ancestor of baseline	fix(#857): the charge re-gate also needs the probe's snap-budget half	-
refs/heads/fix-NML-1083	16b752f1f2f2c14d7fa1c9d256ed5090de087558	1	0	1	all non-merge patches equivalent; merge content not assessed	fix(ui): F reaches the sight+range fan again — main stops swallowing the key (NML-1083)	16b752f1f2f2
refs/heads/fix-NML-1084	a43e8e9263a321e601714984239a3fe3f534d469	1	0	1	all non-merge patches equivalent; merge content not assessed	fix(ui): the AI log is a player-facing toggle again — reachable in exported builds (NML-1084)	a43e8e9263a3
refs/heads/fix-NML-1085	c7c0e4869765aa4686d6aa3129e79df2e656e591	1	0	1	all non-merge patches equivalent; merge content not assessed	fix(solo): the Ambush prompt locks the table to the reserve units (NML-1085)	c7c0e4869765
refs/heads/fix-NML-1086	a9bee0ffdb419aa142a8dfd62e075c978e4c377d	1	0	1	all non-merge patches equivalent; merge content not assessed	fix(los): a base planted in the wood is IN the wood — the see-in/out test reads the footprint (NML-1086)	a9bee0ffdb41
refs/heads/fix-NML-1087	6f892f81afd74463d81b0f9a7268c9da3ac3a3a8	1	0	1	all non-merge patches equivalent; merge content not assessed	fix(solo): a joined hero whose host is wiped keeps its activation (NML-1087)	6f892f81afd7
refs/heads/fix-clippy-epoch-arg	6e753c493a0af8bf2119cdd39858f794abdcb2f1	0	0	0	ancestor of baseline	Merge pull request #887 from DutchMaxwell/codex-triage/a-spawn-validation	-
refs/heads/fix-los-line-null-controller	7fb28bee5af32f97b40621685cef6af208fe54a3	0	0	0	ancestor of baseline	fix(mp): LOS line hover survives a null solo controller (human-vs-human rooms)	-
refs/heads/fix-nml-1088b-arena-deploy-rule	37fdf7cbb5b478f22c36dd7e16701396a571ac3c	1	0	1	all non-merge patches equivalent; merge content not assessed	fix(arena): the arena deploys by the game's terrain rule — shared blocked-cell test, no more physics-only probe (NML-1088b)	37fdf7cbb5b4
refs/heads/fix-nml-1127-gate-modes	0339b465b44cbf5b8640652868267ec98d5a2664	1	0	1	all non-merge patches equivalent; merge content not assessed	fix(train): the sidecar and Q-A gates replay the mode the corpus recorded, and hold unknown_rules as a set (NML-1127)	0339b465b44c
refs/heads/fix-nml-1127-hero-join	49fd629dff683f6dd82c3129c7fe55b073c7d0cf	1	0	1	all non-merge patches equivalent; merge content not assessed	fix(train): the trainer plays the table's hero JOIN without the activation fold (NML-1127)	49fd629dff68
refs/heads/fix/634-fear-melee-expectation	25bc6890acce4208de9b25ff44d2c91ade5512e7	0	0	0	ancestor of baseline	fix(rules): Fear(X) counts into the melee won comparison (closes #634)	-
refs/heads/fix/654-terrain-dump-free	282b373b25c14c6d8a8eab7569bc22bf2925ce82	0	0	0	ancestor of baseline	fix(tools): terrain_bank_dump — free each seed's overlay instances (closes #654)	-
refs/heads/fix/ai-toast-click-passthrough	a40913dc0ec0cf2aa6832caf6746b147f4d444aa	1	0	1	all non-merge patches equivalent; merge content not assessed	fix(ui): a click on the sticky AI explanation dismisses it AND reaches the table — no more lost first click (NML-1079, GH #364)	a40913dc0ec0
refs/heads/fix/asset-download-throughput	71d12b99c87b3008b044326ff70a85be57c7497c	2	0	0	ancestry differs; review required	changelog: name the PR (#1075)	71d12b99c87b,da3ef9da50b4
refs/heads/fix/battle-log-player-wording	20ca8c4ca423482c3d81ea91dc3c67b709591d0b	2	0	0	ancestry differs; review required	solo/battle log: the player sees plain AI lines — no trace taps, feature dumps or brain hashes	20ca8c4ca423,5eb491ef530e
refs/heads/fix/bearer-count-by-profile	645b998404374b65a8762f2de8951541ce101398	1	0	1	all non-merge patches equivalent; merge content not assessed	fix(solo): same-name weapons with different attacks keep their own bearers	645b99840437
refs/heads/fix/card-truncation	a2bb7525be3ebdf142539d8e963bb75d6b9ccbdf	1	0	1	all non-merge patches equivalent; merge content not assessed	fix(cards): no unit-card information is cut off any more (names, rows, rule tooltips, first tooltip)	a2bb7525be3e
refs/heads/fix/chooser-fill-height	b345bea234a8abe84d3feaf7adcfcb3ba14d2d04	1	0	1	all non-merge patches equivalent; merge content not assessed	fix(menu): the table chooser fills the window height at every aspect	b345bea234a8
refs/heads/fix/core-deploy-exit-veto	1bf60d57f39bd3e3208ed425238468b80e4cb488	3	0	0	ancestry differs; review required	core/deployment: drop the unused glob import in the deploy exit test (clippy gate)	1bf60d57f39b,5cf730c782e5,e6bd4bc9501e
refs/heads/fix/ctex-buckets-f17	a120cf77a9ee327878ad4e9ddd1483c72a5a4d7a	0	0	0	ancestor of baseline	"fix(ctex): report and count ""incompatible bake"" separately from ""no entry"" (F17)"	-
refs/heads/fix/ctex-missing-patch-fatal	240c0a4ebd62326d91b4e9686adf0c1684e4f006	0	0	0	ancestor of baseline	fix(ctex): missing patch now aborts the merge (F8) — --allow-missing names waived prefixes	-
refs/heads/fix/deadly-per-model	bc1113d454cbf58ea1d2a451b48791f041ecbab4	5	0	0	ancestry differs; review required	clippy: silence the leg fns' arg-count finding, reflow the two leg docs	3f427b414671,8f145b47edc6,b2dd9612bd1c,bc1113d454cb,c9ad7ce39d9a
refs/heads/fix/deploy-exit-veto	fb33d5d1cae2f69e6dd5def0e55933ecf14f79e0	1	0	1	all non-merge patches equivalent; merge content not assessed	"solo/deploy: veto a spot whose walls box the base in (no straight 12"" exit)"	fb33d5d1cae2
refs/heads/fix/dropdown-opening-release	17caf91534e52433dab7381e0f37e08fdf3f57a5	1	0	1	all non-merge patches equivalent; merge content not assessed	fix(ui): a dropdown's list never covers its button, so the opening click cannot pick an entry (N15)	17caf91534e5
refs/heads/fix/dropped-mouse-clicks	5096b96d13eb69dbbfc74065cc31e3b2957735f7	1	0	1	all non-merge patches equivalent; merge content not assessed	fix(ui): a double_click-flagged press widens a click instead of swallowing it, so fast successive clicks are no longer dropped (NML-1079, GH #364)	5096b96d13eb
refs/heads/fix/forge-workspace-paths	c9aa9621ead7f9408b3cff61a9419a7cb234f003	0	0	0	ancestor of baseline	fix(tools): forge_mutants works on workspace member crates	-
refs/heads/fix/gdextension-silent-when-absent	2c522a1521d1d484397718571444aaa46b629925	1	0	1	all non-merge patches equivalent; merge content not assessed	chore(core): the GDExtension manifest is installed only when the library is built — no more load errors on a plain checkout (NML-1073 R1)	2c522a1521d1
refs/heads/fix/hero-marker-load-error	2ec025d1b1751edb8331f14b8f8a65c921282fab	1	0	1	all non-merge patches equivalent; merge content not assessed	fix: a loaded save no longer reads every unit as a joined hero (SCRIPT ERROR on load)	2ec025d1b175
refs/heads/fix/hud-release-bugs	379f2f1d50f33d027d77fe07c52c396ec86337b2	5	0	0	ancestry differs; review required	fix(ui): no glyphs the UI fonts lack (close cross, drag hint)	379f2f1d50f3,4941ca78c52f,509f6c707e51,57390bf17bdb,f1960c8ff601
refs/heads/fix/implicit-p2-ai-local-game	f679d08bf82c286b5c3b34bedf12c7c28d6c2aac	1	0	0	ancestry differs; review required	test(solo): RED pin — an undesignated local table hands player 2 to NACHTMAHR (plan B1)	f679d08bf82c
refs/heads/fix/list-to-profile-royal-legion-charge	d90086e058cf7926fbf2f7a1f292f300f063e3aa	1	0	1	all non-merge patches equivalent; merge content not assessed	fix(selfplay): Royal Legion's charge_mod rides the charge band like the table	d90086e058cf
refs/heads/fix/material-null-shadows	634f81d079ed3f4cdce9e624c4ae821d952247f3	2	0	0	ancestry differs; review required	"fix(army): the dead look skips meshes with a material_override (no more ""material is null"")"	05eca65e0580,634f81d079ed
refs/heads/fix/menu-backdrop-reveal	f091c7a67f0c237cc1c80a3ba6f9272f61155ff4	2	0	0	ancestry differs; review required	perf(menu): parse the reference oak and forest tree off the main thread	425cd1ee0c73,f091c7a67f0c
refs/heads/fix/menuwideleak	06a61c009a035a160906ff0588830068bcb3ce24	1	0	1	all non-merge patches equivalent; merge content not assessed	test(ai): candidates suite restores the shipped menu statics instead of pinning menu_wide off	06a61c009a03
refs/heads/fix/privacy-two-step	4d16347b0674fb19c04d040a0560a5606c1753f4	1	0	1	all non-merge patches equivalent; merge content not assessed	"privacy: two-step accept — the allow button needs the ""reviewed"" tick first"	4d16347b0674
refs/heads/fix/privacy-wording	41de337b96d3a6dc17d140933a4f33f0f096cf34	1	0	1	all non-merge patches equivalent; merge content not assessed	privacy: say plainly that the army LIST is in the record (names are not); give the previews room	41de337b96d3
refs/heads/fix/rapid-charge-mark-survives-volley	3ef759d3675b66235c969ea02672f5a24388763b	1	0	0	ancestry differs; review required	fix(rules): Rapid Charge Mark survives the marking volley (#845)	3ef759d3675b
refs/heads/fix/ratmen-import-gaps	f0777d66e2e1798142fee7fc7051722b151e4ea3	1	0	0	ancestry differs; review required	fix(import): Ratmen from an Army Forge list file get the same army as from the share link	f0777d66e2e1
refs/heads/fix/resync-superseded-restore	21be225c9f2bdde5c7965a638b6863194e8aa4ae	1	0	1	all non-merge patches equivalent; merge content not assessed	fix(mp): a sync superseded by a connection drop stops spawning (nightly soak blip)	21be225c9f2b
refs/heads/fix/rules-lookup-loud	8ae4e2381db23da3b0c92cb3dd12f49d7b10507b	0	0	0	ancestor of baseline	fix(loader): loud unresolved rules lookup — the second half of the spell-slug fix	-
refs/heads/fix/save-load-spells	9a7797dcc382e8446a78739b2e727b281fcf121d	1	0	1	all non-merge patches equivalent; merge content not assessed	fix(save): a loaded save restores the casters' faction spell lists	9a7797dcc382
refs/heads/fix/solo-rule-notes	6ef0694c8b53431bb4a5c3895c0952ccb3578df9	10	0	0	ancestry differs; review required	fix(movement): Rapid Charge adds to the Charge band only	03f2b1bfa2ec,26a3730989e5,599d275be505,611b78a4c878,6ef0694c8b53,88d5f3519fed,934a623a7f94,cc7049f5837c,ea0d67001f6e,f125bfb32999
refs/heads/fix/spell-slug-loud	113615cc37bb6db02e272110c800075a6131154d	0	0	0	ancestor of baseline	fix(core): resolve flat-list faction slugs and make empty spell books loud	-
refs/heads/fix/table-aircraft-registry	94717a040c615b0a22d28ec80f1da75479a1e8e8	6	0	6	all non-merge patches equivalent; merge content not assessed	docs: state the completed table registry invariant	058c006a5261,601cf1d3136a,91ed00ca78d9,94717a040c61,a8b3bb2e85a6,d7ed34abc030
refs/heads/fix/table-flat-ground	8f0767ead7c18a22087530fe1742cec3e5a54760	2	0	0	ancestry differs; review required	gfx: seated markers stay seated across re-builds, late downloads and teardown	8f0767ead7c1,e8842c43c369
refs/heads/fix/table-flat-ground-v1	3fe0a0448a43b8bc52f5efde1d14b2d1514261d5	2	0	0	ancestry differs; review required	gfx: the table-tier scatter sits on the flat table too (+ e2e flatness test)	3fe0a0448a43,80f94f69fa6e
refs/heads/fix/table-morale	2be4cc7e1f5b3e6cdfad5ac7cdea6104468e5e64	0	0	0	ancestor of baseline	fix: apply Morale ratings to shared morale tests	-
refs/heads/fix/table-piercing-fighter	0ca99c7d7e81e8d18fa2be5d79a75e0272017517	0	0	0	ancestor of baseline	fix(rules): resolve Piercing Fighter aura through conditional AP	-
refs/heads/fix/table-piercing-shooter	56c9f0c1447f7654bcc84c0353e270ca39e3873b	0	0	0	ancestor of baseline	fix(rules): resolve Piercing Shooter aura through conditional AP	-
refs/heads/fix/table-ranged-within	07ff22dfef5125c967a13735c2fdb38bd8f7494a	0	0	0	ancestor of baseline	merge origin/main (#758 renames) into fix/table-ranged-within	-
refs/heads/fix/table-reach-hunt	b38bbaf22432b2be56cd94d20a0e9a67a37af400	0	0	0	ancestor of baseline	fix: keep Reach Hunt bonuses on charge movement	-
refs/heads/fix/table-shrouded	b5dce5b1864dc129487bd3692551b0f9e760e06d	0	1	0	ancestry differs; review required	Merge remote-tracking branch 'origin/main' into fix/table-shrouded	-
refs/heads/fix/table-spawn	de61f2b1d55ff2732c9288331cade2d35cd0ea3c	16	0	16	all non-merge patches equivalent; merge content not assessed	fix: finish activation rule choices before transport actions	2f47c20a8a70,30f763bb0360,33abcdb84ae9,3fe2f0fe6f00,51ad0cf4beda,5af1cd244dee,64039995cd21,813bdfceaba2,b61ba2946202,bd0366b78adc,c48616fc2c5d,d06b7d2f2f85,de61f2b1d55f,e4bd281396f5,e53ae224ac1b,f21f47b38d2c
refs/heads/fix/table-spawn-red	7fa8a1c7aee4719d858da442925dadee5e46932f	17	0	16	ancestry differs; review required	RED: revert the Spawn production changes, keep the e2e tests	2f47c20a8a70,30f763bb0360,33abcdb84ae9,3fe2f0fe6f00,51ad0cf4beda,5af1cd244dee,64039995cd21,7fa8a1c7aee4,813bdfceaba2,b61ba2946202,bd0366b78adc,c48616fc2c5d,d06b7d2f2f85,de61f2b1d55f,e4bd281396f5,e53ae224ac1b,f21f47b38d2c
refs/heads/fix/table-split	7f9b5b49ed8991fe3b4b0bce77549196560a10c6	0	0	0	ancestor of baseline	Merge remote-tracking branch 'origin/main' into fix/table-split	-
refs/heads/fix/table-split-red	67cf2019ff4a0c8c467234e5716a7f6894391a2b	3	0	0	ancestry differs; review required	"Revert ""fix: resolve Split before the last casualty is removed"""	67cf2019ff4a,78bf9e6d6bc4,b7049bceadfe
refs/heads/fix/table-surprise-attack	b48b78da55256c82b56e787fd6908f3da4f5ed4c	0	0	0	ancestor of baseline	fix(rules): recognise Surprise Attack as Infiltrate-equivalent on the table	-
refs/heads/fix/table-surprise-burst	6dcf7f0927bd26607a39bd0c0a08ef998ca0278b	0	0	0	ancestor of baseline	fix(table): Surprise Attack — the first-activation burst (audit D GAP)	-
refs/heads/fix/table-vicious	d74796b90c5ac8ef5734d9d2a2350129b6cf78b1	0	0	0	ancestor of baseline	fix: consume Vicious without bypassing regeneration	-
refs/heads/fix/table-violent	e59b7f87740922e507ef3388091608535c17b6ea	0	0	0	ancestor of baseline	fix: consume Violent in AI profiles and name its save log	-
refs/heads/fix/table-warding	95bac210a45ea82d67b2440524fb185bf718bf77	0	0	0	ancestor of baseline	fix: value Warding with its normal and spell ignore targets	-
refs/heads/fix/tough-wounded-first	a2a33a438c848fc733149ae70a2c0ac3f3cc28e0	1	0	1	all non-merge patches equivalent; merge content not assessed	solo: Tough wounds keep landing on the already-wounded body (GF v3.5.1 p.14)	a2a33a438c84
refs/heads/fix/updater-release-0925	6187b682901ec4ede1f2d9c02f9630f6bf71b8f8	3	0	0	ancestry differs; review required	ci(release): refuse a tag that does not match config/version	5e6f5faf8f7a,6187b682901e,b33fe518c052
refs/heads/fix/window-primary-monitor	7a492f1cda4dc48075ada9380e097d7e580620eb	1	0	1	all non-merge patches equivalent; merge content not assessed	fix(ui): the window opens on the primary monitor and the graphics panel gets a monitor selector (NML-1078, GH #363)	7a492f1cda4d
refs/heads/fix/windows-core-selfheal	eda74b41428fcff12778d9d1b869befc5cc208e1	2	0	0	ancestry differs; review required	fix(updater): a Windows install without its core DLL restores it once and relaunches	0ee68763666e,eda74b41428f
refs/heads/fix800b	252d10e4d0cfbda10a82a1971a9ddd27b1164d39	0	0	0	ancestor of baseline	fix(rebase): rebuild boost_aura_tail.rs on main + the Slow test (the additive merge interleaved two test fns)	-
refs/heads/fix810-work	c5c42ecc6e8b60d412192387ba841114c323d159	0	0	0	ancestor of baseline	fix810: sequence the two unit_param_f reads (reg is borrowed mut once)	-
refs/heads/fix812c2-red	3b7d316b31cb98bf23f6c2d27ce6c59e14e1615d	1	0	1	all non-merge patches equivalent; merge content not assessed	test(rollout): #812 rush demotion — RED for the table's two exemptions	3b7d316b31cb
refs/heads/fix812c2-work	b4cc449844b001b0ce6db58a52d50bbbc9688897	0	0	0	ancestor of baseline	fix(rollout): #821 rush demotion — table parity (Quick Shot exemption, shot-in-range gate)	-
refs/heads/fix820-work	216633d51fa5c9593e3354804d215147f2a0a65c	0	0	0	ancestor of baseline	fix(test): bearer needs a system/faction whose map resolves Teleport	-
refs/heads/fix857-charge-landing-pin	e3ca626cbe59357f9d3b66ae770df4f7db917bca	1	0	1	all non-merge patches equivalent; merge content not assessed	test(rules): pin the e8 charge landing (#857)	e3ca626cbe59
refs/heads/flash-smoke-perms	0e4ba1e18afdf404521a6b6ba07620a96d136592	0	0	0	ancestor of baseline	Merge pull request #653 from DutchMaxwell/rules-rung-c-data	-
refs/heads/game/capture-kits	ee8efb42af6bcfe5e84b3c93cb2bd27dce7d736b	1	0	1	all non-merge patches equivalent; merge content not assessed	game: the table's capture writes each model's kit for the core's casualty order (tray-exact S2)	ee8efb42af6b
refs/heads/game/core-header-dangerous-end-morale	e43d8bf93fa11786e647b6b0bf485942ae0fc944	1	0	1	all non-merge patches equivalent; merge content not assessed	game: the core planner header turns on the p.10 dangerous-terrain morale test the table always rolls	e43d8bf93fa1
refs/heads/gd-dead-functions	ffaa87a8b6a74548707b819edcd8553f58ee7b2e	0	0	0	ancestor of baseline	chore(gd): remove 3 dead functions (proof: zero references) — review 03.09.	-
refs/heads/gen0-replay-proof	c7507625eeee962203b3d62b6fcf50846227cf30	0	0	0	ancestor of baseline	tools: gen0 replay-fidelity proof — the Gen-0 training lane's step 2	-
refs/heads/gen0-replay-shards	f128c06f2031015f25e8a9df73f3670423fc7c1c	0	0	0	ancestor of baseline	tools: gen0_replay_shards — worker pool + resumable CLI + smoke (2/2)	-
refs/heads/gen0-replay-shards-tokens	08de9a235eb9cda0ede7e8458885989ba1635f55	0	0	0	ancestor of baseline	tools: gen0_replay_shards — plain STATUS sentinel for the night chain	-
refs/heads/gen0-stats-ambush-audit	cfb80c4955ae43c7dd3fda6ee08542ebb252d30f	0	0	0	ancestor of baseline	tools(gen0_stats): --ambush-audit for reserved-Ambush-unit exposure	-
refs/heads/gen0-stats-tool	35b8084f4907b467d85fd3ed4ddb5e326dfdf81c	0	0	0	ancestor of baseline	tools: gen0_stats corpus reader (Gen-0 training step 1)	-
refs/heads/gen7-export-v8	afdc02cda82ff64b568fdcd336cbb341b2678cc8	2	0	2	all non-merge patches equivalent; merge content not assessed	feat(encoder): vocab v8 — append the 16 names ported since v7 (unit2 slots 1001-1016)	02e325729827,afdc02cda82f
refs/heads/gfx-after-local	86fb3f5d9c78c18a154689c9caaa3ef057625bc1	9	0	0	changed files differ; may include obsolete versions	fix(biomes): the table tier never owns the viewport's render scale	1c6c84bae8b3,599157db10d6,694db7790c8d,82b491ee9efc,86fb3f5d9c78,d808902fe984,ee4ba360ae66,f28743c4ee7a,f6ccb91272fe
refs/heads/gfx-reference-sun-all-moods	1dc8ba5733faf5cc7afc313a82f1cceb6d9cb865	2	0	0	changed files match baseline; already integrated	fix(biomes): the reference's shadow scale applies in every mood (GREEN)	1dc8ba5733fa,57f33ba06a48
refs/heads/gfx-render-scale-owner	10b48dd4fd6406253d9de0887d60d67cf30abc9e	2	0	0	changed files differ; may include obsolete versions	fix(biomes): the table tier never owns the viewport's render scale	10b48dd4fd64,c30e996d200e
refs/heads/gfx-render-state-owner	694db7790c8dda9d503b26139a33952a9c7c5e18	7	0	0	changed files differ; may include obsolete versions	fix(biomes): the teardown gives the sun its shadow bias back	1c6c84bae8b3,599157db10d6,694db7790c8d,82b491ee9efc,d808902fe984,f28743c4ee7a,f6ccb91272fe
refs/heads/gfx-scale-deferred-current	28d5dfc1aec15a63ae3f242c2021599794c4bb2c	2	0	0	changed files differ; may include obsolete versions	fix(graphics): the deferred render scale follows the preset current at write time (GREEN)	28d5dfc1aec1,aec1adc638db
refs/heads/gfx-window-comment-truth	1b7c1bb9ebc094000cdda7a9125e399116f293a2	1	0	1	changed files differ; may include obsolete versions	docs(graphics): correct the reason given for re-asserting the window at game start	1b7c1bb9ebc0
refs/heads/gfx-window-reassert	9926feaa384e0686151138966f2edf77a253a6ae	1	0	1	changed files differ; may include obsolete versions	fix(graphics): the game scene re-asserts the window settings at its start	9926feaa384e
refs/heads/gfx/biome-reference	a3892c0c4323e6ece4ffb54c787e4bc3a8a5c2a8	40	0	0	ancestry differs; review required	style(ui): dice panel controls to the tactical tokens (dense ghost buttons, primary Roll)	01da070254b2,0969141d282e,0b19f6db07f1,1232595699ed,131fb7841b94,1bab6c388a71,237db2a5562f,23961038478a,29c0ada0d387,4007cfebd1df,418c07ca814d,43e964171915,56b1b4d510f9,60626a0dee1c,62e5677bc4fc,68df8bcffb03,729c28f69e34,76c2178b69df,7a6885a71a1c,84294a1e1472,890003a9b509,8bc5e758eeb9,8f254edc2403,8fe1119625bc,97232b2ba9c0,998942185e37,a3892c0c4323,ac60662e3bf9,b204e1cb538f,b8494c3af856,bc71f6255555,bdc297b03b68,d31089511853,d3a0842bb1da,d46940a0aa55,de8f26fad79d,e3e276a1ed1f,e430ba45d919,ed5f8f0116e5,fb86c7fda6fe
refs/heads/gfx/forest-integration	a1718030290104cc3d36432d17a3b50f2823f3d5	1	0	0	ancestry differs; review required	gfx: refine deciduous materials and feather tree ground contact	a17180302901
refs/heads/gfx/grassland-materials	465507b2fb98ef9efe893b4964b87a1c4c9079f7	2	0	0	ancestry differs; review required	gfx: align meadow shading with fuller two-sided grass clusters	465507b2fb98,a8556e2b5949
refs/heads/gfx/ingame-hud-pass1	b516631504e2c058400c79ebb1a72ca829455e75	43	1	0	ancestry differs; review required	fix(ui): table chooser sends the table's grassland id	01da070254b2,0969141d282e,0b19f6db07f1,0f8890f808f5,1232595699ed,131fb7841b94,1bab6c388a71,237db2a5562f,23961038478a,29c0ada0d387,4007cfebd1df,418c07ca814d,43e964171915,56b1b4d510f9,60626a0dee1c,62e5677bc4fc,68df8bcffb03,729c28f69e34,76c2178b69df,7a6885a71a1c,84294a1e1472,890003a9b509,8bc5e758eeb9,8f254edc2403,8fe1119625bc,97232b2ba9c0,998942185e37,a3892c0c4323,ac60662e3bf9,b204e1cb538f,b516631504e2,b8494c3af856,bc71f6255555,bdc297b03b68,d31089511853,d3a0842bb1da,d46940a0aa55,de8f26fad79d,e3e276a1ed1f,e430ba45d919,ed5f8f0116e5,f3f9c8fc050f,fb86c7fda6fe
refs/heads/gfx/ship-0925	a7a5138510e0d3e15f432d67cbd28584dd161f27	47	2	0	ancestry differs; review required	fix(menu): the table chooser scales with the window and keeps its proportions on 1440p and ultrawide	01da070254b2,0969141d282e,0b19f6db07f1,0f8890f808f5,1232595699ed,131fb7841b94,1bab6c388a71,237db2a5562f,23961038478a,29c0ada0d387,4007cfebd1df,418c07ca814d,43e964171915,4e056f9ce6b1,56b1b4d510f9,5a1dccce9a74,60626a0dee1c,62e5677bc4fc,68df8bcffb03,729c28f69e34,76c2178b69df,7a6885a71a1c,84294a1e1472,890003a9b509,8bc5e758eeb9,8f254edc2403,8fe1119625bc,97232b2ba9c0,998942185e37,a3892c0c4323,a7a5138510e0,ac60662e3bf9,b204e1cb538f,b516631504e2,b8494c3af856,bc71f6255555,bdc297b03b68,d31089511853,d3a0842bb1da,d46940a0aa55,da7bace5a29c,de8f26fad79d,e3e276a1ed1f,e430ba45d919,ed5f8f0116e5,f3f9c8fc050f,fb86c7fda6fe
refs/heads/gfx/table-biomes	c9e37fbb8c39d331ca517ceb643a269657790b1e	7	0	0	ancestry differs; review required	ci: run the full suite after the retarget to main (squashed away at merge)	111d9abd9405,27d383c0c966,437a646d4d08,517d364eee28,55e7e34d4630,c9e37fbb8c39,e12a641b0c9c
refs/heads/gfx/table-lighting	368a14afff4b20a573f1eed9c2a3b83b5d091683	2	0	0	ancestry differs; review required	docs: include original lighting comparison captures	368a14afff4b,bcce0f6c13c2
refs/heads/gfx/table-trees	17e5c70c6b3c0acb74acb7553607919210b067cb	1	0	1	all non-merge patches equivalent; merge content not assessed	gfx: the dressed biome's accepted reference trees on the game table (display only)	17e5c70c6b3c
refs/heads/golden-determinism	66d1d79472be30a1d7a4bc1002d03943cad1aace	44	0	0	ancestry differs; review required	fix(ai): the AI's line of sight reads settled model heights, not a wall-clock drop animation — replicas of a seeded game no longer diverge (NML-1073 M0-4)	0dd2beb29ec9,0dd4dced67c0,0fffe54c056f,12ae8912432f,1b980115b8f2,24e3813f27d0,279f01505f8c,30fd1d02eb72,35d00d7d0a29,364955df251f,37c7d033249c,45e4d8c85209,4dab71cef122,501b6662de72,55705136352b,560b4aa388cf,63323660ecb4,66d1d79472be,6dea668cf69e,6ea229c8991f,6ef6eb6f4313,740e6e5a495c,754e8e642d27,7de529a6b2b7,8874d6ac8752,8bde4dcb4047,8c6ce35475df,959105575cde,9a133eac2b3d,a8e0f3dd0d9e,a95c3a440d53,aabe6e7332cc,afced0f96ce5,c15eba9db12e,c220913c741e,c9003a078d2f,d7316025c6f4,dabd1da70b00,db593e7ef12e,df74ebb992bd,e58b9c40c889,e6f88f667b13,f338e0961aa9,fa72aafd7ed1
refs/heads/heights-step23	b65f5d74b0f2ca4f10cc4a03cc12c0426f15f18d	1	0	1	changed files match baseline; already integrated	feat: define skirmish drop and jump rules	b65f5d74b0f2
refs/heads/heights-step24	3072084cfd7fee1806b6c4e98c2a1c62c4378cb8	2	0	1	changed files differ; may include obsolete versions	feat: resolve human skirmish jumps and falls on drop	3072084cfd7f,b65f5d74b0f2
refs/heads/heightsb1-pr1-coherency-elevation	c30b0e8043f709203f08f4cca45f38b6d281ea1f	1	0	1	changed files differ; may include obsolete versions	"fix(coherency): the 3"" elevation allowance triggers on real elevation, not a drag lift"	c30b0e8043f7
refs/heads/heightsb1-pr2-melee-height	169040d7cb9c0d5ac5c536bd5ea7a08610608d8f	2	0	0	changed files differ; may include obsolete versions	"fix(epoch): keep ""MIRROR HOLD:"" on one line so tools/epoch_gate_check.py sees it"	169040d7cb9c,74f18184054c
refs/heads/heightsb1-pr3-climb-cost	cd2060b9bea456a602036b01e04af575375ecefd	1	0	1	changed files differ; may include obsolete versions	fix(move): a human move pays its climb cost (GF p.11)	cd2060b9bea4
refs/heads/heightsb1-pr4-floor-select	f0aac1b53a01b5d8849dabf8228bc7a6bd4647ba	2	0	0	changed files differ; may include obsolete versions	fix(input): the floor-pick wheel moves from _input to _unhandled_input	74e4e6e51539,f0aac1b53a01
refs/heads/heightsb1-pr5-docs-gate	f375d83f3f2a54bf202214f47603063c6641d443	1	0	1	changed files differ; may include obsolete versions	docs: phase B1 heights — CHANGELOG, ROADMAP, ARCHITECTURE, rules coverage	f375d83f3f2a
refs/heads/heightsb2-fix-sandbox-shapes	6334487a3a7722f4da13f11bf5cfcc0aaefa2b18	1	0	1	changed files differ; may include obsolete versions	fix(terrain): free forests and hazard fields are typed by kind, not RUINS, and listed once	6334487a3a77
refs/heads/heightsb2-step16-ledge-cost	f67e713aebee20e514ed7f480949c15a7684d5a3	1	0	1	changed files differ; may include obsolete versions	feat(planner): ledges — a leg crossing a climbable edge pays its climb inches (heights B2 step 16)	f67e713aebee
refs/heads/heightsb2-step17-ai-climb	3c3715a428165a96912402d719288318bdab82da	2	0	0	changed files differ; may include obsolete versions	test(solo): the unwired-ledge case plans only — a blocked execute needs an army manager (CI shard 4 crash)	3c3715a42816,f3039adc19ff
refs/heads/heightsb2-step18-ledges-corpus	8ff183f782d012bd4bb1918a84d03bc82b1b4dab	1	0	1	changed files match baseline; already integrated	"feat(corpus): move calls record opts[""ledges""] as rows, the recheck rebuilds them (heights B2 step 18)"	8ff183f782d0
refs/heads/heightsb2-step19-rust-ledges	d4c8a3ed08969699b6ec82672342b7bc5fffab7e	1	0	1	changed files differ; may include obsolete versions	feat(core/mv): ledges — the Rust planner prices and spends climbs like the GDScript one (heights B2 step 19)	d4c8a3ed0896
refs/heads/heightsb2-step20-epoch-climb	e58614576d8914347157dfa32859c169b8f7fbb9	2	0	0	changed files differ; may include obsolete versions	fix(core/mv): ledge crossings keep Godot's CMP_EPSILON band — a corner touch pays both edges	e58614576d89,ff592ffd1882
refs/heads/heightsb2-step22-header	2b289af725014eac4895086bf8c3f60c5dcc5563	1	0	1	changed files match baseline; already integrated	"docs(planner): AI coherency across a ledge stays 1"" in XZ, stricter than the book (heights B2 step 22)"	2b289af72501
refs/heads/kugel-v1	ed3c1f22acc85c69961e3bfbc94ac496336c80e2	2	0	0	ancestry differs; review required	feat(ai): per-seat KUGEL blend gate (NML-1045)	5310e6d80d79,ed3c1f22acc8
refs/heads/ladder/grades	959528fddee787633f0fc96d19e1b0c5f43a3977	1	0	1	all non-merge patches equivalent; merge content not assessed	feat(solo): the NACHTMAHR difficulty ladder — grade model, saved solo_grade, start-of-game grade line (NML-1018 step 1)	959528fddee7
refs/heads/ladder/picker	37fb188e5ee9c189fdfb6c1a4a811ab51124c230	2	0	1	ancestry differs; review required	feat(solo): the difficulty-ladder picker in the AI row of the solo panel (NML-1018 step 2)	37fb188e5ee9,959528fddee7
refs/heads/ladder/picker-rebase	33dd37ce4269a8254e996c1a86efe9162b31a05c	2	0	0	ancestry differs; review required	feat(solo): the closed grade picker shows only the grade name (NML-1018 step 2 polish)	33dd37ce4269,9d469ca38008
refs/heads/ladder/picker-v2	8086f940efc732328c5d7e22b12712e0f16fe1ac	2	0	0	ancestry differs; review required	feat(solo): the closed grade picker shows only the grade name (NML-1018 step 2 polish)	7bba8400a5af,8086f940efc7
refs/heads/lead/act-phase	e1d1fe08776263084ae488d684e436cbc2eab84f	1	0	0	ancestry differs; review required	solo: [ACT_PHASE] instrument — select / act / plan / core wall time per AI activation (behind NML_ACT_WALL)	e1d1fe087762
refs/heads/lead/deploymirror	b22d38b197160853ab176012080b0975874e1787	3	0	0	ancestry differs; review required	core/deployment: iterate the coherency flags by enumerate (clippy needless_range_loop, gate differential)	3eb2504ff5c6,6bc3194afac4,b22d38b19716
refs/heads/local/codeeval-astra-c	1795ed925feb6cfa09f6c0cc056d7252884468c0	1	0	0	ancestry differs; review required	Persist Solo mission identity and scoring state across save loads	1795ed925feb
refs/heads/local/codeeval-fable	569375bf608075a3d13be9031eff622ddf99382d	1	0	0	ancestry differs; review required	fix(save): a Solo game keeps its mission and scoring state through save and load (S1-15)	569375bf6080
refs/heads/local/codeeval-gpt-6-sol	61ea74bea19e244613a37fa8ed46fa4cdff05776	1	0	0	ancestry differs; review required	Preserve Solo mission scoring across save and load	61ea74bea19e
refs/heads/local/codeeval-opus	96a17dfd372ff72b82f97eee4657107c231b1596	1	0	0	ancestry differs; review required	fix(save): a Solo game keeps its mission and scoring state through save and load (S1-15)	96a17dfd372f
refs/heads/local/codeeval-sonnet	d8a7e82e123957a6a0d19ad98191b3d5cd33aca6	1	0	0	ancestry differs; review required	fix(save): a Solo game keeps its mission through save and load (S1-15)	d8a7e82e1239
refs/heads/local/fix-command-channel	99ac27aa66399665e16f148c0a8270a0d7ce1fff	1	0	1	all non-merge patches equivalent; merge content not assessed	fix(mp): validate command-channel frames before dispatch	99ac27aa6639
refs/heads/local/fix-load-integrity	945cd7aec00c05743a477715aa4c60474621c745	1	0	1	all non-merge patches equivalent; merge content not assessed	fix(save): a load restores the object counter and clears an empty overlay	945cd7aec00c
refs/heads/local/fix-mp-consistency	ab890d5fedb2fe40b4b5be6c89ed75a41fde5338	1	0	0	ancestry differs; review required	fix(mp): guest load, ESC-cancelled drag and radial Delete no longer split the table	ab890d5fedb2
refs/heads/local/fix-regiment-save	52d48c9fab89f7530790abcfe3d2276b05334078	1	0	1	all non-merge patches equivalent; merge content not assessed	fix(save): formed AoF regiment models are saved and synced with their tray	52d48c9fab89
refs/heads/local/fix-solo-save	3f27ef664d28cf839e1254fdf480683414a022e4	1	0	1	all non-merge patches equivalent; merge content not assessed	fix(solo): a saved Solo game keeps its AI slot; mission markers and owners survive Map Layout close and save/load	3f27ef664d28
refs/heads/m0-dice-rng	1ff73c43294698b8b0a1fc581aa1d37c46ca6378	40	0	0	ancestry differs; review required	fix(dice): the tray rolls from its own RNG — cosmetics can no longer shift a seeded game's dice (NML-1076)	0dd4dced67c0,0fffe54c056f,12ae8912432f,1b980115b8f2,1ff73c432946,24e3813f27d0,279f01505f8c,30fd1d02eb72,35d00d7d0a29,364955df251f,37c7d033249c,45e4d8c85209,4dab71cef122,501b6662de72,55705136352b,560b4aa388cf,6dea668cf69e,6ea229c8991f,6ef6eb6f4313,740e6e5a495c,754e8e642d27,7de529a6b2b7,8874d6ac8752,8bde4dcb4047,8c6ce35475df,9a133eac2b3d,a8e0f3dd0d9e,aabe6e7332cc,afced0f96ce5,c15eba9db12e,c220913c741e,c9003a078d2f,d7316025c6f4,dabd1da70b00,db593e7ef12e,df74ebb992bd,e58b9c40c889,e6f88f667b13,f338e0961aa9,fa72aafd7ed1
refs/heads/m0-dice-rng-tests	549961529c31d0890982f7406392801f7674771c	41	0	0	ancestry differs; review required	test(e2e): dice-pinned volley fixtures seed the tray RNG and re-pick their seeds after NML-1076	0dd4dced67c0,0fffe54c056f,12ae8912432f,1b980115b8f2,1ff73c432946,24e3813f27d0,279f01505f8c,30fd1d02eb72,35d00d7d0a29,364955df251f,37c7d033249c,45e4d8c85209,4dab71cef122,501b6662de72,549961529c31,55705136352b,560b4aa388cf,6dea668cf69e,6ea229c8991f,6ef6eb6f4313,740e6e5a495c,754e8e642d27,7de529a6b2b7,8874d6ac8752,8bde4dcb4047,8c6ce35475df,9a133eac2b3d,a8e0f3dd0d9e,aabe6e7332cc,afced0f96ce5,c15eba9db12e,c220913c741e,c9003a078d2f,d7316025c6f4,dabd1da70b00,db593e7ef12e,df74ebb992bd,e58b9c40c889,e6f88f667b13,f338e0961aa9,fa72aafd7ed1
refs/heads/m0-digest-y	ea8e9836005eb47c2ae23865a3c2c4cbf1ddfd13	45	0	0	ancestry differs; review required	feat(trace): the state digest sees model height — a 2 mm drop-animation drift is no longer invisible (NML-1073 M0-3b)	0dd2beb29ec9,0dd4dced67c0,0fffe54c056f,12ae8912432f,1b980115b8f2,24e3813f27d0,279f01505f8c,30fd1d02eb72,35d00d7d0a29,364955df251f,37c7d033249c,45e4d8c85209,4dab71cef122,501b6662de72,55705136352b,560b4aa388cf,62ce35187383,63323660ecb4,6dea668cf69e,6ea229c8991f,6ef6eb6f4313,740e6e5a495c,754e8e642d27,7de529a6b2b7,8874d6ac8752,8bde4dcb4047,8c6ce35475df,959105575cde,9a133eac2b3d,a8e0f3dd0d9e,a95c3a440d53,aabe6e7332cc,afced0f96ce5,c15eba9db12e,c220913c741e,c9003a078d2f,d7316025c6f4,dabd1da70b00,db593e7ef12e,df74ebb992bd,e58b9c40c889,e6f88f667b13,ea8e9836005e,f338e0961aa9,fa72aafd7ed1
refs/heads/m0-recorder	fa72aafd7ed1df1c835aa9f0e7b78cc97c280c5a	38	0	0	ancestry differs; review required	feat(trace): dice tap — every tray roll becomes a decision record (NML-1073 M0-1)	0dd4dced67c0,0fffe54c056f,1b980115b8f2,24e3813f27d0,279f01505f8c,30fd1d02eb72,35d00d7d0a29,364955df251f,37c7d033249c,45e4d8c85209,4dab71cef122,501b6662de72,55705136352b,560b4aa388cf,6dea668cf69e,6ea229c8991f,6ef6eb6f4313,740e6e5a495c,754e8e642d27,7de529a6b2b7,8874d6ac8752,8bde4dcb4047,8c6ce35475df,9a133eac2b3d,a8e0f3dd0d9e,aabe6e7332cc,afced0f96ce5,c15eba9db12e,c220913c741e,c9003a078d2f,d7316025c6f4,dabd1da70b00,db593e7ef12e,df74ebb992bd,e58b9c40c889,e6f88f667b13,f338e0961aa9,fa72aafd7ed1
refs/heads/m0-recorder-digest	775db54f8c4b068b06ce506347d9fcf43ab65bbd	45	0	0	ancestry differs; review required	feat(trace): the state digest sees model height — a 2 mm drop-animation drift is no longer invisible (NML-1073 M0-3b)	0dd2beb29ec9,0dd4dced67c0,0fffe54c056f,12ae8912432f,1b980115b8f2,24e3813f27d0,279f01505f8c,30fd1d02eb72,35d00d7d0a29,364955df251f,37c7d033249c,45e4d8c85209,4dab71cef122,501b6662de72,55705136352b,560b4aa388cf,62ce35187383,63323660ecb4,6dea668cf69e,6ea229c8991f,6ef6eb6f4313,740e6e5a495c,754e8e642d27,775db54f8c4b,7de529a6b2b7,8874d6ac8752,8bde4dcb4047,8c6ce35475df,959105575cde,9a133eac2b3d,a8e0f3dd0d9e,a95c3a440d53,aabe6e7332cc,afced0f96ce5,c15eba9db12e,c220913c741e,c9003a078d2f,d7316025c6f4,dabd1da70b00,db593e7ef12e,df74ebb992bd,e58b9c40c889,e6f88f667b13,f338e0961aa9,fa72aafd7ed1
refs/heads/m0-recorder-rng	12ae8912432f4dfb895d690456822e4546980817	39	0	0	ancestry differs; review required	feat(trace): rng tap — every referee draw becomes a decision record (NML-1073 M0-2)	0dd4dced67c0,0fffe54c056f,12ae8912432f,1b980115b8f2,24e3813f27d0,279f01505f8c,30fd1d02eb72,35d00d7d0a29,364955df251f,37c7d033249c,45e4d8c85209,4dab71cef122,501b6662de72,55705136352b,560b4aa388cf,6dea668cf69e,6ea229c8991f,6ef6eb6f4313,740e6e5a495c,754e8e642d27,7de529a6b2b7,8874d6ac8752,8bde4dcb4047,8c6ce35475df,9a133eac2b3d,a8e0f3dd0d9e,aabe6e7332cc,afced0f96ce5,c15eba9db12e,c220913c741e,c9003a078d2f,d7316025c6f4,dabd1da70b00,db593e7ef12e,df74ebb992bd,e58b9c40c889,e6f88f667b13,f338e0961aa9,fa72aafd7ed1
refs/heads/m0-recorder-verify	290759ce595eb0e8b469b4fde958c18f96064586	39	0	0	ancestry differs; review required	fix(arena): a fresh user:// replays the same dice as a warm one (NML-1073 M0-0b)	0dd4dced67c0,0fffe54c056f,1b980115b8f2,24e3813f27d0,279f01505f8c,290759ce595e,30fd1d02eb72,35d00d7d0a29,364955df251f,37c7d033249c,45e4d8c85209,4dab71cef122,501b6662de72,55705136352b,560b4aa388cf,6dea668cf69e,6ea229c8991f,6ef6eb6f4313,740e6e5a495c,754e8e642d27,7de529a6b2b7,8874d6ac8752,8bde4dcb4047,8c6ce35475df,9a133eac2b3d,a8e0f3dd0d9e,aabe6e7332cc,afced0f96ce5,c15eba9db12e,c220913c741e,c9003a078d2f,d7316025c6f4,dabd1da70b00,db593e7ef12e,df74ebb992bd,e58b9c40c889,e6f88f667b13,f338e0961aa9,fa72aafd7ed1
refs/heads/main	f9d1f9724bd105a72d61d1d8cdfe321e40386ce4	0	0	0	ancestor of baseline	core/playout: the greedy brain rushes the k nearest objectives (playout_rush_k knob, default 1) (#1067)	-
refs/heads/mapbuild/a0	34c04062ef22b5c35dea36fb6bc5000b468d9fcb	1	0	1	all non-merge patches equivalent; merge content not assessed	ui(map editor): A0 inventory e2e test of every editor control	34c04062ef22
refs/heads/mapbuild/a1	d56416ddc569c1cde0ad3356830d13b553623137	2	0	2	all non-merge patches equivalent; merge content not assessed	ui(map editor): A1 English node names and prefab display names	34c04062ef22,d56416ddc569
refs/heads/mapbuild/a10	73742d6115c97b182be183b9b09f560df91c2623	2	0	0	ancestry differs; review required	keep the A9-owned size label line untouched	73742d6115c9,8ac2e9482ab4
refs/heads/mapbuild/a11	a7ced818ef20a4a40f20d5f1aa6ea0ee32e98049	1	0	1	all non-merge patches equivalent; merge content not assessed	ui(map editor): A11 file dialogs in the house theme with pinned titles	a7ced818ef20
refs/heads/mapbuild/a12	8ec60886b24f865135d80b8d58768209d7b96b54	2	0	0	ancestry differs; review required	fix(ui): dock the terrain shelf right of the left panel so it never covers Terrain Mode / Clear Table	30dc16adaa70,8ec60886b24f
refs/heads/mapbuild/a13	0e36898fca9a2680953fa69bec05d78495cead1b	1	0	1	all non-merge patches equivalent; merge content not assessed	ui(map editor): A13 grep gate for HudTokens and paint overrides	0e36898fca9a
refs/heads/mapbuild/a2	dcd6b98c0b37c7b226a274ebff699d4d3aa53a06	3	0	3	all non-merge patches equivalent; merge content not assessed	ui(map editor): A2 root and header in the house style	34c04062ef22,d56416ddc569,dcd6b98c0b37
refs/heads/mapbuild/a3	f3fc2fd159b27e9509b863c03c33fad130e93860	1	0	1	all non-merge patches equivalent; merge content not assessed	ui(map editor): A3 tabs become a segment button row	f3fc2fd159b2
refs/heads/mapbuild/a4	99c2e62e19269e0f153d16f4925ea621fe4d8fbf	1	0	1	all non-merge patches equivalent; merge content not assessed	ui(map editor): A4 terrain tab part 1: type segments, mode/piece/wall rows	99c2e62e1926
refs/heads/mapbuild/a5	a09fcec63092fcd300610856c725dbc4dc14d33c	1	0	1	all non-merge patches equivalent; merge content not assessed	ui(map editor): A5 terrain tab part 2: undo/redo, autogen, rotation slider	a09fcec63092
refs/heads/mapbuild/a6	c9d83bb13b53e8d7ac77e08910c18b07aed66f06	1	0	1	all non-merge patches equivalent; merge content not assessed	ui(map editor): A6 stats and guidelines in a card with per-line tones	c9d83bb13b53
refs/heads/mapbuild/a7	9b4fac107f977358329293d031597a5c37c4d7c9	1	0	1	all non-merge patches equivalent; merge content not assessed	ui(map editor): A7 objectives tab in the house style	9b4fac107f97
refs/heads/mapbuild/a8	6e74243e985d68d2d09251096db6fbc130985cd2	2	0	0	ancestry differs; review required	test: A8 tab lookup works with either node name	11fff6d7b872,6e74243e985d
refs/heads/mapbuild/a9	d957099a02cc4aafcdfbe5662d7eef9700f115f7	1	0	1	all non-merge patches equivalent; merge content not assessed	ui(map editor): A9 canvas part 1: grid chrome from house tokens	d957099a02cc
refs/heads/mapbuild/all	ca278d5c9118de2bb81b2eddf6a87c880037b9c6	25	16	13	ancestry differs; review required	all: adapt tests to R1/R3 + gate	11be9ad71de1,14f5cbd390a2,17a0af0da673,32cc0cb12898,34c04062ef22,461f3110b09c,49ded83d29a7,4a0fb438bcd4,5ab6592a3412,750da1352206,8600646a5469,89eb44c9073f,8ac2e9482ab4,9b4fac107f97,a7ced818ef20,afede7233b49,b69a8236c5f1,c1cf6821aee4,ca278d5c9118,d56416ddc569,d957099a02cc,dbfee7c7cba3,dcd6b98c0b37,dd74b54380eb,ec1df365858f
refs/heads/mapbuild/f1	17a0af0da6738c6149a89efc65b4e55451b39f59	1	0	1	all non-merge patches equivalent; merge content not assessed	ui(map editor): F1 gap meter measures the table, dash instead of inf	17a0af0da673
refs/heads/mapbuild/f2	c1cf6821aee4139820c752610b1e609da28752f7	1	0	1	all non-merge patches equivalent; merge content not assessed	ui(map editor): F2 custom-zone Confirm needs 3 points, Start keeps old zone	c1cf6821aee4
refs/heads/mapbuild/f3	5ab6592a34120d7ec5da8c33e504440cbda9c575	1	0	1	all non-merge patches equivalent; merge content not assessed	ui(map editor): F3 shelf Place lands at the last aimed table point	5ab6592a3412
refs/heads/mapbuild/f4	750da1352206b5c79a1151d96a5aba246d96c5b7	1	0	1	all non-merge patches equivalent; merge content not assessed	ui(map editor): F4 no-op paint stroke pushes no undo step	750da1352206
refs/heads/mapbuild/f5	dbfee7c7cba3f2e304e14bd721de4e0f29496922	1	0	1	all non-merge patches equivalent; merge content not assessed	ui(map editor): F5 client layout sync writes the source model	dbfee7c7cba3
refs/heads/mapbuild/f6	509567ea686b75ad928fcf457990f2d364fce853	1	0	1	all non-merge patches equivalent; merge content not assessed	ui(map editor): F6 stats need no UI, headless dump prints 0 SCRIPT ERROR	509567ea686b
refs/heads/mapbuild/f7	a19d46ad5b69cdc4624b321051eebff817f9c7ea	1	0	1	all non-merge patches equivalent; merge content not assessed	ui(map editor): F7 Clear zones also clears them on the 3D table	a19d46ad5b69
refs/heads/mapbuild/probe	57eb610fa4dc6af06a21a89f4c0c56ab5871a13a	3	1	1	ancestry differs; review required	Merge branch 'mapbuild/a12' into mapbuild/probe	0e36898fca9a,41042816720a,f732f78f3450
refs/heads/mapbuild/queue	16bd607a2a1b75efccf17a6fc8946b448361cf5b	15	13	9	ancestry differs; review required	Merge branch 'mapbuild/r7' into mapbuild/queue	1d29026cf2ac,266fa2c32f8c,32cc0cb12898,461f3110b09c,6f048d946e7a,73742d6115c9,8ac2e9482ab4,9b4fac107f97,a7ced818ef20,b6daf28b2fbe,b6dff26fd7fc,d957099a02cc,e39e77b0fcd4,e6c04d807e74,f3fc2fd159b2
refs/heads/mapbuild/r1	07bf5eb8435a120fc6d8129d3366742dd39f2d94	3	0	0	ancestry differs; review required	test: adapt the A4 chrome test to the mode segments and Erase	07bf5eb8435a,5021cd047fa3,6e0d8164abdb
refs/heads/mapbuild/r12	bf46bddd5d3d67653403ba48154e049e9b33a1d6	1	0	1	all non-merge patches equivalent; merge content not assessed	ui(map editor): R12 shelf click-to-place ghost	bf46bddd5d3d
refs/heads/mapbuild/r2	51ee05e89439472f25f0b12edcbba5f2b361d317	1	0	1	all non-merge patches equivalent; merge content not assessed	ui(map editor): R2 hint line under the mode, wheel always zooms	51ee05e89439
refs/heads/mapbuild/r3	a61638f60acaf2e761a7e714e0a2decdfb7d31df	1	0	1	all non-merge patches equivalent; merge content not assessed	ui(map editor): R3 Clear terrain asks first and says what it clears	a61638f60aca
refs/heads/mapbuild/r4	b6daf28b2fbedcfe790262fce9edeffd2e7e0868	1	0	1	all non-merge patches equivalent; merge content not assessed	ui(map editor): R4 undo covers objectives	b6daf28b2fbe
refs/heads/mapbuild/r5	6f048d946e7a1e0d66c1e9b6c0d74981bb0f5a37	1	0	0	ancestry differs; review required	ui(map editor): R5 undo covers custom zone vertices	6f048d946e7a
refs/heads/mapbuild/r6	1d29026cf2ac7b369d3ce870b2da7ef6d89dd392	1	0	1	all non-merge patches equivalent; merge content not assessed	ui(map editor): R6 Load asks first and keeps the old map as an undo step	1d29026cf2ac
refs/heads/mapbuild/r7	16e4c45e80d9981224a2bacf0f02a717db9f4a96	1	0	1	all non-merge patches equivalent; merge content not assessed	ui(map editor): R7 table-size change says what it cleared and is undoable	16e4c45e80d9
refs/heads/mapbuild/scratch-shots	b9abc9fb98c63bb0de114b0c2a230e03f37d6163	26	16	14	ancestry differs; review required	ui(map editor): F7 Clear zones also clears them on the 3D table	11be9ad71de1,14f5cbd390a2,17a0af0da673,32cc0cb12898,34c04062ef22,461f3110b09c,49ded83d29a7,4a0fb438bcd4,5ab6592a3412,750da1352206,8600646a5469,89eb44c9073f,8ac2e9482ab4,9b4fac107f97,a7ced818ef20,afede7233b49,b69a8236c5f1,b9abc9fb98c6,c1cf6821aee4,ca278d5c9118,d56416ddc569,d957099a02cc,dbfee7c7cba3,dcd6b98c0b37,dd74b54380eb,ec1df365858f
refs/heads/mb-base/T1_grounded	8ee7886bc1c98db4c409cec3e928e073d5dbd54b	0	0	0	ancestor of baseline	Merge pull request #817 from DutchMaxwell/fix/654-terrain-dump-free	-
refs/heads/mb-base/T2_seam4pr2	4d0e51f90735b20735a498af6539c62629f0a014	0	0	0	ancestor of baseline	Merge pull request #843 from DutchMaxwell/seam4-pr1-utility-record-shape	-
refs/heads/mb-base/T3_growthdef	5954ce5453fdd7416a49ca26ae1def9df6eed8dd	0	0	0	ancestor of baseline	Merge pull request #853 from DutchMaxwell/seam4-pr2-ap-def-reads	-
refs/heads/mb-base/T4_rebase853	3528e50fb00dd4259084caf75531a909a4444cdb	0	0	0	ancestor of baseline	Merge pull request #852 from DutchMaxwell/port-entrenched	-
refs/heads/mb-base/T5_semantics	87d50d54fad1fb60a7acdc718ffa960ec06df6f5	0	0	0	ancestor of baseline	Merge pull request #856 from DutchMaxwell/fix-growth-def-sign	-
refs/heads/mb-base/T6_swift	2d2deee4ef26e622149cd077a44aa72062652dcb	0	0	0	ancestor of baseline	Merge pull request #858 from DutchMaxwell/census-sniper-remove-na	-
refs/heads/mb-head/T4_rebase853	54fea24eee94a7cfd44ed2d373b8acf7fdc859de	8	0	6	ancestry differs; review required	test(census): the shared-primitive pin's unread param moves to move_mod — def_mod is read since seam 4 PR 2	05839ff09d24,0633cf50737f,54fea24eee94,786c17ddb542,cad7ae9ad434,cba7bac36251,eab1629ab7a6,f79ef8cb0497
refs/heads/mc-offline-5ce	ffe95d862e6689a7dd01351e8fb1aae1b5df7e73	1	0	0	ancestry differs; review required	tooling(mc-offline): score_menu + policy_menu bindings and the mcbench cost bin (never pushed)	ffe95d862e66
refs/heads/mc-offline-tooling	b3c0244112469a0798139c1234c6a16cb5645036	3	0	0	ancestry differs; review required	tooling(s3): playout_both_rich header knob (default off) + both_rich_player seat seam for the S3 A/B (never pushed)	50fe90dff287,b3c024411246,f8aa0f2b4102
refs/heads/measure/table-debuff-ev	ad3ee618a8f88ae144154b395140565b52cd5122	1	0	0	ancestry differs; review required	measure: gdUnit suite printing the table's debuff EV per shape (no asserts, shard stays green)	ad3ee618a8f8
refs/heads/misc/privacy-example-version	51b5b006c724202dbf998f572350475bf0403099	1	0	1	all non-merge patches equivalent; merge content not assessed	fix(privacy): the shown example record carries application/config/version	51b5b006c724
refs/heads/misc/unstoppable-order	a096caf265accd57e1956c23cd26e120cfb8e15b	2	0	0	ancestry differs; review required	test(solo): the act-recorder suite restores AiActRecorder.rules_epoch it overwrites	1a4b0b79cbc8,a096caf265ac
refs/heads/missionplay-eval-variant-3	3da7bbda5128d3fef44dabb5f3189aa9682c6ce4	1	0	1	all non-merge patches equivalent; merge content not assessed	feat(core): eval_variant 3 = the round_vp currency in the hand leaf (mission-play step 2)	3da7bbda5128
refs/heads/missions-c1-carry-step	7bb033d04c544f7c7b808e4b07355e069a065c5e	1	0	1	all non-merge patches equivalent; merge content not assessed	feat(missions): the carry step for Relic Hunt / Capture & Hold's referee (wave C step C1, D78 a)	7bb033d04c54
refs/heads/missions-c2-live-pickup	51a9a660d82f4b318f83b147b2ab604a0e7cc3bc	2	0	2	all non-merge patches equivalent; merge content not assessed	feat(missions): live relic pickup and drop (wave C step C2)	51a9a660d82f,7bb033d04c54
refs/heads/missions-c2-live-pickup-pr	4112e86c15120f9ebc7ad1464bb7e2394a951999	1	0	1	all non-merge patches equivalent; merge content not assessed	feat(missions): live relic pickup and drop (wave C step C2)	4112e86c1512
refs/heads/missions-c3-drop-placement	a192f4e17445587522401ab0f09945e65290b63c	3	0	3	all non-merge patches equivalent; merge content not assessed	feat(missions): deterministic relic drop point (wave C step C3a)	51a9a660d82f,7bb033d04c54,a192f4e17445
refs/heads/missions-c3a-pr	9ee8bc755338b909766788016843a4d0334dfb4c	1	0	1	all non-merge patches equivalent; merge content not assessed	feat(missions): deterministic relic drop point (wave C step C3a)	9ee8bc755338
refs/heads/missions-c3b-human-drop	cc5a22a53df59481db569bfd416fb6d974bc44f1	4	0	3	ancestry differs; review required	feat(missions): human relic drop placement (wave C step C3b)	51a9a660d82f,7bb033d04c54,a192f4e17445,cc5a22a53df5
refs/heads/missions-c3b-pr	b5786612e168da9e95c52f5e707d1c3f6645abf4	1	0	1	all non-merge patches equivalent; merge content not assessed	feat(missions): human relic drop placement (wave C step C3b)	b5786612e168
refs/heads/missions-c4-carry-save-load	751d8db9222e66c726736d9a9942a1a21e486a6f	5	0	4	ancestry differs; review required	feat(missions): rebind carried relics after load (wave C step C4)	51a9a660d82f,751d8db9222e,7bb033d04c54,a192f4e17445,cc5a22a53df5
refs/heads/missions-c4-pr	33dedae344093eefd9ec1dfa7eb9df068efc5093	1	0	1	all non-merge patches equivalent; merge content not assessed	feat(missions): rebind carried relics after load (wave C step C4)	33dedae34409
refs/heads/missions-c5a-clippy	6111e9f099f804d72afa8ec3e5bab5e5e0b6bab9	2	0	0	ancestry differs; review required	Fix carry step Clippy range loop	0f931e4ae32d,6111e9f099f8
refs/heads/missions-c5a-core-carry	94156dc31ea9ba4d68bc2cac2bcd3d7a07c61d77	6	0	4	ancestry differs; review required	Add core relic carry referee and drop parity	51a9a660d82f,751d8db9222e,7bb033d04c54,94156dc31ea9,a192f4e17445,cc5a22a53df5
refs/heads/missions-c5a-pr	0f931e4ae32d6a4caf69d7c443f95c7b5983853e	1	0	0	ancestry differs; review required	Add core relic carry referee and drop parity	0f931e4ae32d
refs/heads/missions-c5b-c6-pr	ae3db05658548280c55ad6be9cf48e880aa6058e	2	0	0	ancestry differs; review required	Expose relic carry to Python selfplay	7947b2118a72,ae3db0565854
refs/heads/missions-c5b-core-sim-carry	124ab7ff9e750303f89caa2032a09c1e6c20b241	7	0	4	ancestry differs; review required	Wire relic carry into core simulation and rollout	124ab7ff9e75,51a9a660d82f,751d8db9222e,7bb033d04c54,94156dc31ea9,a192f4e17445,cc5a22a53df5
refs/heads/missions-c6-python-carry	617dc37e3f714b5cdb51e7334d559621680a808e	8	0	4	ancestry differs; review required	Expose relic carry to Python selfplay	124ab7ff9e75,51a9a660d82f,617dc37e3f71,751d8db9222e,7bb033d04c54,94156dc31ea9,a192f4e17445,cc5a22a53df5
refs/heads/missions-c7-carry-eval	4bcef742bdb975e365b0c748c0f486d8b6a236b0	9	0	5	ancestry differs; review required	Price carried relics by carrier survival	124ab7ff9e75,4bcef742bdb9,51a9a660d82f,617dc37e3f71,751d8db9222e,7bb033d04c54,94156dc31ea9,a192f4e17445,cc5a22a53df5
refs/heads/missions-c7-pr	dd90e71cd205baf3235b99614134a44daa6416c0	1	0	1	all non-merge patches equivalent; merge content not assessed	Price carried relics by carrier survival	dd90e71cd205
refs/heads/missions-c8-carry-catalog	779209b392fbca7682373944c15f7a80f3f68ab3	10	0	5	ancestry differs; review required	Add Relic Hunt and Capture & Hold missions	124ab7ff9e75,4bcef742bdb9,51a9a660d82f,617dc37e3f71,751d8db9222e,779209b392fb,7bb033d04c54,94156dc31ea9,a192f4e17445,cc5a22a53df5
refs/heads/missions-c8-carry-catalog-pr	7971e3ebd69f2b0d0772b32ac14e58281d570452	1	0	1	all non-merge patches equivalent; merge content not assessed	feat(missions): Relic Hunt and Capture & Hold in the catalog (wave C step C8)	7971e3ebd69f
refs/heads/missions-c9-1-live-seize	6c567b6bf9fe29458207efd630ed18c01c31485f	1	0	1	all non-merge patches equivalent; merge content not assessed	fix(missions): live table keeps a carried relic with its carrier (wave C gate C9.1)	6c567b6bf9fe
refs/heads/missions-c9-2-round-record	e66eeb9a3cc0bc51bbc51990fcf382871403d3ea	1	0	1	all non-merge patches equivalent; merge content not assessed	feat(missions): record the table's round-end referee per round (wave C gate C9.2)	e66eeb9a3cc0
refs/heads/missions-c9-3-carrier-key	635e736e91d1b2877c5c9df8e7be96656c1d229a	1	0	1	all non-merge patches equivalent; merge content not assessed	fix(core): read the table's relic carrier key in the JSON reader (wave C gate C9.3)	635e736e91d1
refs/heads/missions-c9-4-round-end	3c2613945f353c01d0a0d37615bd46dfbd1e6b0a	2	0	2	all non-merge patches equivalent; merge content not assessed	feat(selfplay): one round-end referee; replays inherit the recorded mission (wave C gate C9.4)	3c2613945f35,635e736e91d1
refs/heads/missions-c9-5-referee-gate	122a6a841b20b5dcf2e67822823132b3d582b87c	3	0	3	all non-merge patches equivalent; merge content not assessed	feat(tools): the wave-C referee replay gate (wave C gate C9.5)	122a6a841b20,3c2613945f35,635e736e91d1
refs/heads/missions-c9-6-outcome-door	b55558916c50308bd3a415fe9ff55ee192eae9cc	3	0	3	all non-merge patches equivalent; merge content not assessed	feat(tools): outcome gate --mission door and a VP/round row (wave C gate C9.6)	3c2613945f35,635e736e91d1,b55558916c50
refs/heads/missions-c9-9-ab-mission-door	f9cc5cd7dd3c9ebc498f7b126767a8ac91a6e951	1	0	1	all non-merge patches equivalent; merge content not assessed	feat(tools): eval_ab_one --mission door (wave C gate C9.9)	f9cc5cd7dd3c
refs/heads/missions-c9-gate-build	ec7de806a2657d7437f1fbd89a3a8dd34f87dd73	11	0	8	ancestry differs; review required	Add Relic Hunt and Capture & Hold missions	17e2d3a43510,1eb954b1df97,4d2df27848ec,70f484bcef28,96b58b87de8d,9c609164fa59,a6bef40994c8,ec7de806a265,ece627b23d8a,f9c3639cb7de,fe4bd5b8053c
refs/heads/missions-c9-wave-c-gate	779209b392fbca7682373944c15f7a80f3f68ab3	10	0	5	ancestry differs; review required	Add Relic Hunt and Capture & Hold missions	124ab7ff9e75,4bcef742bdb9,51a9a660d82f,617dc37e3f71,751d8db9222e,779209b392fb,7bb033d04c54,94156dc31ea9,a192f4e17445,cc5a22a53df5
refs/heads/missions-d1-rounds-from-catalog	2c0b3935d0eb5e053547d2d3943a0d5c91a5ec7a	1	0	1	all non-merge patches equivalent; merge content not assessed	missions(D1): match length from the catalog, table + python twin	2c0b3935d0eb
refs/heads/missions-d10a	cc2446c60ec5b680c946ccd8b4b49ee75d842a68	1	0	1	all non-merge patches equivalent; merge content not assessed	missions(D10a): the VIP marker moves at round start (human click within 12 in, AI walks it, R10a)	cc2446c60ec5
refs/heads/missions-d10b	ec3983f3f0fc830b652c5447f75f03faf725e1e7	1	0	1	all non-merge patches equivalent; merge content not assessed	missions(D10b): the VIP marker move in the core, the rollout round start and the selfplay seam	ec3983f3f0fc
refs/heads/missions-d11a-recycle	4ef90cbd11c932e5fe6d439112c1a37bb437839a	0	0	0	ancestor of baseline	core: dangerous_end_morale flags the SKIPPED p.10 test, never the ported one (tray census) (#1401)	-
refs/heads/missions-d11a-recycle-b	716a8bb3393aa51d4472892f675e98df26ade885	1	0	1	all non-merge patches equivalent; merge content not assessed	missions(D11a): Last Stand recycling on the table	716a8bb3393a
refs/heads/missions-d11b-recycle-core	6f327b97a9c7be5d4ccc9b1e0fc224d84203bd4d	0	0	0	ancestor of baseline	missions(D11a): Last Stand recycling on the table (#1402)	-
refs/heads/missions-d11b-recycle-core-b	10d4611068356f724928f8639aee734a70e5f3a2	1	0	1	all non-merge patches equivalent; merge content not assessed	missions(D11b): Last Stand recycling in the core and the Python seam	10d461106835
refs/heads/missions-d12a	48d19f3444ee77ca62fe326ae19215da69b189d5	1	0	1	all non-merge patches equivalent; merge content not assessed	missions(D12a): secret markers on the table (AI hides trap and relic, the attacker seize reveals)	48d19f3444ee
refs/heads/missions-d12a2	e5cce6978d08f8592bfa019a1da01cb8df5fb0e7	1	0	1	all non-merge patches equivalent; merge content not assessed	missions(D12a-2): the human defender hides trap and relic with two clicks on the Map Tool	e5cce6978d08
refs/heads/missions-d12b	1822248057ca638144780cb98bed457e40a1e0ee	2	0	0	ancestry differs; review required	missions(D12b): name the reveal return type (clippy type_complexity gate)	1822248057ca,9bd6a6cc5f46
refs/heads/missions-d12c	cb58fe02e7cf771a0c520b5e4ec4b9ae87ded76d	1	0	1	all non-merge patches equivalent; merge content not assessed	missions(D12c): fog of war - the attacker seat never captures an unrevealed secret marker	cb58fe02e7cf
refs/heads/missions-d12c2	e8b196bc3fe84ed28fe6ab5f7a518b7838b28827	1	0	1	all non-merge patches equivalent; merge content not assessed	missions(D12c-2): the eval prices fogged markers at 1/n relic and 1/n trap	e8b196bc3fe8
refs/heads/missions-d13	316136311a1069cdbcedfd937851c4b2f27347e2	1	0	1	all non-merge patches equivalent; merge content not assessed	missions(D13a): role-aware hand eval, core twin (escort / extract terms, reserves as future presence)	316136311a10
refs/heads/missions-d13b-gd	c9730847f88c2b15631fc24f766acbf76d52cf94	1	0	1	all non-merge patches equivalent; merge content not assessed	missions(D13b): role-aware hand eval, GDScript twin incl. the fog pricing	c9730847f88c
refs/heads/missions-d14-0	aef261bd2090f8e86d8dd8bbc2eedddced2dcbf2	1	0	1	all non-merge patches equivalent; merge content not assessed	missions(D14.0): the role missions get a verdict - end_verdict on the table, _verdict in selfplay	aef261bd2090
refs/heads/missions-d14-1-raid	d2f53ab2ecafc5518836faa8813ac1e20932bf9e	1	0	1	all non-merge patches equivalent; merge content not assessed	missions(D14.1): The Raid joins the catalog	d2f53ab2ecaf
refs/heads/missions-d14-1-raid-b	d2f53ab2ecafc5518836faa8813ac1e20932bf9e	1	0	1	all non-merge patches equivalent; merge content not assessed	missions(D14.1): The Raid joins the catalog	d2f53ab2ecaf
refs/heads/missions-d14-2a-own-zone	67bee94d3b4ace7174222a1ae6fc6730035b21ef	1	0	1	all non-merge patches equivalent; merge content not assessed	"missions(D14.2a): the phase zone ""own"" - the mission deployment zone at the side own table half"	67bee94d3b4a
refs/heads/missions-d14-2a-own-zone-b	67bee94d3b4ace7174222a1ae6fc6730035b21ef	1	0	1	all non-merge patches equivalent; merge content not assessed	"missions(D14.2a): the phase zone ""own"" - the mission deployment zone at the side own table half"	67bee94d3b4a
refs/heads/missions-d14-2b-own-seam	1a58196d9908a69aaa370e7be6f33ea2a1254aab	1	0	1	all non-merge patches equivalent; merge content not assessed	"missions(D14.2b): the phase zone ""own"" through the Python seam"	1a58196d9908
refs/heads/missions-d14-2b-own-seam-b	1a58196d9908a69aaa370e7be6f33ea2a1254aab	1	0	1	all non-merge patches equivalent; merge content not assessed	"missions(D14.2b): the phase zone ""own"" through the Python seam"	1a58196d9908
refs/heads/missions-d14-2c-ambush	205f05905f4caee26d26082e268ebb6a7aa2aa2c	1	0	1	all non-merge patches equivalent; merge content not assessed	missions(D14.2c): Ambush joins the catalog	205f05905f4c
refs/heads/missions-d14-2c-ambush-b	205f05905f4caee26d26082e268ebb6a7aa2aa2c	1	0	1	all non-merge patches equivalent; merge content not assessed	missions(D14.2c): Ambush joins the catalog	205f05905f4c
refs/heads/missions-d14-3-last-stand	6106199abf4d042f8c6be9b9d1c810bcea574fcf	1	0	1	all non-merge patches equivalent; merge content not assessed	missions(D14.3): Last Stand joins the catalog	6106199abf4d
refs/heads/missions-d14-4	5de361dc3deb61f54dc8b21b898c744cd459eadd	1	0	1	all non-merge patches equivalent; merge content not assessed	missions(D14.4a): VIP Escort setup on the table - AI start rule, deploy_edge, runtime disc zone	5de361dc3deb
refs/heads/missions-d14-4b	db72ba91b06860f06680fa8e184a5b5e622fe4f3	1	0	1	all non-merge patches equivalent; merge content not assessed	missions(D14.4b): VIP Escort through the python seam - start rule, deploy_edge, owner, runtime disc zone	db72ba91b068
refs/heads/missions-d14-4c	349e6d7c45579344c454a9dfe4f7d3123322a4bf	1	0	1	all non-merge patches equivalent; merge content not assessed	missions(D14.4c): VIP Escort joins the catalog (6 rounds, escort, disc + edge-band phases, mobile marker)	349e6d7c4557
refs/heads/missions-d14-5a-drop-in	4beef00187147468450ccfc86e614dd0034f89a8	0	0	0	ancestor of baseline	missions(D14.1): The Raid joins the catalog (#1421)	-
refs/heads/missions-d14-5a-drop-in-b	f43ea44c944e0416030da239358029598432fe18	1	0	1	all non-merge patches equivalent; merge content not assessed	missions(D14.5a): a marker carries its own drop distance in the core	f43ea44c944e
refs/heads/missions-d14-5b-drop-table	6a64d2f55ee3dcf5abf28570ddf9a4a22b646659	1	0	1	all non-merge patches equivalent; merge content not assessed	missions(D14.5b): a marker drops at its own distance on the table	6a64d2f55ee3
refs/heads/missions-d14-5b-drop-table-b	6a64d2f55ee3dcf5abf28570ddf9a4a22b646659	1	0	1	all non-merge patches equivalent; merge content not assessed	missions(D14.5b): a marker drops at its own distance on the table	6a64d2f55ee3
refs/heads/missions-d14-5c-drop-seam	2828ba9f7f468e8f54b748d5b25e036aa68bcdf3	1	0	1	all non-merge patches equivalent; merge content not assessed	missions(D14.5c): a carry markers drop distance through the Python seam	2828ba9f7f46
refs/heads/missions-d14-5c-drop-seam-b	2828ba9f7f468e8f54b748d5b25e036aa68bcdf3	1	0	1	all non-merge patches equivalent; merge content not assessed	missions(D14.5c): a carry markers drop distance through the Python seam	2828ba9f7f46
refs/heads/missions-d14-5d-carry-only	d028b3ab51cafe9192621e2e9d0fe3f9613dffc0	1	0	1	all non-merge patches equivalent; merge content not assessed	missions(D14.5d): only the attacker carries the Rescue relic (core, table, Python seam)	d028b3ab51ca
refs/heads/missions-d14-5d-carry-only-b	d028b3ab51cafe9192621e2e9d0fe3f9613dffc0	1	0	1	all non-merge patches equivalent; merge content not assessed	missions(D14.5d): only the attacker carries the Rescue relic (core, table, Python seam)	d028b3ab51ca
refs/heads/missions-d14-5e-rescue	d1f095b0e76713e7aadaeb0f97e9608311ac6034	1	0	1	all non-merge patches equivalent; merge content not assessed	missions(D14.5e): The Rescue joins the catalog (+ the pre-game finish skips set-aside units)	d1f095b0e767
refs/heads/missions-d14-5e-rescue-b	d1f095b0e76713e7aadaeb0f97e9608311ac6034	1	0	1	all non-merge patches equivalent; merge content not assessed	missions(D14.5e): The Rescue joins the catalog (+ the pre-game finish skips set-aside units)	d1f095b0e767
refs/heads/missions-d14-6	99356ac25eabc2ea78588f16cf8ff2bb108487c8	2	0	0	ancestry differs; review required	missions(D14.6): the four-rounds guard now follows the catalog (Attack & Defend plays six)	99356ac25eab,c286a9c9881e
refs/heads/missions-d14-catalog	474bbf26427472df093b932ed49002ba2a2f1c8e	0	0	0	ancestor of baseline	missions(D14.6): Smash & Grab catalog entry (#1409)	-
refs/heads/missions-d2a-roles	c8405fb0b027051d8c5f050e457b8bed3440fe42	0	0	0	ancestor of baseline	missions(D1): match length from the catalog, table + python twin (#1311)	-
refs/heads/missions-d2a-roles-b	82c713d57749950f7b4dc2aed515dc3912df0e00	1	0	1	all non-merge patches equivalent; merge content not assessed	missions(D2a): Attack & Defend roles on the table	82c713d57749
refs/heads/missions-d2b-roles-core	0294e94c691141731c2de8b089188cd75c4a2044	0	0	0	ancestor of baseline	missions(D2a): Attack & Defend roles on the table (#1315)	-
refs/heads/missions-d2b-roles-core-b	1845db7c462d8560b4907ae7124b9c0203c09551	1	0	1	all non-merge patches equivalent; merge content not assessed	missions(D2b): Attack & Defend roles in the core and the seam	1845db7c462d
refs/heads/missions-d3-points	8bef45b56eb64f492f3f0a733c074881f681bffe	0	0	0	ancestor of baseline	ui(map editor): R4 undo covers objectives (#1293)	-
refs/heads/missions-d3-points-b	76bd8a424f050e44a790e4e0623cd209b671e747	1	0	1	all non-merge patches equivalent; merge content not assessed	missions(D3): points advice for Attack & Defend (panel, AI dialog, roll-off log)	76bd8a424f05
refs/heads/missions-d4a-zones	6c32a87d72afcf395e8854747ac3136ccefe9aac	0	0	0	ancestor of baseline	missions(D3): points advice for Attack & Defend (panel, AI dialog, roll-off log) (#1328)	-
refs/heads/missions-d4a-zones-b	f555b21f7f1f3fa595ac1d74caccf44322131285	1	0	1	all non-merge patches equivalent; merge content not assessed	missions(D4a): disc and band zone primitives, table side	f555b21f7f1f
refs/heads/missions-d4b-zones	27067c116af3f3015cadb8811593f6311f87bc1c	0	0	0	ancestor of baseline	core(selfplay): per-seat search stream for tree seats (search_seeds) (#1332)	-
refs/heads/missions-d4b-zones-b	0d40abd226946e0da122e2586a941f234b55f539	2	1	0	ancestry differs; review required	missions(D4b): alias the pin tuple type (clippy type_complexity gate)	0d40abd22694,1039a5bb06e4
refs/heads/missions-d5-zone-deploy	a36a686decd952fcf9697f7a2b67746c5bd4f734	0	0	0	ancestor of baseline	missions(D4b): disc zone primitive in the core (#1339)	-
refs/heads/missions-d5-zone-deploy-b	2fd81935a43196283331381eba335c5ca43d67a4	3	0	3	all non-merge patches equivalent; merge content not assessed	missions(D5c): table keeps AI deployment and cleanup inside the zone shape	2fd81935a431,723d80cfabb3,b54eff4cea01
refs/heads/missions-d5a-core	723d80cfabb35a566636342ba47dd30cb8f7fec8	1	0	1	all non-merge patches equivalent; merge content not assessed	missions(D5a): AI deployment inside a non-rectangular zone, core	723d80cfabb3
refs/heads/missions-d5b-seam	82304ea6d76a4e5e1d3cbf650d3d293bd470723c	1	0	1	all non-merge patches equivalent; merge content not assessed	missions(D5b): the zone shape through the Python seam and selfplay	82304ea6d76a
refs/heads/missions-d5c-table	c50cb118f9723d43445ca4a61e1ab7e7fe2571c5	1	0	1	all non-merge patches equivalent; merge content not assessed	missions(D5c): table keeps AI deployment and cleanup inside the zone shape	c50cb118f972
refs/heads/missions-d6a-gates	a71629858254688498ebb8a3a90946810a8f3ca8	0	0	0	ancestor of baseline	missions(D5c): table keeps AI deployment and cleanup inside the zone shape (#1366)	-
refs/heads/missions-d6a-gates-b	4ee37d2b6c374bbd76a2e750fa2c31bdce01c077	1	0	1	all non-merge patches equivalent; merge content not assessed	missions(D6a): Attack & Defend deployment distance gates on the table	4ee37d2b6c37
refs/heads/missions-d6b-gates-core	a71629858254688498ebb8a3a90946810a8f3ca8	0	0	0	ancestor of baseline	missions(D5c): table keeps AI deployment and cleanup inside the zone shape (#1366)	-
refs/heads/missions-d6b-gates-core-b	91af70febead67437f01a0c7166d2e8f67cebdbb	1	0	1	all non-merge patches equivalent; merge content not assessed	missions(D6b): deployment distance gates in the core	91af70febead
refs/heads/missions-d6b-seam	5232b8668ddc46440c4b4b993755f16d337cfb37	2	0	2	all non-merge patches equivalent; merge content not assessed	missions(D6c): role gates through the Python seam and selfplay	5232b8668ddc,91af70febead
refs/heads/missions-d6c-seam	fa450b3f6365419a6d92ad9a9d7af308ce393f45	1	0	1	all non-merge patches equivalent; merge content not assessed	missions(D6c): role gates through the Python seam and selfplay	fa450b3f6365
refs/heads/missions-d7a-phases	f78b95763f75b90ecaec18c340ed130dc088461d	0	0	0	ancestor of baseline	missions(D6c): role gates through the Python seam and selfplay (#1372)	-
refs/heads/missions-d7a1-phase-ctrl	671bfe1c9d18e99a66cabacb64011531818188a5	1	0	1	all non-merge patches equivalent; merge content not assessed	missions(D7a-1): deployment phase helpers in the controller	671bfe1c9d18
refs/heads/missions-d7a2-phase-flow	54db59760c3e3460c54d4b975608bcd8ad7e0894	0	0	0	ancestor of baseline	missions(D7a-1): deployment phase helpers in the controller (#1374)	-
refs/heads/missions-d7a2-phase-flow-b	6f17bea01c2a2eb2654a012f8b5b52b3b530633d	1	0	1	all non-merge patches equivalent; merge content not assessed	missions(D7a-2): deployment phase flow on the table	6f17bea01c2a
refs/heads/missions-d7b-phases-core	ffb7c30565e410aae445151397b0ea8678f28a33	0	0	0	ancestor of baseline	missions(D7a-2): deployment phase flow on the table (#1381)	-
refs/heads/missions-d7b-phases-core-b	781c48b6381dbba0dd598d8b1575e5123a234d8d	1	0	1	all non-merge patches equivalent; merge content not assessed	missions(D7b): deployment phases in the core	781c48b6381d
refs/heads/missions-d7c-phases-seam	aaf5865926c40f283d39fb4f12f79d18bd7df2d6	0	0	0	ancestor of baseline	missions(D7b): deployment phases in the core (#1383)	-
refs/heads/missions-d7c-phases-seam-b	4a42c5a7643e939fe66932c25a5da0d2f166ef12	1	0	1	all non-merge patches equivalent; merge content not assessed	missions(D7c): deployment phases through the Python seam and selfplay	4a42c5a7643e
refs/heads/missions-d7d1-phase-gates	474bbf26427472df093b932ed49002ba2a2f1c8e	0	0	0	ancestor of baseline	missions(D14.6): Smash & Grab catalog entry (#1409)	-
refs/heads/missions-d7d1-phase-gates-b	40e9ea6796d6298317ab3430537aa1edbb54a1cb	1	0	1	all non-merge patches equivalent; merge content not assessed	missions(D7d-1): a deployment phase may carry its own distance gates (table)	40e9ea6796d6
refs/heads/missions-d7d2-core-b	1ac6ffe15ab0eae67a2a5ea9e73269a99673751a	1	0	1	all non-merge patches equivalent; merge content not assessed	missions(D7d-2): a phase may carry its own distance gates (core)	1ac6ffe15ab0
refs/heads/missions-d7d2-phase-gates-core	f493e93c01c10478588e3de34b4a224e084e536d	1	0	1	all non-merge patches equivalent; merge content not assessed	missions(D7d-2): a phase may carry its own distance gates (core)	f493e93c01c1
refs/heads/missions-d7d3-phase-gates-seam	6e2ee6a331c823323a91336c9e11fea01a1c6060	2	0	1	ancestry differs; review required	missions(D7d-3): a phase carries its own gates through the Python seam	6e2ee6a331c8,f493e93c01c1
refs/heads/missions-d7d3-seam-b	6b0c585496c8a262e3d924da610840ec5045555b	1	0	1	all non-merge patches equivalent; merge content not assessed	missions(D7d-3): a phase carries its own gates through the Python seam	6b0c585496c8
refs/heads/missions-d8a-reserves	c2ea467d0a5eea4aa56d499d411004e7b9797fbf	0	0	0	ancestor of baseline	missions(D7c): deployment phases through the Python seam and selfplay (#1385)	-
refs/heads/missions-d8a1-reserve-ctrl	f625d6f4ccacedda46fbfadcc62ac9a08cc087b1	1	0	1	all non-merge patches equivalent; merge content not assessed	missions(D8a-1): mission reserves in the controller	f625d6f4ccac
refs/heads/missions-d8a2-reserve-place	41c078dc5ea80346698ac2a70fc61765207cf197	0	0	0	ancestor of baseline	missions(D8a-1): mission reserves in the controller (#1388)	-
refs/heads/missions-d8a2-reserve-place-b	bec0c35ac5ef722c29baf6586ab7fc1c1b3539c4	1	0	1	all non-merge patches equivalent; merge content not assessed	missions(D8a-2): mission reserves land in the zone clear of enemy and marker	bec0c35ac5ef
refs/heads/missions-d8a3-reserve-flow	c6e281c73057f38da5ef687bc101344a6e78ecce	0	0	0	ancestor of baseline	selfplay: derived per-activation seeds wrap into 63 bits (a 63-bit game seed plays) (#1390)	-
refs/heads/missions-d8a3-reserve-flow-b	485b31bed4a5d763782ec8cdbe049036a23644be	1	0	1	all non-merge patches equivalent; merge content not assessed	missions(D8a-3): reserve set-aside and arrival dice in the round flow	485b31bed4a5
refs/heads/missions-d8b-reserves-core	87eabc800d4eb4926cdd295d7807c924ec2b610a	0	0	0	ancestor of baseline	missions(D8a-3): reserve set-aside and arrival dice in the round flow (#1392)	-
refs/heads/missions-d8b1-reserves-core-b	7ecfe040b3aee6ad7317b202cd44466788939a7f	1	0	1	all non-merge patches equivalent; merge content not assessed	missions(D8b-1): reserved leftover and zone-shaped arrival in the core	7ecfe040b3ae
refs/heads/missions-d8b2-reserves-seam	d5658e6133d17d5619cbcced1fc3349cd1a4498f	0	0	0	ancestor of baseline	core: a per-model Deadly activation is no longer flagged unported, so the true-tray tree takes it (stage-0 P9) (#1398)	-
refs/heads/missions-d8b2-reserves-seam-b	1b371bf5529370b6d62484f0d4a405fcf048d61b	1	0	1	all non-merge patches equivalent; merge content not assessed	missions(D8b-2): reserve dice, zone and gates through the Python seam and selfplay	1b371bf55293
refs/heads/missions-d9-winners	5c82a1d29f194246f0b2c13aad432b56ad0b49e3	1	0	1	all non-merge patches equivalent; merge content not assessed	missions(D9): escort and extract winners in the core, the table twin and the python seam	5c82a1d29f19
refs/heads/missions-gab-eval-variant-2	cc6bf466079a50ae3eeb2cb53264ff1db3e99ef3	2	2	0	ancestry differs; review required	Merge remote-tracking branch 'origin/missions-gab-eval-variant-2' into missions-gab-eval-variant-2	2aa34110cb3e,30d60e9e9fe8
refs/heads/missions-gab-sim	88a8d68709572c87bf055ac5a6e547d61d4a0501	3	0	1	ancestry differs; review required	feat(core): eval_variant 2 = the hand eval without the C7 carry term (wave C G-AB)	0f70282a1ecb,88a8d6870957,ff297b857bec
refs/heads/missions-leak-arena	16d2300c0b720413eae98541ba57c0ab9cec6547	1	0	1	all non-merge patches equivalent; merge content not assessed	missions(D12c-3): core_selfplay seats plan on their own fogged view of the state	16d2300c0b72
refs/heads/missions-sg-defender	db0dd5605c21eead51ac86c347a7d2dbda9110a2	3	0	0	ancestry differs; review required	test(missions): S&G sizing test runs the batch path (no pick UI for the human defender)	184ae591fcfa,75e35520d78b,db0dd5605c21
refs/heads/missions-vip-flow	db7fb208b8483410afeadfc3542420a288cd9770	2	0	0	ancestry differs; review required	test(missions): before the VIP click the table has no marker (the metadata is armed, the objective is not)	12551fefc555,db7fb208b848
refs/heads/missions-vip-pick	23f1546b3b9b81cb3b1488eb8dff7fa369c0f240	2	0	0	ancestry differs; review required	missions(D14.4d): the VIP band fill is a house-style const (the A9 draw test forbids Color literals)	23f1546b3b9b,62e2ff8871cc
refs/heads/missionship-vp-promotion	6c855ca4cf60e6bd231b04642a688b6361e0a9e7	1	0	1	all non-merge patches equivalent; merge content not assessed	feat(solo): hand-leaf presets play the VP-aware leaf (eval_variant 3), Erlkoenig unchanged (D100, missionship step 6)	6c855ca4cf60
refs/heads/models-gf-machine-cults-folder-alias	2ca565b0b129eb8ab0b40658b5ad67ec76c96d8a	1	0	1	all non-merge patches equivalent; merge content not assessed	models(gf): Machine Cults resolve to the published machine_cult art	2ca565b0b129
refs/heads/models/saurian-ancient-palanquin	c277ef25c16e4eb262cc9ff9a47034e4ea76dace	1	0	1	changed files differ; may include obsolete versions	models(saurians): map the Frog-Mage's Ancient Palanquin upgrade to its variant slug	c277ef25c16e
refs/heads/models/saurian-champion-mounts	e01769d69593a53d5df91f29217e340975817a07	1	0	1	changed files differ; may include obsolete versions	models(saurians): map the Pterodactyl and Ripjawdactyl mount upgrades to their composed-bake slugs	e01769d69593
refs/heads/models/saurian-champion-vocab	fd900c6448c68c315c3f11fa5ca9559181356c8c	3	0	0	changed files differ; may include obsolete versions	models(saurians): map the Deinonychus mount upgrade to its composed-bake slug	1b57f052a2f1,30de49e0c7cc,fd900c6448c6
refs/heads/models/saurian-queztalcoatl	bf006f9298cce68afb52622775cc9fab6f846035	1	0	0	changed files differ; may include obsolete versions	models(saurians): map the Frog-Mage's Queztalcoatl mount to its composed-bake slug	bf006f9298cc
refs/heads/models/saurian-starseer-palanquin	9c2e5485b6d9928f8ef9d0836c00624de9de702a	1	0	1	changed files differ; may include obsolete versions	models(saurians): map the Gecko Champion's Starseer Palanquin mount to its composed-bake slug	9c2e5485b6d9
refs/heads/models/saurian-vocab	2a108518a7308584b3c970e545e041ed3040ba0f	1	0	1	changed files differ; may include obsolete versions	models(saurians): add the Saurian vocabulary to label_slug_map.json	2a108518a730
refs/heads/models/saurians-dread-pterodactyl-word	f1b15ea1be13b73d0d7630c92545c94b3a10e9e8	1	0	1	changed files match baseline; already integrated	models(saurians): map the Dread Titan's Dread Pterodactyl upgrade to its variant slug	f1b15ea1be13
refs/heads/models/vu-butcher-titan-base	52f96dca8e3aef67d0c5dda28ca26c52885526f4	2	0	0	changed files match baseline; already integrated	models(vampiric undead): Butcher Titan base = the AoF rulebook's giant oval 120x92	52f96dca8e3a,9f17eb3331b4
refs/heads/mp-gate-fatigue	1235b69869c5cbaf4ad8b8691548a8b4ebb80660	0	0	0	ancestor of baseline	feat(mp): fatigue clear also automated in multiplayer (gate removal)	-
refs/heads/mp-gate-growth	945825221f65ea4abc08618f75ebae98196cbfdb	0	0	0	ancestor of baseline	feat(mp): growth markers also automated in multiplayer (gate removal)	-
refs/heads/mp-gate-los	4de062bb235c1f4836ff7c3eea6e982602b8a4be	0	0	0	ancestor of baseline	feat(mp): LOS line also drawn for non-AI targets in multiplayer (gate removal)	-
refs/heads/mp-gate-spelltoken	033ff1d85a080fbc1c218790f6ccbe84e8536230	0	0	0	ancestor of baseline	feat(mp): spell-token expiry also automated in multiplayer (gate removal)	-
refs/heads/mp-gate-transport	04ce6baef9318d62bada38a24900d0b65e1612aa	0	0	0	ancestor of baseline	feat(mp): transport activation economy also automated in multiplayer (gate removal)	-
refs/heads/mstamp2	82599fc4331c443d9f847e0ac71fc7c4331b5ab3	4	0	0	ancestry differs; review required	GREEN: the recorder stamps the chosen mission into the act header	0b3bb5b7e152,56f539da0e2c,82599fc4331c,b462d9a9e3b2
refs/heads/night1/mission-save	0c467f05ca5e503df93def48b63a7755e7996640	1	0	1	all non-merge patches equivalent; merge content not assessed	fix(save): a Solo game keeps its mission and scoring state through save and load (S1-15)	0c467f05ca5e
refs/heads/night1/utility-buffs-hvh	4e596b8777b979dc89cf16ab0728f1002659018d	1	0	1	all non-merge patches equivalent; merge content not assessed	fix(mp): the Utility-Buff givers work in a plain human-vs-human room (NML-939)	4e596b8777b9
refs/heads/nml-1115-a0-book-index	8a1ba4739ddf78bea73ff8771e3312ff1631364b	1	0	1	all non-merge patches equivalent; merge content not assessed	feat(rules): the army-book index resolves the faction key offline, before any fetch (NML-1115)	8a1ba4739ddf
refs/heads/nml-1115-drop-prose-pass	a62d0c84707bc5ff160088888ffd05d139b71264	1	0	1	all non-merge patches equivalent; merge content not assessed	feat(rules): the move bands and the tray lane read the registry, never the rule text (NML-1115)	a62d0c84707b
refs/heads/nml-1115-gate-lane-fix	54a8ec8790bd548af7194d58ad0608099569c718	1	0	1	all non-merge patches equivalent; merge content not assessed	"fix(rules): the prose gate is re-baselined for the post-#467 world, not ""green"" through 16k errors (NML-1115)"	54a8ec8790bd
refs/heads/nml-1115-prose-gate	c0c2a226ce3d6a511853913bb0c3aee36a91b670	1	0	1	all non-merge patches equivalent; merge content not assessed	feat(rules): the prose gate measures what OPR rule TEXT still changes on the table (NML-1115)	c0c2a226ce3d
refs/heads/nodeepoch	c7f9499d176f480634c5b5c8bf418ed8e26ed034	1	0	1	all non-merge patches equivalent; merge content not assessed	fix(ai): the planner node recorder stamps the rules epoch in its header	c7f9499d176f
refs/heads/onnx-leaf-wiring	dfd25d0337e4c7a74c19e36fb5b6adb583406242	2	1	0	ancestry differs; review required	Merge remote-tracking branch 'origin/main' into onnx-leaf-wiring	c61624980f0c,e8174fbf9e0a
refs/heads/parity-frame-026-push-order	246bec456aa6cfb0812a297808a17abf974521da	0	0	0	ancestor of baseline	fix(core): close recorded-026 — the pull and the caps in the table's world frame	-
refs/heads/parity-frame-1-world-frame	5a8a344a79cc0ed2bbf8fb67a9df73a9a0b7ccec	0	0	0	ancestor of baseline	feat(core): the table's float32 world-metre frame in its own operation order	-
refs/heads/parity-frame-2-coherency-world	11633db3ede26f673e3b7b7961e5b973081f7efc	2	0	0	ancestry differs; review required	wip(core): coherency predicates and edge in the world frame -- MEASURED, NOT GREEN	11633db3ede2,542aa42f0bc4
refs/heads/parity-frame-3-design	21a473f823848b6eb226b13b2bc9b814e4127a8d	1	0	0	ancestry differs; review required	docs(plans): PARITY-FRAME PR 3 design note -- the overlap push in the table's world frame	21a473f82384
refs/heads/parity-frame-4-cap-circle	b8593e4027a25120016306c2a3cd9fc2c103e96a	4	0	4	all non-merge patches equivalent; merge content not assessed	feat(core): parity-frame 4/7 -- the overlap push's inch mirror is the world point's exact f64 preimage (B2)	0aece58415b9,116c9e4abbfe,b8593e4027a2,edd8001cbb46
refs/heads/perf/menu-tree-parse-worker	538d4787850816084971793133ddc6bff11e9776	1	0	1	all non-merge patches equivalent; merge content not assessed	perf(menu): the menu's tree GLBs parse on the worker pool, billboards stand in until they are ready	538d47878508
refs/heads/pf5-802	f1ea8b6ea694277e90dddefc02a2709e24bd2620	1	0	0	ancestry differs; review required	test(core): pin recorded-037's collapse-ladder rung on the table (RED) + PR 5 design note	f1ea8b6ea694
refs/heads/pf776-merge-main	5865d5d68151cf4288a0949142a0da67535d01a6	0	0	0	ancestor of baseline	test(tools): re-record the position-parity pin for #776's world-point persistence	-
refs/heads/phasesummary	e16f2866cc79a919449ab97b1c518341c61c8a22	1	0	1	all non-merge patches equivalent; merge content not assessed	tools: act_wall_summary --phases — the [ACT_PHASE] split for all activations and the slowest tenth	e16f2866cc79
refs/heads/phitwin/state-phi-twin	d9f3a2e0297bfd3c2db842334b0014c8e16aa0cf	0	0	0	ancestor of baseline	"Revert ""test(policy): RED — flip the GDScript twin's marker/foe pool order (throwaway)"""	-
refs/heads/port-entrenched	dcd194460736a0a85591918d74025f1565c9c24b	0	0	0	ancestor of baseline	Merge port-entrenched's rebase onto main 1ccb2247: main carries the two teleport initialiser fixes now (#849), so the PR's own copies are dropped and feat_takedown_shot.rs / ap_def_record.rs leave the diff	-
refs/heads/position-parity-00-harness	c5a5cd61a0f3a5c9ae6d5ceb0e5fe3cbfd5922e0	1	0	0	ancestry differs; review required	Add Stage A position parity harness and measured baseline	c5a5cd61a0f3
refs/heads/position-parity-05-endpoints	21a21658cd704b0bee90d27c22d8e6e8f6c7344b	4	0	0	ancestry differs; review required	docs: refresh the endpoint classification after the charge and boxed ports	1bd2e2394c7c,21a21658cd70,62b55d3a4387,66547358e613
refs/heads/pr-491	1e95ebe322031acbd9e22f3bdc36e30649250fbb	0	0	0	ancestor of baseline	tools(gate): dice_gate injects the split aim from shots.jsonl — the corpus had the targets all along	-
refs/heads/pr-500-tools-recorder-ledgers	3baf336f8e91587a25cf835069157fe5bf63f112	0	0	0	ancestor of baseline	tools(recorder): state_before carries the per-unit ledgers — the gate can replay accumulating rules	-
refs/heads/pr-693-royallegion	a6474b43842d0bf0d33576262e1b797adfc9d1ac	1	0	0	ancestry differs; review required	feat(rules): Royal Legion family — 7 names ported (epoch 6)	a6474b43842d
refs/heads/pr-693b-royallegion	00b655f4351ea22870f37f2be0e6da41d371d2df	1	0	0	ancestry differs; review required	feat(rules): Royal Legion family — 7 names ported (epoch 6)	00b655f4351e
refs/heads/pr-693c-royallegion	a29d211f0c5538a9fa868ada82052ce538e4273a	1	0	0	ancestry differs; review required	feat(rules): Royal Legion family — 7 names ported (epoch 6)	a29d211f0c55
refs/heads/pr-693d-royallegion	d6e016364212d6919112824255ce4f32819bc8ed	0	0	0	ancestor of baseline	feat(rules): Royal Legion family — 7 names ported (epoch 6)	-
refs/heads/pr-694-utilbuff3	0b90e06d3a63ee03e2fe8b340612f37bf8d8daa6	0	0	0	ancestor of baseline	feat(rules): Utility Buff family — 18 names ported (epoch 6)	-
refs/heads/pr-694b-utilbuff3	d8652d2ec577e8e20f051e2986ac91534d55449e	1	0	0	ancestry differs; review required	test(core): pin the Ranged Shrouding + Increased Shooting Range Mark composition	d8652d2ec577
refs/heads/pr-697-piercehunt	f35b157141d54724983b3413e1b1e4e965a571a6	0	0	0	ancestor of baseline	test(rules): Piercing Hunter family melee tray — two attack dice	-
refs/heads/pr-699-aura2	6720a6299552a9df3308edea155cb6d6a7e6513a	0	0	0	ancestor of baseline	feat(rules): Aura Channel (shooting & movement auras) family — 20 names ported (epoch 6)	-
refs/heads/pr-700-shred3	7c40c0f043eef4d3c45b4adf82487e6c1b939338	1	0	1	all non-merge patches equivalent; merge content not assessed	feat(rules): Shred family — 3 names ported (epoch 6)	7c40c0f043ee
refs/heads/pr-700b-shred3	6c1df8c2ff1407f189c32fa3406f1342a606c176	0	0	0	ancestor of baseline	feat(rules): Shred family — 3 names ported (epoch 6)	-
refs/heads/pr-701-aura4	eb82a9754168765b59c466ad0961cb6a937d1f6b	1	0	0	ancestry differs; review required	feat(rules): Boost Aura (tail) and non-aura leftovers family — 17 names ported (epoch 6)	eb82a9754168
refs/heads/pr-701b-aura4	276c37244f1bb2a55440c9ba81ce83f798b9b9a0	1	0	0	ancestry differs; review required	feat(rules): Boost Aura (tail) and non-aura leftovers family — 17 names ported (epoch 6)	276c37244f1b
refs/heads/pr-701c-aura4	d2133cf7cda0071fb61fd05a383fda87f59fe233	0	0	0	ancestor of baseline	feat(rules): Boost Aura (tail) and non-aura leftovers family — 17 names ported (epoch 6)	-
refs/heads/pr-702-aura1	ac8676801f8038274416970295e07477739b4ad5	1	0	0	ancestry differs; review required	feat(rules): Aura Channel (melee & defence auras) family — 20 names ported (epoch 6)	ac8676801f80
refs/heads/pr-702b-aura1	0953a167be4269deadfdb7e93b5099465513814e	1	0	0	ancestry differs; review required	feat(rules): Aura Channel (melee & defence auras) family — 20 names ported (epoch 6)	0953a167be42
refs/heads/pr-702c-aura1	f1fd168ffb93384861ec17735f3de860e6f61424	1	0	0	ancestry differs; review required	feat(rules): Aura Channel (melee & defence auras) family — 20 names ported (epoch 6)	f1fd168ffb93
refs/heads/pr-702d-aura1	eb7618f95195316ad780d1f6ed372a019125a1e6	2	0	0	ancestry differs; review required	test(fixtures): shrink the open aura-primitive allow-list by this PR's 15 names	eb7618f95195,f1fd168ffb93
refs/heads/pr-702e-aura1	5e411a3c485eb43a87bff8ef3f36fa0da28a07bb	2	0	0	ancestry differs; review required	test(fixtures): shrink the open aura-primitive allow-list by this PR's 15 names	5e411a3c485e,f4fa53d19b8a
refs/heads/pr-703-fortified	3c17719ae2198028f22f11a523dead3d7b353565	1	0	0	ancestry differs; review required	feat(rules): Fortified family — 7 names ported (epoch 6)	3c17719ae219
refs/heads/pr-703b-fortified	7ba0fc470bd3794332568ceb9140c62a9d952f1d	1	0	0	ancestry differs; review required	feat(rules): Fortified family — 7 names ported (epoch 6)	7ba0fc470bd3
refs/heads/pr-703c-fortified	fc39f8ed0ac7cdf3912450e522794eaa6cf5efbf	1	0	0	ancestry differs; review required	feat(rules): Fortified family — 7 names ported (epoch 6)	fc39f8ed0ac7
refs/heads/pr-703d-fortified	0bb42f197e85cac52b4fcf80b935af910a50a3dd	1	0	0	ancestry differs; review required	feat(rules): Fortified family — 7 names ported (epoch 6)	0bb42f197e85
refs/heads/pr-703e-fortified	211716e33006da671a4dbd3243368508e92c8a6f	2	0	1	ancestry differs; review required	test(core-py): tripwire — every shipped enemy_ap_per_two must be non-positive	0bb42f197e85,211716e33006
refs/heads/pr-703f-fortified	84a819cbf83e39cc490f0940ca10a2d9116467f9	2	0	1	ancestry differs; review required	test(core-py): tripwire — every shipped enemy_ap_per_two must be non-positive	414298a247e7,84a819cbf83e
refs/heads/pr-703g-fortified	c064c1d277262dc58c67c2a6f5a0a33036537769	2	0	1	ancestry differs; review required	test(core-py): tripwire — every shipped enemy_ap_per_two must be non-positive	76da111b924a,c064c1d27726
refs/heads/pr-704-unmapped7	92c31d1ed0bcd2312a0db1f0cd1e7647c1ddcac4	1	0	0	ancestry differs; review required	feat(rules): Unregistered Rules family — 7 names ported (epoch 6)	92c31d1ed0bc
refs/heads/pr-704b-unmapped7	2939278215e347f2673f73992ed6409f9a42e24b	0	0	0	ancestor of baseline	feat(rules): Unregistered Rules family — 7 names ported (epoch 6)	-
refs/heads/pr-705-indirect	94ae25bfb41b895dc1c992043c87cffb48b5ec3d	0	0	0	ancestor of baseline	feat(rules): Indirect family — 3 names ported (epoch 6)	-
refs/heads/pr-706-shielded	bd3409135687b2d74629c51be115a41564946d72	1	0	0	ancestry differs; review required	feat(rules): Shielded family — 3 names ported (epoch 6)	bd3409135687
refs/heads/pr-706b-shielded	a58879efbb010b14c8c895abedd1277de36b4725	1	0	0	ancestry differs; review required	feat(rules): Shielded family — 3 names ported (epoch 6)	a58879efbb01
refs/heads/pr-706c-shielded	ac4da5f07a76494d344c1df083d486b8e54177ac	1	0	0	ancestry differs; review required	feat(rules): Shielded family — 3 names ported (epoch 6)	ac4da5f07a76
refs/heads/pr-707-aura3	ea79c58989d95c0313409fb3f83f7fbc7f0a6a25	1	0	0	ancestry differs; review required	feat(rules): Boost Aura family — 20 names ported (epoch 6)	ea79c58989d9
refs/heads/pr-707b-aura3	dbd81f492912210d83b8e6d00ffb93296cbf00fe	1	0	0	ancestry differs; review required	feat(rules): Boost Aura family — 20 names ported (epoch 6)	dbd81f492912
refs/heads/pr-707c-aura3	305ec66c3390961e20e74210108d28aa39c7c887	1	0	0	ancestry differs; review required	feat(rules): Boost Aura family — 20 names ported (epoch 6)	305ec66c3390
refs/heads/pr-709-shotmod	727d341d5c61649e94b960722305787fc5e75f14	1	0	0	ancestry differs; review required	feat(rules): Shot Modifier family — 3 names ported (epoch 6)	727d341d5c61
refs/heads/pr-709b-shotmod	b9abc82e95ee555399b94931e1cd861bda8e5396	1	0	0	ancestry differs; review required	feat(rules): Shot Modifier family — 3 names ported (epoch 6)	b9abc82e95ee
refs/heads/pr-712-fastband	d7a653b9f2f9bc4b6123ef5b4570fc2d3e73eb06	0	0	0	ancestor of baseline	feat(rules): Fast family — 3 names ported (epoch 6)	-
refs/heads/pr-713-versatile	a0afba6f9f3ff372d0ecdd9175280006f07fa0ed	3	0	2	ancestry differs; review required	census: record why the Versatile Attack primitive takes no CONSUMED_PARAM_KEYS row	6764a547a36b,936a3323a24f,a0afba6f9f3f
refs/heads/pr-713b-versatile	1343c8d2ddd1bf543402cb4fbcb961b866f279c8	0	0	0	ancestor of baseline	census: record why the Versatile Attack primitive takes no CONSUMED_PARAM_KEYS row	-
refs/heads/pr-716-stormattack	5ae1f9ba7f77426719f2de487a9a48111a4e8378	1	0	0	ancestry differs; review required	feat(rules): Storm Attack family — 4 names ported (epoch 6)	5ae1f9ba7f77
refs/heads/pr-716b-stormattack	61e7df4e5b9409062e7b7ddd325352c8e3fd8ada	1	0	0	ancestry differs; review required	feat(rules): Storm Attack family — 4 names ported (epoch 6)	61e7df4e5b94
refs/heads/pr-718-indirect2	9d39217bb7368227812bec5befbbd9d6ef682872	0	0	0	ancestor of baseline	fix(rules): Quick Readjustment — port or retire the name #705 left unproven (epoch 6)	-
refs/heads/pr-831	fb33f2ad287cd08da1b63590c69380f724f6c1ba	16	0	14	ancestry differs; review required	fix(core): REPOSITION kind 5 — kind 4 is the GDScript KITE and a pinned Unsupported case	060b697db04f,0663cc6dca46,16b54365e4f3,5b0b950649d4,5e092fa7434d,76b65ba3948b,79781075dbdf,a0edb18bc826,a628f22463e4,aafcf7139d87,c2655494463a,d6d3b95388ad,f3abfab44829,f65848c4c1d2,f921ccd627ab,fb33f2ad287c
refs/heads/pr499	08107223af963ccb45723a211fe69c6ebe0b916c	0	0	0	ancestor of baseline	feat(tools): policy_gate.py — table==twin ORDER identity gate (NML-1158b step 7)	-
refs/heads/pr601	f655072576c1c3bdbe96d414a411d5e2f26d46d9	1	0	0	ancestry differs; review required	feat(core): menu_targets — the menu targets the UNIT, and offers the charge it can reach	f655072576c1
refs/heads/pr710	3340c97bac5733c15177eae44424d45c8f9c5239	1	0	1	all non-merge patches equivalent; merge content not assessed	test(core): pin the Ranged Shrouding + Increased Shooting Range Mark composition	3340c97bac57
refs/heads/pr896chk	0821748c1cf9939888331256398e3fc7e52b0070	0	0	0	ancestor of baseline	fix(rules): honest Fast statics arm (evidence-only, no new name)	-
refs/heads/pr918	7e502e1ee1dec90efc8cdd1651e9e00565386060	0	0	0	ancestor of baseline	feat(onnx): re-mint the stand-in fixture and its golden/parity reference at width 90	-
refs/heads/pr920	0ff3af7ed9b5396a4ed73f8a3dadd6efbc81ab93	2	0	0	ancestry differs; review required	fix(objectives): quarter the non-deployment band, not the table (audit 2.11)	0ff3af7ed9b5,9ad572a15c47
refs/heads/pr921chk	b4397e600c2ef3a63e60b6b0a24b34fba5f7a087	11	0	0	ancestry differs; review required	Prove the OLD leg: epoch-12 twins for all three gated behaviours; the Sturdy suppression rides a stamped flag	044ecdf736b6,065c0122a8e1,192bd63b5391,3240627a5f5e,4aaca49809ea,7dafe884bfa3,8420b4165219,a6e11c75a15a,af2f3eb11fbc,b4397e600c2e,b783e474bacb
refs/heads/pr922chk	2354f9cf23d0b3b1a35ec8454824ac5edef095aa	3	0	0	ancestry differs; review required	Gate the Deadly landing behind EPOCH_14_DEADLY_LANDING	2354f9cf23d0,3f18d1431643,e7806e8e3353
refs/heads/pr922v2	73ea6636359e7bcc8274a015f60c1f2dd0a1f7c9	5	0	0	ancestry differs; review required	clippy: silence the leg fns' arg-count finding, reflow the two leg docs	2354f9cf23d0,3f18d1431643,73ea6636359e,dcf0fe796a64,e7806e8e3353
refs/heads/pr932b	484413b1605ba87b6b035bf3e1819185ee0db5ec	6	0	0	ancestry differs; review required	fix: strike_phase test call sites carry the new charge_from_in; widen TEMP diagnose	484413b1605b,53e2dddba921,569008937305,9cc2127fa01b,c382f22ad59c,e7d6e8f04779
refs/heads/pr932chk	53e2dddba92115745c05d54c75eb1b54cf13068d	4	0	0	ancestry differs; review required	GREEN: Screened's charge leg reaches the melee to-hit fold (epoch 18)	53e2dddba921,569008937305,9cc2127fa01b,c382f22ad59c
refs/heads/prb1b-work	40c2c0907742e506a03f82b5be1a31dc2d4d5f7d	0	0	0	ancestor of baseline	fix(privacy): record positions in table inches and one record per game	-
refs/heads/precision-debuff-58	92416aaf9780315a4e360cc0a0297bfa70c099ea	3	0	0	ancestry differs; review required	GREEN fix: the two live-number pins the bump missed and the cap fixture's joined heroes	828dfc089b1d,92416aaf9780,ed58f853242c
refs/heads/probe-arena-coordinate	90be4826685a83cb18232aa764654277575eb5a2	1	0	0	ancestry differs; review required	test(table): Coordinate — does the arena driver fire the hand-off?	90be4826685a
refs/heads/profile-1072	9911521129a96f2c4328dbcb92f584da75b73a7d	41	0	0	ancestry differs; review required	feat(train): NML_PROFILE traces every activation — unit, action, ms, rollouts, resolves (NML-1072)	0dd4dced67c0,0fffe54c056f,1b980115b8f2,24e3813f27d0,279f01505f8c,30fd1d02eb72,35d00d7d0a29,364955df251f,37c7d033249c,45e4d8c85209,4dab71cef122,501b6662de72,55705136352b,560b4aa388cf,6dea668cf69e,6ea229c8991f,6ef6eb6f4313,740e6e5a495c,754e8e642d27,7de529a6b2b7,8874d6ac8752,8bde4dcb4047,8c6ce35475df,8d7403ef6029,9911521129a9,9a133eac2b3d,a8e0f3dd0d9e,aabe6e7332cc,afced0f96ce5,c15eba9db12e,c220913c741e,c9003a078d2f,d23ca8a1d21e,d7316025c6f4,dabd1da70b00,db593e7ef12e,df74ebb992bd,e58b9c40c889,e6f88f667b13,e9b4191c159e,f338e0961aa9
refs/heads/prsweep/1099-perf-menu-tree-parse-worker	4b232c6a3c2c21ddf19b05cec6ab11c84151c26e	1	0	1	all non-merge patches equivalent; merge content not assessed	perf(menu): the menu's tree GLBs parse on the worker pool, billboards stand in until they are ready	4b232c6a3c2c
refs/heads/py-digest-repin-w5a	158f9d63402ce1b7e34c29e0d6d2fae8c701d1ab	0	0	0	ancestor of baseline	fix(tests): re-pin seed-27..46 digests moved by dangerous_end_morale (#600)	-
refs/heads/py-mission-knob	2d93c47560b9519325f29be9598d70bc3d1d15f9	0	0	0	ancestor of baseline	feat(py): mission knob — the ten catalogue missions from missions.json (missions R1, default duel)	-
refs/heads/py-pool-value-hook	0adea966cc1a2bda98c703dba83dc5c809238083	0	0	0	ancestor of baseline	feat(py): pool_value_fn hook — the deep seat re-ranks its root pool by a value net (R2, default off)	-
refs/heads/py-search-logits-hook	66abc550cb918cf804e22336536304de272b0cdf	0	0	0	ancestor of baseline	fix(py): only pass cand_logits_fn/policy_mode to _pick_for when armed	-
refs/heads/py-shipped-defaults-w5a	f0dbe1ae1d87d3f17976a2aaf9124f88085005ce	0	0	0	ancestor of baseline	feat(py): shipped defaults = the evidence-backed table knobs (W5a)	-
refs/heads/r1148	c3b1a1f5a0c3a18f1f50c34b76d33db136b1a4c8	3	0	0	ancestry differs; review required	"fix(solo): a hair over 1.000"" must not switch the casualty chain rule off (NML-1036 follow-up)"	1bfda9e5434c,a45be889fea2,c3b1a1f5a0c3
refs/heads/r1160	460a41f291544b9abf988e218c2c740984a51214	2	0	0	ancestry differs; review required	fix(input): the floor-pick wheel moves from _input to _unhandled_input	460a41f29154,e277e5a136f8
refs/heads/r1162	6af00ba353e9eb700317fa1e0b5177209d6810db	1	0	1	all non-merge patches equivalent; merge content not assessed	feat(tutorial): unit-tag checks for Game School lesson steps (A2)	6af00ba353e9
refs/heads/ratmen/ship-0925	bdf275469903bc48dc7065373206f83121f6e4c1	1	0	1	all non-merge patches equivalent; merge content not assessed	Ratmen (AoF): resolve every model to its pre-baked variant, other factions unchanged	bdf275469903
refs/heads/rebase831-work	92bd70f7dfe7e5950bf19c6f6cc24159443a17e9	18	0	18	all non-merge patches equivalent; merge content not assessed	fix(core): restore PlainLedger.feats_used + add teleport: None to feat_speed.rs actions	0522c67fa89d,200247d26e71,258d80325a61,2a49fa8b3375,2f7533f582d5,54858792f2d3,5db2b488b12c,64005b3e517b,6ad3f1e3a601,76499b462907,8a35eee25ab2,8c0793b468d4,8c1985c5c6e5,92bd70f7dfe7,d54fa3e5e8dd,d6c5af5116b7,e6508e2be65f,ea705573755b
refs/heads/rebase838-work	2c8cf7f7dd0632ae70eaa6f2e1becd505e2168ab	0	0	0	ancestor of baseline	feat(rules): Spell Conduit core moves behind EPOCH_8_PLANNER_MENU (epoch-8 gate, #838)	-
refs/heads/rebase848-work	ec35673af2d6697ab565bdb23003f33b0d584de3	0	0	0	ancestor of baseline	test(sim): Piercing Feat second strike reads the spent latch, no manual re-push	-
refs/heads/rebase853-work	f6753bdce1a76c50eba71b542194e1109999434e	0	0	0	ancestor of baseline	test: entrenched_grant initializer gains the LiveMod name field	-
refs/heads/rebase856-work	7aaf99bad1084fd4b9eb4494e4e71d346d46d12b	0	0	0	ancestor of baseline	fix(rules): Growth Markers — the defence facet lowers the save target like the table (epoch 7)	-
refs/heads/recorder-keep-scores	c200ef6cc068f307a2cc356959f4506b1379007f	0	0	0	ancestor of baseline	fix(selfplay): recorder keeps per-candidate scores + core_commit (Gen-1 recorder fix)	-
refs/heads/red-check	522c15fb963847fdadab4cb47d216cc56d0db097	0	0	0	ancestor of baseline	solo/planner: no lone marker runner while the enemy holds reserves (#1036)	-
refs/heads/red-s5-12inch-toss	546147c60a8be1e62b9865266fe56056c8d5e316	1	0	0	ancestry differs; review required	RED PROOF (throwaway): ArrivalZone::EdgeStrip behaves as a plain rectangle	546147c60a8b
refs/heads/redgates-1	770b4b64573eda7fea0cee6a916eac906cd23f1d	1	0	1	all non-merge patches equivalent; merge content not assessed	test(py): refresh hero-last game fixture for epoch 66	770b4b64573e
refs/heads/redgates-1-hero-fixture	85e6db527a128b1d1191f038624b30bdedaff25a	1	0	1	all non-merge patches equivalent; merge content not assessed	test(py): refresh hero-last game fixture for epoch 66	85e6db527a12
refs/heads/redgates-2	20bffcdfa5bb1e5793c13d2ce974729e463568f4	2	0	1	ancestry differs; review required	fix(core): record plain cast kind for telemetry	20bffcdfa5bb,770b4b64573e
refs/heads/reexport-vocab3	6fbc25a0632956d9b2ad69d90e3ca75054aa8d34	2	0	0	ancestry differs; review required	core: objective token gets per-side reach counts (token vocab 3)	55c02af929a1,6fbc25a06329
refs/heads/reldocs/release-0.3.13.0-alpha	b5b6d723be174a6d969ba06fda3598914ed2d063	17	0	0	ancestry differs; review required	docs(release): 0.3.13.0-alpha entry for #1088 (unit cards cut nothing off)	0a956f678e5a,16c3c8b603a0,182d88b87f0c,1e80b995d564,1fbaad44be4a,29833a36a400,515683ea0eb5,5cee85103bc9,5ff03cb9d134,7f0bccd4095e,876af3433d74,a0b9452714d3,adfc106a4b5f,b5b6d723be17,bf7cc784fe87,bfe3b44c3828,cf9b40a863c4
refs/heads/release/0.3.13.0-alpha	f696f02604e3b5a03bb5f8beb7f43a32d06e4e4b	11	0	0	ancestry differs; review required	docs(known-issues): drop the unused Windows variant now that the self-heal (#1074) is merged	0dcd5c3c1165,1b160b9dce96,25afff9b0ce7,2c58665b4a18,382e156572df,4137e1ee7f44,459672a3d7d0,6a872176a212,9d1c43e6ccda,de74af4e9e51,f696f02604e3
refs/heads/release/0.3.13.1-alpha	b3bbbbb568dd00349412e1d9eb38ef65ca1bc694	0	0	0	ancestor of baseline	release: 0.3.13.1-alpha (version, README badge + status, PROJECT_STATUS, CHANGELOG)	-
refs/heads/release/0.3.14-draft	15c23bafcc2efaf396dba18f280b81957ce40bdd	3	0	0	changed files differ; may include obsolete versions	release: 0.3.14 draft - Saurians line confirmed live	15c23bafcc2e,62eaf52389b0,782c5e049272
refs/heads/reref-epoch8-docs	7aa40dbcbabeeab5072eb51b0850225e09318565	1	0	1	all non-merge patches equivalent; merge content not assessed	docs(plans): the epoch-8 bundles - what all 336 collected records carry	7aa40dbcbabe
refs/heads/reref-epoch8-docs-verify	7d435e47afcd4c4c6ad0fb0b0b551b71c4ce7947	0	0	0	ancestor of baseline	docs(plans): the epoch-8 bundles - what all 336 collected records carry	-
refs/heads/reref-epoch8-stamp	f2935a618cee27556b4cbc9a2ab808b8569f7d53	0	0	0	ancestor of baseline	fix(recorder): stamp knobs.rules_epoch in the act header (closes #638)	-
refs/heads/rules-c1-hit-and-run	ad83b07c29e8b53e260b64c67624244c353f0d2f	0	0	0	ancestor of baseline	feat(core): C1 - trigger-side gate for tray_hit_and_run + red-green tests	-
refs/heads/rules-c2-shot-modifier-melee	8b0da2d36290d760fc293e5d21f83fff91dbe9b8	0	0	0	ancestor of baseline	feat(core): Shot Modifier melee/charge leg — block C2	-
refs/heads/rules-c3-shot-modifier-siblings	1d9e6c9f58eba1e26b5ab7ec222557cbdb4814a8	0	0	0	ancestor of baseline	feat(core): C3 Shot Modifier flat/over-9in siblings (block C)	-
refs/heads/rules-c4-deathstrike	1de809e02967b18ec75c8bcacc89dc0f9432da99	0	0	0	ancestor of baseline	feat(core): C4 Deathstrike + Self-Destruct death-half (block C)	-
refs/heads/rules-c5-instinctive	01ad4fdfa27b281bec4cfbc53c67995d81e2ef38	0	0	0	ancestor of baseline	feat(core): C5 Instinctive closest-target +1 (block C)	-
refs/heads/rules-conditional-ap-dice	2a7006d47f004e5beb3ba867b3f88c5fba14fad3	0	0	0	ancestor of baseline	feat(core): legacy gate for the dice-path conditional AP (Knobs::cond_ap_dice)	-
refs/heads/rules-coordinate	4b3b9ce2c5c0f9bcd23fc163c6d321f92bd493b4	0	0	0	ancestor of baseline	feat(rules): Coordinate — the hand-off reads the core (epoch 7)	-
refs/heads/rules-coordinate-red	e194e104d971736c8a0784f137b4cd4b55bb26fb	1	0	0	ancestry differs; review required	test(rules): Coordinate RED — the hand-off fixture, no production diff	e194e104d971
refs/heads/rules-crossing-attack-red	38e4b75e1d4e5e1f771f2da8d2b71a0e3c4ec809	1	0	0	ancestry differs; review required	test(rules): Crossing Attack RED — advance through an enemy rolls its rating, no fix yet	38e4b75e1d4e
refs/heads/rules-delayed-action	a64d01621d5e1c8d11ab6de8f5841ca000179cf8	0	0	0	ancestor of baseline	feat(rules): Delayed Action — 1 name ported (epoch 7)	-
refs/heads/rules-encoder-unit2	299daddca9f5c6feba7bdf9ff57f91cc90d58fee	0	0	0	ancestor of baseline	feat(rules): encoder vocab v6 -- unit2 trailing band (all-layers ceiling lifted)	-
refs/heads/rules-fast-static-arm	0821748c1cf9939888331256398e3fc7e52b0070	0	0	0	ancestor of baseline	fix(rules): honest Fast statics arm (evidence-only, no new name)	-
refs/heads/rules-fatigue-debuff	80569edc18ae3a252f422bec4a495947dfc5b34c	0	0	0	ancestor of baseline	refactor: name the read by the ported rule only (FatigueDebuffSpec) -- no Mind Control token	-
refs/heads/rules-grants-rung-de	d57829a22485e8a95f2eba5ca110e3d397e60554	0	0	0	ancestor of baseline	test(rules): Thrust in Melee Aura now resolves — drop it from KNOWN_OPEN (the dead-aura test demands it)	-
refs/heads/rules-grounded-speed	d529ea6369db5c84a4d8184f49ed222af748f9de	0	0	0	ancestor of baseline	feat(rules): Grounded Speed — the per-activation conditional band (epoch 7)	-
refs/heads/rules-limited-once	a6b71b7d10642b09a897ad50d2ae5a6c8386981f	0	0	0	ancestor of baseline	fix(core-godot): add missing limited_used field to the plain-state loader	-
refs/heads/rules-marks-rung-e	1f126bbb8047c8cea6631cebb08092f169a9d14c	0	0	0	ancestor of baseline	feat(rules): Rung E Marks/Debuffs — attacker-side grants_rule entries + attackers-aware granted()	-
refs/heads/rules-mind-control-displacement	aa616f2001e4253ef9ba66d1186af2b4555457b6	0	0	0	ancestor of baseline	feat(rules): Mind Control — the displacement arm reads the core (epoch 7, census +0)	-
refs/heads/rules-ranged-slayer	dd6c343386f75cb37de89779ffca70f64d54172a	0	0	0	ancestor of baseline	feat(rules): Ranged Slayer — 1 name ported (epoch 7)	-
refs/heads/rules-rapid-advance-grant	1fe97f1de04c9fc29b5561da16cf60c75dba9c8d	0	0	0	ancestor of baseline	feat(rules): Rapid Advance — grant closed (epoch 7)	-
refs/heads/rules-re-deployment	e018a17d420a655bfa3ea5e66cd78aad360e74eb	0	0	0	ancestor of baseline	feat(rules): Re Deployment — max_units param stamp reads the core (epoch 7)	-
refs/heads/rules-reanimation	bc18162acad56915a14b84973206e074caba9f14	0	0	0	ancestor of baseline	test(rules): Reanimation — corpus built by replace, not format! (JSON braces)	-
refs/heads/rules-reanimation-red	7e4d0524c5559483d5bd58399e18aa2299aa3999	1	0	1	all non-merge patches equivalent; merge content not assessed	test(rules): Reanimation RED — activation rolls its missing wounds, no fix yet	7e4d0524c555
refs/heads/rules-rung-c-data	bbe630e4a6403e0c32c860b6be52c8e68518c62c	0	0	0	ancestor of baseline	feat(rules): Rung C data port — 6 of 13 unmapped names aliased onto existing primitives	-
refs/heads/rules-solo-grant-reads	4709ea7dce5c255f97eb1516e7abdcc6caa3f2b3	0	0	0	ancestor of baseline	fix(census): one granted() call per source line in solo_move_grants	-
refs/heads/rules-spell-accumulator	00958dd082d005f9f7e714f4c68d71010043179c	0	0	0	ancestor of baseline	fix: the empty-pool battery fallback rides caster_of's own fold gate (cast_fold && hero_attach) — the cast_fold knob test pins seam_cast-alone-casts-nothing	-
refs/heads/rules-sturdy	8ba5d42097e6cb9616e65eba398e5e4e3c072727	0	0	0	ancestor of baseline	feat(rules): Sturdy — the Guarded-family alias reads the core (epoch 7)	-
refs/heads/rules-surprise-attack	1482131ffb7af09e65bbc4ce24d311cbb37e9a79	0	0	0	ancestor of baseline	fix: un-glue the tray_surprise_attack doc comment	-
refs/heads/rules-transport	96192c45be13696d247f1ef8b9d02593a86839ef	0	0	0	ancestor of baseline	feat(rules): Transport — 1 name ported (epoch 7)	-
refs/heads/rules-utility-buff-casting	f401f85be5977d690c02d91ae907f0a15daf5b68	0	0	0	ancestor of baseline	feat(rules): Utility Buff seam 1 — casting_mod folds into the cast roll	-
refs/heads/rules-vengeance	854d86786f3cf1d03f06d4dfa0c345de47941add	0	0	0	ancestor of baseline	test(rules): vengeance_markers init in the mods_grants state fixture	-
refs/heads/rules-versatile-reach	40eabd8dfda1f0e4d463a8868291c2c5daf3f49a	0	0	0	ancestor of baseline	feat(core): Versatile Reach, charge half (block C deferred rung)	-
refs/heads/rules-wave-bane	f2b6860e129065a7ef9b3be610b367f9a31243dd	0	0	0	ancestor of baseline	feat(rules): Bane family — 10 names ported (epoch-gated)	-
refs/heads/rules-wave-lacerate_counter	8e18a40a9f8f0ac3978365dc0330cd95adec5d9a	0	0	0	ancestor of baseline	feat(rules): Lacerate+Counter family — 2 names ported (epoch-gated)	-
refs/heads/rules-wave-quickfast	7447e70808a36cdf8c1e279ba6bf30f3c639c552	0	0	0	ancestor of baseline	feat(rules): Quick/Fast family — 6 names ported (epoch-gated)	-
refs/heads/rules-wave-regen	954706177847cb132a76dc873a0a1685842c0850	0	0	0	ancestor of baseline	feat(rules): Regeneration family — 12 names ported (epoch-gated)	-
refs/heads/rules-wave-shred	d77c6b73e0b7c51dda90476f57b4fbb0a1154ca4	0	0	0	ancestor of baseline	feat(rules): Shred family — 5 names ported (epoch-gated)	-
refs/heads/rules-wave-surge	73e15ec2050900e6b35c36d847210b1064781408	0	0	0	ancestor of baseline	feat(rules): Surge family — 5 names ported (epoch-gated)	-
refs/heads/rules-wave2-deadepoch	d78d1e2c057092de7e5a4daa378c85aeafc5505a	0	0	0	ancestor of baseline	chore(core): drop dead epoch fields (Registries::rules_epoch write-only since #658, StaticsCache.epoch unread)	-
refs/heads/rules-wave2-lacerate2	78ff590e184221a74cc06ddfff738f974021cbf2	0	0	0	ancestor of baseline	feat(rules): Lacerate family — 3 names ported (epoch 4)	-
refs/heads/rules-wave2-surge2	d410bc08ac77e2312d11b6e20f7ef5a51bc8c758	0	0	0	ancestor of baseline	feat(rules): Surge family — 6 names ported (epoch 4)	-
refs/heads/rules-wave2-takedown	4e8c8b30b113a5b684a6be8b1993a1c94a14a8f5	0	0	0	ancestor of baseline	feat(rules): Takedown family — 0 names ported (epoch 4)	-
refs/heads/rules-wave2-utilitybuff	62debf3651fcd6f71744dc5c84d8c859f29fa930	0	0	0	ancestor of baseline	feat(rules): Utility Buff family — 12 names ported (epoch 4)	-
refs/heads/rules-wave3-aura3	1bc9d3c868bb7adc7e375666fa775518d317a6f7	1	0	0	ancestry differs; review required	feat(rules): Boost Aura family — 20 names ported (epoch 6)	1bc9d3c868bb
refs/heads/rules-wave3-epoch6	23db7725d2aae5ce0ca28458566108e113a96d0c	0	0	0	ancestor of baseline	fixup(rules): fold in the stale epoch-6 assert (PR #689)	-
refs/heads/rules-wave3-indirect2	eeff6badc3b05e40f022bd9aef917dd7db6259e7	1	0	0	ancestry differs; review required	fix(rules): Quick Readjustment — port or retire the name #705 left unproven (epoch 6)	eeff6badc3b0
refs/heads/rules-wave3-shotmod	ede2f4525ad5fe56d09f2d270774553815fbb307	0	0	0	ancestor of baseline	feat(rules): Shot Modifier family — 3 names ported (epoch 6)	-
refs/heads/rules-wave3-stormattack	37ca113b3635c6a2e0e67d4d17ecc1588deedef1	1	0	0	ancestry differs; review required	feat(rules): Storm Attack family — 4 names ported (epoch 6)	37ca113b3635
refs/heads/rules-wave3-stormattack-red	f038961a191e4cff25fe509cf9dbbc55c8dc37e7	2	0	0	ancestry differs; review required	TEMP (red): neuter the storm trigger so the storm tests fail — RED evidence run only	37ca113b3635,f038961a191e
refs/heads/rules-wave3-utilbuff4	fef71dc1bfedc7c209177b7daf15852044841435	0	0	0	ancestor of baseline	fix(rules): Utility Buff — prove or retire the 16 unported names (epoch 6)	-
refs/heads/rules-wave4-boostbases	70bc1aed2dbf31feeaac5f7b4635a77004561d86	0	0	0	ancestor of baseline	feat(rules): Boost Bases family — 5 names ported (epoch 6)	-
refs/heads/rules-wave4-boostbases-red	b83591c5c302c2abc7f4a3b84c4b65d7ba2a76a2	2	0	0	ancestry differs; review required	test(rules): boost bases family — RED run 2 (integration binary only, lib green)	2826f5cd12b3,b83591c5c302
refs/heads/rules-wave4-boostbases2	6d8cec685f5c67acf98547d0c91be94c58a15e9d	0	0	0	ancestor of baseline	feat(rules): Boost Bases family 2 — 6 names ported (epoch 7)	-
refs/heads/rules-wave4-boostbases2-red	ed473149535e41141da95ab2608a135ce20f8756	1	0	0	ancestry differs; review required	test(rules): RED — wave-4 F1 tests without the three ports	ed473149535e
refs/heads/rules-wave4-condap	2953dc254dec0962eae64a0b2120aca36205828d	0	0	0	ancestor of baseline	feat(rules): conditional-AP live reads — 8 names ported (epoch 7)	-
refs/heads/rules-wave4-renames	699567ab6d661686a84d68a9f405d1ed3bbd3a66	0	0	0	ancestor of baseline	feat(rules): unregistered renames — Piercing Warrior, Takedown when Shooting (epoch 7)	-
refs/heads/rules-wave4-singles	198a543a94dad4143dc3559597685d72fd10c56b	0	0	0	ancestor of baseline	Merge pull request #758 from DutchMaxwell/rules-wave4-renames	-
refs/heads/rulesmissing	1a84127b9219dc37c3c7620d6a4571feb052c2f9	2	0	0	ancestry differs; review required	core: Registries names the rules/spells files it could not read; the node's refusal carries them	10d8ba5aa62e,1a84127b9219
refs/heads/rushk	49933b10f1266a8792429e84667dbf366c3534a0	2	0	0	ancestry differs; review required	core/playout: the greedy brain rushes the k nearest objectives (playout_rush_k knob, default 1)	302c4360c80d,49933b10f126
refs/heads/s2-headroom-feasibility	0dc0be20f4b198ef197d20d13c6f25ca2ee8e4a4	2	0	0	ancestry differs; review required	tools(core-py): headroom_s2 main-run pieces — state-only `main` eligibility, shards, certify	0dc0be20f4b1,15b73f79275c
refs/heads/s5-12inch-work	f1f1b15dada633ec395a76f5435b168a12c59226	0	0	0	ancestor of baseline	test(core): Reinforcement — 12-inch band test that can fall (crowded back edge)	-
refs/heads/s5-arrival-zone	48b3c2318ca4092bf31096913ad8de0f2eecdf55	0	0	0	ancestor of baseline	Merge pull request #781 from DutchMaxwell/rules-re-deployment	-
refs/heads/s5-reinf-driver	0bf97c2097b49fc8abb692318fc20b6e242835b7	0	0	0	ancestor of baseline	feat(rules): Reinforcement — the round-start driver (S5 seam, part 3)	-
refs/heads/s5c-full-parked	581afd5b46876851b74d68ef3b03d79e2a2d772c	3	0	0	ancestry differs; review required	fix(core): hand the gate flags to S6's collapse-ladder rungs too	11f952d908df,581afd5b4687,857f2e576adf
refs/heads/seam4-pr1-utility-record-shape	9e9b33f85d18876500fc7a9275422b68bbf76302	0	0	0	ancestor of baseline	feat(rules): Utility Buff seam 4 PR 1 — ap/def/defense record shape survives the ledger guard (epoch 7, design §4 step 1; reads follow in PR 2)	-
refs/heads/selfplay-charge-gate-default	d891c9d700b251ac247945d75050d6b1e58433f6	0	0	0	ancestor of baseline	fix(train): --charge-gate CLI default off -> table (DEFECT_LEDGER row 2)	-
refs/heads/selfplay/kits-sidecar	28532511bc78180a7d7ad67295f4b197fe1f0e45	1	0	1	all non-merge patches equivalent; merge content not assessed	selfplay: the table's per-model kits ride the trainer's capture and arrivals from a sidecar (tray-exact S3-2)	28532511bc78
refs/heads/sixbonus-surge-bloodthirsty-param-reads	efaa16e0ec2a80715859d19a891b502e2a4e25b2	3	0	0	ancestry differs; review required	Read bonus_hits_per_six / extra_attack_per_enemy_save_one from the registry	52dafa14911d,ba88f073f4b8,efaa16e0ec2a
refs/heads/smallfix-n10-activate-button	6485e0651a197dfeb61a378f882b946adc854aea	1	0	1	all non-merge patches equivalent; merge content not assessed	"feat(solo): ""Activate"" button on the unit card, wired to the activation door (NML-977 stage 2, D23)"	6485e0651a19
refs/heads/smallfix-n13-reconnect-failed	4cfadbd9517df01b32ba13a5c5a84e66caf8ba62	1	0	1	all non-merge patches equivalent; merge content not assessed	"fix(multiplayer): keep ""Reconnect failed"" visible instead of overwriting it with ""Offline"""	4cfadbd9517d
refs/heads/smallfix-n14-conn-chip	946bbf067ee682d7a143fb336ce2fe08accde562	1	0	1	all non-merge patches equivalent; merge content not assessed	feat(ui): connection status chip in the top bar (N14, draft)	946bbf067ee6
refs/heads/solo-mission-selector	0a8fb79b50ebd6abffcb54358ceaa54956efeb92	0	0	0	ancestor of baseline	feat(solo): mission selector on the solo panel	-
refs/heads/solo-pool1-planner	6fa3f043ea8f74e34ceca4d71e26934e0bab9667	1	0	0	ancestry differs; review required	fix(solo): the last un-activated unit of a side now goes through the rollout planner like every other pick — no more 1-ply auto-play, every activation gets an act line (NML-1073 M5)	6fa3f043ea8f
refs/heads/solo/deploycoh-repair-in-zone	522c15fb963847fdadab4cb47d216cc56d0db097	0	0	0	ancestor of baseline	solo/planner: no lone marker runner while the enemy holds reserves (#1036)	-
refs/heads/solo/deploylarge-whole-zone-spot	522c15fb963847fdadab4cb47d216cc56d0db097	0	0	0	ancestor of baseline	solo/planner: no lone marker runner while the enemy holds reserves (#1036)	-
refs/heads/solo/lane-hold-two-moves	0831531a90a97ee99190d83bfce92fb26a8cb306	1	0	1	all non-merge patches equivalent; merge content not assessed	solo/commander: a ranged line holds when no firing lane is within two moves	0831531a90a9
refs/heads/solo/menu-targets	522c15fb963847fdadab4cb47d216cc56d0db097	0	0	0	ancestor of baseline	solo/planner: no lone marker runner while the enemy holds reserves (#1036)	-
refs/heads/solo/no-lone-marker-runner	746d5068312735b5097a026954ee8d2526b35c01	1	0	1	all non-merge patches equivalent; merge content not assessed	solo/planner: no lone marker runner while the enemy holds reserves	746d50683127
refs/heads/spawn-design-note	17e8db0c2edf218fc4c6240f1785700c02da0b71	0	0	0	ancestor of baseline	docs(plans): Spawn — design note for the named-profile loader seam	-
refs/heads/spawn-pr2-core	d0d2ddaebc06d1849fc14a89fe51f16b7cb7f0cc	4	0	0	ancestry differs; review required	test(core): Spawn — RED proofs on the named-template seam (stub build)	7a0b89bfa471,a0e85cf11d4d,bb993169a661,d0d2ddaebc06
refs/heads/spawn-pr2a	790c68a136656676a35c48d1d98735077911961d	0	0	0	ancestor of baseline	feat(rules): Spawn — PR 2a: the record header's spawn_profiles templates reach Profiles (epoch 8; design PR 2/2 part a)	-
refs/heads/spawn-pr2b	be3a17503995b5a2698fc82c5f2e11598b3e4bdc	2	0	0	ancestry differs; review required	wip(spawn): PR 2b GREEN — the beat mints the NAMED template (BLOCKED at 181 production lines)	513625d897a5,be3a17503995
refs/heads/spawn-pr2b1	96e70d4775f5af67b62f5aed6d2df1083473663d	0	0	0	ancestor of baseline	feat(rules): Spawn — PR 2b-1: ArrivalZone::Circle + arrive_unit takes explicit statics (epoch 8; design PR 2/2 part b-1)	-
refs/heads/spawn-pr2b2	4b9821565d459ea5b7641e4f6ee75b6f30a69449	4	0	0	ancestry differs; review required	feat(rules): Spawn — PR 2b-2: the beat mints the arriving unit from the header template (epoch 8; design PR 2/2 part b-2)	1fef5dcedca7,3579787b1f32,4b9821565d45,a7a31b5e35c4
refs/heads/spawn-pr2b2a	9aae23f30e1e2264c45273bbacbabe95497cb791	0	0	0	ancestor of baseline	fix(rules): clone the roster index directly (HashMap has no as_ref clone)	-
refs/heads/spawn-pr2b2b	77f4c684c1560569fa9935a1993c391d16b016f0	0	0	0	ancestor of baseline	test(core): pin 13 asserts the plain unit's own columns (the carrier's copy is pin 9's claim)	-
refs/heads/spawn841-teardown	ae735831753e0116b9538dbac843d5045fd96f2d	5	0	0	ancestry differs; review required	fix(recorder): close() drops the spawn_profile_resolver static with the stream	2a171e124b51,7186f89bbbb7,9ea418c1dd60,ae735831753e,bfe68e28ef34
refs/heads/spell-conduit-pr1-table	f8e7a26d50f0889858ae518a9515e5fe0ca99f0c	0	0	0	ancestor of baseline	test(sim): build the no-conduit fixture BEFORE resolving — the discarded first resolve spent the caster's token and poisoned the hold assertions	-
refs/heads/split-profile-step2	394988086c5339e74cf941809466d21719873587	2	0	0	ancestry differs; review required	SPLIT step 2: the loader ships the Split child templates into the header map (GREEN)	394988086c53,fa097c860470
refs/heads/stage0-s1-keys	15853eb18e1d258cff04f11eeb92907b743f4081	1	0	1	all non-merge patches equivalent; merge content not assessed	tools(lab2): section-4 hashed key module (stage-0 step 1)	15853eb18e1d
refs/heads/stage0-s2-asym	ef1fc715e9b82739e0e597751ca7a3b32e648337	1	0	1	all non-merge patches equivalent; merge content not assessed	tools(bank): asymmetric boards from an explicit seed list (stage-0 step 2)	ef1fc715e9b8
refs/heads/stage0-s26-report	294ccf763981fb37eb30b9724f941f86e1bc79d9	1	0	1	all non-merge patches equivalent; merge content not assessed	tools(lab2): pilot report part 1, projected MDEs and gate booleans (stage-0 step 26)	294ccf763981
refs/heads/stage0-s28-throughput	d8153040bfc803d0ea5ff44cf2147ebaacdf2895	1	0	1	all non-merge patches equivalent; merge content not assessed	tools(lab2): pilot report part 2, throughput, venue and fleet allocation (stage-0 step 28)	d8153040bfc8
refs/heads/stage0-s29-stamp	afd08d0f95f65c1fd1eae43da14d2bf260b9f03f	1	0	1	all non-merge patches equivalent; merge content not assessed	tools(lab2): pilot environment stamp is mandatory and clean (stage-0 step 29)	afd08d0f95f6
refs/heads/stage0/l3-step15-shipped-net	c63bb9bc250e126cd42a47727960a865d52e7e38	1	0	1	all non-merge patches equivalent; merge content not assessed	tools(lab2): shipped-net leaf hook for the stage-0 lab driver (stage0 step 15)	c63bb9bc250e
refs/heads/stage0/l3-step16-source	20781f606d1eb4dc5196b5a65a2212da25e2c9b9	1	0	1	all non-merge patches equivalent; merge content not assessed	tools(lab2): D source generator core, first eligible last-round state (stage0 step 16a)	20781f606d1e
refs/heads/stage0/l3-step16b-cli	f3ec5df8b6eb5febd8b0c7e4698d12846d25ae7b	1	0	1	all non-merge patches equivalent; merge content not assessed	tools(lab2): slots reader and source command (stage0 step 16b)	f3ec5df8b6eb
refs/heads/stage0/l3-step17-timing	17bc1bbeacba423b9a49b3d5e933a07970170295	1	0	1	all non-merge patches equivalent; merge content not assessed	tools(lab2): timing-set extractor from the source games (stage0 step 17)	17bc1bbeacba
refs/heads/stage0/l3-step18-tap	d3fdfd7fb05a8485a8efb0fce53b479f6ef3b0cd	1	0	1	all non-merge patches equivalent; merge content not assessed	tools(lab2): transition recorder Tap + source games on table dice (stage0 step 18)	d3fdfd7fb05a
refs/heads/stage0/l3-step19-endings	738659d8e08debd423717f6bfab6df92a251b82d	1	0	1	all non-merge patches equivalent; merge content not assessed	tools(lab2): endings on hashed eval keys, ledger rounds, header check, snapshot fidelity (stage0 step 19)	738659d8e08d
refs/heads/stage0/l3-step20-endings-net	3ecd1d8e79d96001492c6c5bb08d34d7d4ef7f08	1	0	1	all non-merge patches equivalent; merge content not assessed	tools(lab2): endings with the shipped net, search streams, net_inactive proof (stage0 step 20)	3ecd1d8e79d9
refs/heads/stage0/l3-step21-fullgames	3be41d8e16db03ea031f1350bb2b312dffb012db	1	0	1	all non-merge patches equivalent; merge content not assessed	tools(lab2): fullgames arms I/L/C, missions, split seeds, shipped net (stage0 step 21)	3be41d8e16db
refs/heads/stage0/l3-step22-rows	2c876293f88105d0c72194ec9a9cbdc2f6319382	1	0	0	ancestry differs; review required	tools(lab2): row schema, per-decision log, RSS and INVALID rows for endings and fullgames (stage0 step 22)	2c876293f881
refs/heads/stage0/l3-step22a-rows-module	e428ae6a836f9398a2de153254e9a460fffde33a	1	0	1	all non-merge patches equivalent; merge content not assessed	tools(lab2): row schema and per-decision recorder (stage0 step 22a)	e428ae6a836f
refs/heads/stage0/l3-step22b-endings-rows	159fa907d261e6afcbf53378429b88c8cd4a6d81	1	0	1	all non-merge patches equivalent; merge content not assessed	tools(lab2): endings write stage0-row/1 rows with the decision log (stage0 step 22b)	159fa907d261
refs/heads/stage0/l3-step22c-fullgames-rows	770f6c6f86d7ad95979f2a41e83c98c623dd2f21	1	0	1	all non-merge patches equivalent; merge content not assessed	tools(lab2): fullgames write stage0-row/1 rows with the decision log (stage0 step 22c)	770f6c6f86d7
refs/heads/stage0/l3-step24-timing	fafa2177c90cf5d2c4f8f8968460d83fb10ad7fe	1	0	1	all non-merge patches equivalent; merge content not assessed	tools(lab2): timing prices calls with the net, deadline_us allowance, hardware stamp (stage0 step 24)	fafa2177c90c
refs/heads/stage0/l3-step25a-pool	dd7ab3dad75425d6d502410f9cca4cfd340f945d	1	0	1	all non-merge patches equivalent; merge content not assessed	tools(lab2): cluster worker pool, sha256 scheduler order, P1 rule (stage0 step 25a)	dd7ab3dad754
refs/heads/stage0/l3-step25b-workers	39cd44f0ba6da45898d1830c5c22de2f85415525	1	0	1	all non-merge patches equivalent; merge content not assessed	tools(lab2): --workers, scheduler key and pilot.json for endings and fullgames (stage0 step 25b)	39cd44f0ba6d
refs/heads/stamp-seam-cast	438dea179c759f3a16fda04d778249739add1b3a	2	0	0	ancestry differs; review required	selfplay: play_game takes seam_cast as a kwarg (the replay pin passes it; None = the fork door)	438dea179c75,ca0f9b1cd843
refs/heads/stealth-grounded-57	6cc52a9330b2b5f31e076cd2e52e06df592cf8e6	2	0	0	ancestry differs; review required	acts.rs: one CURRENT_RULES_EPOCH after the rebase union	38f724cdecd9,6cc52a9330b2
refs/heads/table-bestial-boost	21edc7bbfd85b5535a2fc11b67672011e7762cd2	0	0	0	ancestor of baseline	fix(table): Bestial Boost — the widened Bane save re-roll window fires	-
refs/heads/table-bestial-boost-red	cfe648762a9e1a2348494d20bfe6585cfa26ebce	1	0	0	ancestry differs; review required	test(table): Bestial Boost — the widened Bane window has no table reader (RED)	cfe648762a9e
refs/heads/table-debuff-ev-2c	fdbd98ea89575b8c774020096d58d37bf7ac2446	1	0	1	all non-merge patches equivalent; merge content not assessed	D-MAGIC step 2c: table prices debuffs by the target's best baseline attack, def debuffs via our attack into the target	fdbd98ea8957
refs/heads/table-rending-name-gate	cc54db0f1136e1ae02e924e1605de00d0d2475f2	0	0	0	ancestor of baseline	fix(table): Rending in Melee — gate the unit-level regen bypass on the NAME	-
refs/heads/table-rending-regen	2240bec07fa87f27f8a2ecd6f51ccf42b2a3b9ac	0	0	0	ancestor of baseline	fix(table): Rending in Melee — the unit-level Regeneration bypass fires	-
refs/heads/table-rending-regen-red	f2109bc0e6ed91ad35cafe8fe275e4bf9ff111e5	0	0	0	ancestor of baseline	test(table): Rending in Melee — the unit-level regen bypass never fires (RED)	-
refs/heads/teleport-pr1-table	e2e07e795eb1c5bae0e5173d4e14ca727051b503	0	0	0	ancestor of baseline	test(table): fixture unit needs a map-less game_system for the name read	-
refs/heads/teleport831-epoch8	ceb704784a12d649dda6050b2ae6f13d40639ee2	0	0	0	ancestor of baseline	core: move the #831 Teleport port behind EPOCH_8_PLANNER_MENU (GREEN)	-
refs/heads/test-last4-soft-rows	04790b864267b412467460abeb2e6cca2b193adf	1	0	1	all non-merge patches equivalent; merge content not assessed	test: pin the last four soft rows of the part-2 proof ledger	04790b864267
refs/heads/test-mentioned2b	569fe4cbf95639d34e09691a5e51184732b3a040	2	0	0	ancestry differs; review required	Test wave: pin the 18 mentioned rows' numbers (part 2, chunk 2) - GREEN leg	569fe4cbf956,7de820b32af6
refs/heads/test/dead-param-carriers	8fa11debceb4e2071a64968b890a573882f5cc40	1	0	1	all non-merge patches equivalent; merge content not assessed	Test wave: pin the dead-param behaviours of Aircraft, Traversal, Dash, Immobile	8fa11debceb4
refs/heads/test/e2e-core-reload	88fc16be08e6bc31c6735c025d06741edd33424f	1	0	1	all non-merge patches equivalent; merge content not assessed	test/e2e: a mid-game save/load keeps the shipped AI path (core node, header, brain, preset)	88fc16be08e6
refs/heads/test/farm-identity-recorder-stderr	874f0db5265950fe3735ce7a2924e4534f4d5f76	1	0	1	all non-merge patches equivalent; merge content not assessed	test(core-py): the fleet-recorder identity check reads only the recorder's stderr	874f0db52659
refs/heads/test/mission-core-pins	a0d47d3a0cbd92092dbba1b6bb1f9a364c6403f9	4	0	0	ancestry differs; review required	test: book_round_end takes a slice, not a Vec (clippy ptr_arg)	126c8096ca28,52e953a7ef98,98fae29ed403,a0d47d3a0cbd
refs/heads/tests-arm-a-mutants	3e1cd07fcfbd4d0fed87cc6868af817b1aee52aa	1	0	0	ancestry differs; review required	test(core): two unit tests that kill cargo-mutants targets	3e1cd07fcfbd
refs/heads/tests-mv-mutants	affe0ee2bb10b88745989550a91b46db8a2bfc48	0	0	0	ancestor of baseline	test(core): mutant killers batch 2 — charge/cap/plan (0 new, 97/97 already covered)	-
refs/heads/tests/refresh-rule-change-goldens	b0e94601c253945a52be732c9422cb6964cf760a	0	0	0	ancestor of baseline	ci(rust.yml): name the needs_lists Python skip instead of burying it	-
refs/heads/tighten-weak-tests	f19ceb9963f30b0e98b2da570b5efda824f12bb7	0	0	0	ancestor of baseline	test(core): seed-hunt the crossing tray — seed 5 records a 6 (seed 27 rolls none, the tightened test cannot go green)	-
refs/heads/tiles/nml-1029	5816e2c058ff9563de91d840ef9bfd256ec9b6a6	1	0	1	all non-merge patches equivalent; merge content not assessed	Explain Ambush lock in round-end seize log	5816e2c058ff
refs/heads/tiles/nml-1063	be48a68439cb31602bf01d9b275308f0105f17d0	1	0	1	all non-merge patches equivalent; merge content not assessed	Count Deadly wounds in volley outcome banner	be48a68439cb
refs/heads/tiles/nml-1077	a294fa2333aa1893fe128cd2aa03576fbe8244be	0	0	0	ancestor of baseline	fix(selfplay): Royal Legion's charge_mod rides the charge band like the table (#1102)	-
refs/heads/tiles/nml-1095	2843f62061c96cbebaa045134607339ea98a2d8f	1	0	1	all non-merge patches equivalent; merge content not assessed	Log normal wounds before model removal	2843f62061c9
refs/heads/tiles/nml-1096	a294fa2333aa1893fe128cd2aa03576fbe8244be	0	0	0	ancestor of baseline	fix(selfplay): Royal Legion's charge_mod rides the charge band like the table (#1102)	-
refs/heads/tiles/nml-1100	a294fa2333aa1893fe128cd2aa03576fbe8244be	0	0	0	ancestor of baseline	fix(selfplay): Royal Legion's charge_mod rides the charge band like the table (#1102)	-
refs/heads/tiles/nml-1123	4d67e153a9af2e84dc1307251166baeddfedcaba	1	0	1	all non-merge patches equivalent; merge content not assessed	fix(table): a band aura and the bare rule it grants count once (NML-1123)	4d67e153a9af
refs/heads/tiles/nml-248	ad8c70e124076537e5781af080a26e793832e191	1	0	1	all non-merge patches equivalent; merge content not assessed	Keep autosave notices out of battle banners	ad8c70e12407
refs/heads/tiles/nml-940	0d53da0d838b30c784fa5202591d29584c751170	1	0	1	all non-merge patches equivalent; merge content not assessed	fix(table): Deadly(X) melee wounds trigger Retaliate (NML-940)	0d53da0d838b
refs/heads/tiles/nml-975	7e949e2b681c1ee2d1cca5a100bb393c7461ec59	1	0	0	ancestry differs; review required	test(table): pin the spell / aura Unstoppable strip in melee (NML-975 already fixed)	7e949e2b681c
refs/heads/tiles/nml-977	2cda9316265de00fe174f09eba7a46a413d51174	1	0	1	all non-merge patches equivalent; merge content not assessed	feat(solo): one binding activation door, opened by the committed action (NML-977 stage 1, D23)	2cda9316265d
refs/heads/tiles/nml-996	708ddc380ab7f5e28f81bdc8b3309321b833d828	1	0	1	all non-merge patches equivalent; merge content not assessed	Reserve Shift F for regiment frontage	708ddc380ab7
refs/heads/tmp/nml975-fix	69590edff3d2fcf3b545921532c08d316a114190	2	0	0	ancestry differs; review required	test(solo): the act-recorder suite restores AiActRecorder.rules_epoch it overwrites	69590edff3d2,7e949e2b681c
refs/heads/tmp/picker-rebase	7bba8400a5af4629643588766f8ba1aad236e0cf	1	0	0	ancestry differs; review required	feat(solo): the difficulty-ladder picker in the AI row of the solo panel (NML-1018 step 2)	7bba8400a5af
refs/heads/tmp/replay-base	07b471666d954a2199fb0812ba19f2e63446fba5	4	1	0	ancestry differs; review required	Merge branch 'fantasytable/shelf-sight-fixture' into tmp/replay-base	544fe0ccaf21,a9966d95ae86,d782d2d842dc,f91f3ec2be72
refs/heads/tmp/solid-base	669e5e9c9d396e961878796602dacb9d5761f1e4	6	1	0	ancestry differs; review required	Merge remote-tracking branches 'origin/fantasytable/solid-kind', 'origin/fantasytable/solid-prop' and 'origin/fantasytable/unknown-kind' into tmp/solid-base	3c1cdc57f325,7be8a1b61530,8505ffd158f2,af457dba845c,d94e4f76f3f1,f3c5fa321a76
refs/heads/tmp/w2combo	7ef01d13fd259310356af51e739feeba669abcba	10	9	10	all non-merge patches equivalent; merge content not assessed	Merge branch 'wave2/s8-u3' into tmp/w2combo	2c3689197a5e,2e096fa2ef2d,35013af98d9f,53a51de18e1d,53a6d32150fd,677ba553eb48,87cf301101ff,97a4b299fa87,bc8acbf48612,ce084a96503c
refs/heads/tooling-gen5-export	3312b3d8fc306ab5a8ef4877b22a401059c2f24d	0	0	0	ancestor of baseline	Merge pull request #765 from DutchMaxwell/rules-wave4-bloodthirsty	-
refs/heads/tools-ab-menu-los-per-seat	fd84e9e0d30e3f5db6ce70666a6f350f78b29482	0	0	0	ancestor of baseline	tools(ab): per-seat menu_los seam for the LOS strength A/B	-
refs/heads/tools-ambush-arrival-gate	5162ca65564dbebc69594c93d7b0f270a7f5ec92	0	0	0	ancestor of baseline	tools(gate): combine corpus + gap cases into the committed fixture	-
refs/heads/tools-ambush-arrival-oracle2	e75e26b2d615b02099afc21b136420d6990e5fce	0	0	0	ancestor of baseline	tools(gate): reconstruct the 98 corpus cases through the real search (S4 follow-up)	-
refs/heads/tools-arena-deploy-interleave	76445070e737b6ce87775bd036061c80702e7944	0	0	0	ancestor of baseline	feat(tools): alternating deployment in the arena — GF v3.5.1 p.6, behind NML_DEPLOY_INTERLEAVE	-
refs/heads/tools-armed-ab-twins	14f97d50a472d131c1653e62baaeac3c1b570b88	0	0	0	ancestor of baseline	tools(ab): search_ab_one/eval_ab_one use the shared armed() restore	-
refs/heads/tools-census-ambush-guard	6744ba648055a0f4fd34efe8935ddfb2973fc908	0	0	0	ancestor of baseline	tools(census): gate the Infiltrate primitive on min_enemy_dist_in (ambush S6)	-
refs/heads/tools-census-aura-live	3a4920a08699af10a206ec51939e8ef49b5e232e	0	0	0	ancestor of baseline	tools(census): aura_live report line + rules.rs doc truth (aura family rung 1+3)	-
refs/heads/tools-census-aura-overcredit	8bc7687f29251e767a2fc222327dc9702ee64ac1	0	0	0	ancestor of baseline	tools(census): UNMAPPED-registered names never inherit PORTED by token sharing (aura over-credit)	-
refs/heads/tools-census-consumed	1351d5caf11dd20a4769a45a2cdb2fd398592069	0	0	0	ancestor of baseline	tools(census): PORTED means consumed — a STAMPED state for names no resolver reads	-
refs/heads/tools-census-exact-credit	dfe2025576b83e9aeaba87bd5def76168dad938c	0	0	0	ancestor of baseline	tools(census): PORTED only on an exact read (C-2)	-
refs/heads/tools-census-follow-grant	72f41945c2705b4afe4905a2a93e7944ea9d3353	1	0	1	all non-merge patches equivalent; merge content not assessed	tools(core-py): census follows the grant — an aura counts only if its granted rule is ported	72f41945c270
refs/heads/tools-census-na-class	9af7449ccaff89231f60765b0cdf3882f459355b	0	0	0	ancestor of baseline	tools(census): explicit N/A class for list-building-only rules	-
refs/heads/tools-census-universe	4867eddd4ea71949926b0c5978acc243bdb63039	0	0	0	ancestor of baseline	tools(census): the universe includes weapon and core-book rule names (C-1)	-
refs/heads/tools-charge-landing-census	534608291aef3d04de2c1a97784c5af96b30577c	0	0	0	ancestor of baseline	Merge pull request #609 from DutchMaxwell/core-search-cand-logits	-
refs/heads/tools-deployment-gate-interleave	8e365759164d98593c638e6e1fa6dbe25e753156	0	0	0	ancestor of baseline	feat(tools): deployment_gate interleave_order — the rulebook's turn order as a hard-fail class (step 4)	-
refs/heads/tools-dice-gate-aura-shape	95c18792f40d470a17ac1d1041620a8cf7de738e	0	0	0	ancestor of baseline	tools(dice_gate): --only-rule resolves X Aura to its base shape (aura rung step 2)	-
refs/heads/tools-dice-gate-bearer-profile	6cd5ec4b356ecf96e32174ccd15a47c1bd7b5c73	0	0	0	ancestor of baseline	tools(dice_gate): --only-rule sees spell-granted bearers via the per-act state profile	-
refs/heads/tools-dice-gate-movement	d2a98e597deee725dcdaddbfeb2ec96c317b005c	0	0	0	ancestor of baseline	feat(tools): dice_gate --movement {rigid,table} — the ported mover under a gate knob (solver S0)	-
refs/heads/tools-digest-no-abs-paths	bbd1938f0cb656df610c65f98da2839c9916358b	0	0	0	ancestor of baseline	tools(core-py): digest hashes army basenames + content sha, not absolute paths	-
refs/heads/tools-game-narrator	d86b9108984c5891ab038cff341d9f773da6615e	0	0	0	ancestor of baseline	tools: game_narrator — refuse to pair a re-formed unit's models	-
refs/heads/tools-gate-position-check	9cb7125879ecaa664e51827682a97095673f0c9d	0	0	0	ancestor of baseline	tools(gate): check C compares positions — movement rules were invisible to the next-state check	-
refs/heads/tools-gate-s12-per-model	4be417b808b1c5968194b4f080985a10ca7cb63e	0	0	0	ancestor of baseline	Merge origin/main into tools-gate-s12-per-model (keep #519 --final + S12 PER-MODEL; RED checks END, FINAL and PER-MODEL)	-
refs/heads/tools-gate-split-aim	1e95ebe322031acbd9e22f3bdc36e30649250fbb	0	0	0	ancestor of baseline	tools(gate): dice_gate injects the split aim from shots.jsonl — the corpus had the targets all along	-
refs/heads/tools-gate-split-confound	f87b27d3d99414a9d8c41a1913f5827e58e959bb	0	0	0	ancestor of baseline	tools(gate): bucket split-unrecorded shooting acts as confounded — the reference corpora predate action.split	-
refs/heads/tools-gen0-one-knobs	15759e41c116da2df12ac9025cd12f323e9d4b6e	0	0	0	ancestor of baseline	Merge pull request #596 from DutchMaxwell/tools-ambush-arrival-oracle2	-
refs/heads/tools-gen1-played-label	120ab68b842d9bddab7715d1f11538d8141673d0	0	0	0	ancestor of baseline	fix(tools): tolerate a pick with no trace when stamping played_idx	-
refs/heads/tools-move-call-gate	b0ce619c93162898e017e50ab6542260b30513b4	0	0	0	ancestor of baseline	tools(gate): move_call_gate — END/CALL/BUDGET for non-charge plan calls (S4)	-
refs/heads/tools-narrator-arena-records	3894a62d6b9cfa75f3707ae021e36d816e6cc712	0	0	0	ancestor of baseline	tools(narrator): replay arena records without a prescreen header	-
refs/heads/tools-narrator-fixes	61e3cf40bb631d9df9b6383657c2b31dd7637db5	0	0	0	ancestor of baseline	tools(narrator): unsaved honours Blast/Deadly; contact = melee dice only	-
refs/heads/tools-narrator-morale-label	d1c0b60e169fa54a0b9df7200cde9b00ad293489	0	0	0	ancestor of baseline	tools(narrator): the count-1 morale die is narrated as a morale test; runner-up index; stale comments	-
refs/heads/tools-narrator-reserve-metric	40c0fea9b8d43b35ebe012457e9cf49a8dfd3134	0	0	0	ancestor of baseline	tools(narrator): reserve_absent reads dormant/arrival fields, not names	-
refs/heads/tools-narrator-stats	15f757f4d4b0ed99ac2d8fa4cc29c5c1cf88366e	0	0	0	ancestor of baseline	tools(narrator): --stats mode (corpus-wide teacher-behaviour rates)	-
refs/heads/tools-narrator-stats-rows	20473308accd11c024c6516271b398913cd8c217	0	0	0	ancestor of baseline	Merge pull request #613 from DutchMaxwell/tools-pickfor-restore	-
refs/heads/tools-narrator-stats-rows2	db3b59194c28351a2d3e1633dcc46d92095dc5ef	0	0	0	ancestor of baseline	tools(narrator): --stats counts advance+shoot, morale tests, Limited shots	-
refs/heads/tools-narrator-terrain-label	277a42da47d01768265913c1c2f5c7cabe8bea0d	0	0	0	ancestor of baseline	tools(narrator): dangerous-terrain tests are not attack dice	-
refs/heads/tools-outcome-gate-knobs	aa225ea5f9533363bb5bf69b1233199259de7bfd	0	0	0	ancestor of baseline	tools(outcome_gate): --knobs shipped|legacy instead of silent overrides (W5b)	-
refs/heads/tools-pickfor-restore	86635a241290dc4ae8f10215c0a9e004f3de5251	0	0	0	ancestor of baseline	fix(tests,tools): restore monkeypatched nml_core/selfplay globals — full pytest green again	-
refs/heads/tools-played-label-consumers	d155c679876e99b3b7d0c9ad60d45c0144bcb2c9	0	0	0	ancestor of baseline	fix(tools): narrator/stats/census read the played act (cands.played), hand argmax kept where it is the metric	-
refs/heads/tools-replay-melee-reach	2b20b06f2576826375c4c93de7928a9cd6127fea	0	0	0	ancestor of baseline	fix(tools): replay applies the record's own top-level melee_reach	-
refs/heads/tools-replay-rules-epoch	e430a7da366826a8dcb2a76a926e9ab7e3f557d5	0	0	0	ancestor of baseline	tools(replay): honour the record's rules_epoch (sibling stamp fallback) + play_game stamps rules_epoch into knobs	-
refs/heads/tools-replay-shipped-knobs	8d7fc0e079b146d4566d46d1cb2397c48e139dae	0	0	0	ancestor of baseline	fix(tools): replay honours every stamped knob (not the 6-key W5a allowlist); objectives_layout optional	-
refs/heads/tools-rule-census	0c1c7b75fed3b7c010472bcbf24030fb43f71561	0	0	0	ancestor of baseline	feat(tools): rule universe census — every army-book rule vs registry, core and encoder	-
refs/heads/tools-rule-fire-census	c1e3859aa9c0c08fd1fb47808d124a6f381a644c	0	0	0	ancestor of baseline	tools: rule fire census (PLAN A2) - fired per rule vs the replay gates	-
refs/heads/tools-search-ab	714f5c483aff791cbb7150fe113e7670e7529e81	0	0	0	ancestor of baseline	tools(selfplay): per-seat search depth + search_ab_one.py driver (search A/B)	-
refs/heads/tools-shards-wide-menus	edfb5736c040a9317b0bd464042084292386d3c1	0	0	0	ancestor of baseline	fix(core): raise policy_tokens N_CAND 80->160 — Gen-1 wide menus refused whole games	-
refs/heads/tools/export-model-kits	7e48f158d15ab6c27094406ed4153c1c133e5fd5	1	0	1	all non-merge patches equivalent; merge content not assessed	tools: export the table's own per-model kits for Army-Forge lists as trainer sidecars (tray-exact S3-1)	7e48f158d15a
refs/heads/tools/lab2-a3-clock	69c044f1f027abd356ef2885fd099760f4274e48	2	0	0	changed files differ; may include obsolete versions	tools(lab2): the real-game row test checks the A3 preselection stamp on L and C	69c044f1f027,d23735f27fd8
refs/heads/tools/lab2-a4-workers	f358f2518df4f7d3a7d29c089e7ca3e79273a9d8	1	0	1	changed files differ; may include obsolete versions	tools(lab2): stage-0 P1 allows up to 24 workers under a 12 GiB cap on the pilot's dedicated box (A4)	f358f2518df4
refs/heads/tools/lab2-a41-game-level	ef3bd139ae05d335809f6349a35081ca8a8ac08b	1	0	1	changed files differ; may include obsolete versions	tools(lab2): stage-0 endings and full games schedule one row per unit, not whole clusters (A4.1)	ef3bd139ae05
refs/heads/tools/lab2-a42-parallel-source	fc2196f2c38a375a631fa168f0f46a6102e10925	1	0	1	changed files match baseline; already integrated	tools(lab2): stage-0 a slot's source candidates can run in parallel with the serial pass's output (A4.2); P1 up to 32 workers / 16 GiB	fc2196f2c38a
refs/heads/tools/lab2-bootstrap-exact	7facd7c9ae0dd50550214c47ccba45b6b9343af2	1	0	1	changed files differ; may include obsolete versions	tools(lab2): exact bootstrap bounds, numeric cells, hashed index stream	7facd7c9ae0d
refs/heads/tools/lab2-declined-pick-invalid	65ab72acc9ad89c1db7b4f06292ce282929115a1	1	0	1	changed files differ; may include obsolete versions	tools(lab2): stage-0 a declined pick is an INVALID row, never a silent pass	65ab72acc9ad
refs/heads/tools/lab2-ltray-arm	6ed029cfce4ac5b9865e605a2d6bafe2d453ba5a	1	0	1	changed files differ; may include obsolete versions	tools(lab2): fullgames arm L_tray for the P9 MODE_B control	6ed029cfce4a
refs/heads/tools/lab2-p9	948542ad9a07c56c4f4195e2ceb10f56bfed289c	1	0	1	changed files differ; may include obsolete versions	tools(lab2): P9 tray-control placement from timings and completeness only	948542ad9a07
refs/heads/tools/lab2-p9-blocked-stratum	781233a5b123a05b04fbc05e942604e7c5c407df	1	0	0	changed files differ; may include obsolete versions	tools(lab2): stage-0 P9 control rows on unported true-tray transitions are BLOCKED-STRATUM (HOLD until D151)	781233a5b123
refs/heads/tools/lab2-panic-invalid-row	368d93667aa0060b51f769ef60a92fc84e092951	1	0	1	changed files differ; may include obsolete versions	tools(lab2): stage-0 a core panic is an INVALID row, a dead worker fails the run	368d93667aa0
refs/heads/tools/lab2-scorer-fixtures	7f89b57903c4f5f0199542877647b269ec18f37e	1	0	1	changed files differ; may include obsolete versions	tools(lab2): scorer fixture, four correlated games through board_scores are one cluster	7f89b57903c4
refs/heads/tools/lab2-source-workers	6d83b93249a02f607637369cf980a659f4a763db	1	0	1	changed files differ; may include obsolete versions	tools(lab2): stage-0 source over N workers, merged in manifest order	6d83b93249a0
refs/heads/tools/lab2-stage0-freeze-blockers	83e887fd4167501494703ded9400845c06dfc584	1	0	1	changed files differ; may include obsolete versions	tools(lab2): stage-0 freeze blockers - per-game search keys, wheel stamp hashes the binary	83e887fd4167
refs/heads/tools/lab2-stage0-game-headers	2083fa1af1235b35283cbe41a6f6a9816391cebc	1	0	1	changed files differ; may include obsolete versions	tools(lab2): stage-0 recorded states play under their own game header	2083fa1af123
refs/heads/tools/lab2-stage0-source-knobs	afdba20de28369643b7fe85410c818a52663f666	1	0	1	changed files differ; may include obsolete versions	tools(lab2): stage-0 source games play the shipped grade (--knobs)	afdba20de283
refs/heads/tools/lab2-stage0-validator-row-headers	6a3de9ae1b090f91d0545e971916aa811cf5deca	1	0	1	changed files differ; may include obsolete versions	tools(lab2): stage-0 validator takes a per-row expected header map	6a3de9ae1b09
refs/heads/tools/lab2-timing-no-sweep	35e59c52959029b7dd39a04104d3f4ebc62398ca	1	0	1	changed files differ; may include obsolete versions	tools(lab2): stage-0 timing --no-sweep omits the D-only budget sweep	35e59c529590
refs/heads/tools/lab2-validate	1763f2c3efc2a7e45b5b00517084db3fca6851cd	1	0	1	changed files differ; may include obsolete versions	tools(lab2): row validator, every problem withholds every PASS flag	1763f2c3efc2
refs/heads/tools/lab2-validate-zero-search	4170bc8411ed65002221dd701326ef76da7ef606	1	0	1	changed files differ; may include obsolete versions	tools(lab2): stage-0 validator fails every decision that never searched	4170bc8411ed
refs/heads/tools/ladder-grades	dd756db7238512d50c787982b92fd6188233350d	1	0	1	all non-merge patches equivalent; merge content not assessed	tools(arena_ladder): measure the new difficulty grades; no verdict without graded games	dd756db72385
refs/heads/tools/selfplay-63bit-seeds	7b38b00856aa00ab7e9aa81d7b53a80d5b1e64a3	1	0	1	all non-merge patches equivalent; merge content not assessed	selfplay: derived per-activation seeds wrap into 63 bits (a 63-bit game seed plays)	7b38b00856aa
refs/heads/tools/selfplay-route-root	98aaaf062f03095ae0fb0cdf037fe20bdd5be846	1	0	1	all non-merge patches equivalent; merge content not assessed	selfplay: play_game(route_root=True) hands #1480's root routing to every core	98aaaf062f03
refs/heads/tree-a-step1-knobs	7fdf88619e7457813e38f87308713b38155413b9	1	0	1	all non-merge patches equivalent; merge content not assessed	core(tree): step 1 register the tree search knobs	7fdf88619e74
refs/heads/tree-a-step10-py-seam	8c24faa216713668daf398991e0a1bc82116cd10	2	1	0	ancestry differs; review required	test(tree): the deep-seat refusal no longer reads the private list folder	19df2299a8d5,8c24faa21671
refs/heads/tree-a-step11a-lab-pilot	c19f1501bf8f4e977e229a8dcbafac98ab983389	1	0	1	all non-merge patches equivalent; merge content not assessed	core(tree): step 11a lab driver, pilot part 1	c19f1501bf8f
refs/heads/tree-a-step11b-lab-timing	3b9d95e5cefb847889725d90af413535cc0fd6fd	1	0	1	all non-merge patches equivalent; merge content not assessed	core(tree): step 11b lab driver, pilot part 2 (timing set)	3b9d95e5cefb
refs/heads/tree-a-step12a-lab-endings	58e262aa84066f28b69ef36ca20d24d459736888	1	0	1	all non-merge patches equivalent; merge content not assessed	core(tree): step 12a lab driver, endings (Part A)	58e262aa8406
refs/heads/tree-a-step12b-lab-fullgames	3db6c9b750e94d9ba86e50921dd18ce236705b9f	1	0	1	all non-merge patches equivalent; merge content not assessed	core(tree): step 12b lab driver, full games (Part B)	3db6c9b750e9
refs/heads/tree-a-step2-adjudicate	84170f63ed60306c19a165dd9a124a6fcaf102ae	1	0	1	all non-merge patches equivalent; merge content not assessed	core(tree): step 2 factor adjudicate_end out of full_playout	84170f63ed60
refs/heads/tree-a-step9-pool-wall	413ae7130891bdbf07d0fc1e67d3a78269efc5d3	2	0	0	ancestry differs; review required	test(tree): trace.pool_completed stamp rides only a pick with pool_wall_ms on	402fdd839d75,413ae7130891
refs/heads/tutorial-a10-a12-pr	2f1430719d2ad9ddb82668219e47d5355e1bd321	4	0	0	ancestry differs; review required	docs(tutorial): document playable First Steps chapter (A12)	2f1430719d2a,89616432bd7d,d34c26a9192e,fad0b20824bd
refs/heads/tutorial-a3-pr	67c1b41c209cbb285aa9ec51e841a1e53a045e67	1	0	1	all non-merge patches equivalent; merge content not assessed	feat(tutorial): S-01 lesson step data for Game School (A3)	67c1b41c209c
refs/heads/tutorial-a4-pr	b16aa922d961c8b16b6ad3f1380bb2b216a797ec	1	0	1	all non-merge patches equivalent; merge content not assessed	feat(tutorial): collect Game School lesson facts (A4)	b16aa922d961
refs/heads/tutorial-a5-pr	aeff0976a4b16791b941cfe5703c0b39a83869a1	1	0	1	all non-merge patches equivalent; merge content not assessed	feat(tutorial): run Game School lesson steps (A5)	aeff0976a4b1
refs/heads/tutorial-a6-pr	d43e3b250b884712aadf75c300fe6890eb1c4218	1	0	1	all non-merge patches equivalent; merge content not assessed	feat(tutorial): add Game School lesson card (A6)	d43e3b250b88
refs/heads/tutorial-a7-a9a-pr	5481fc61ab10615aee74a16b01ea09ae963c4e26	3	0	0	ancestry differs; review required	feat(tutorial): define S-01 lesson recipe (A9a)	5481fc61ab10,97e2326c832a,f2c877139ad1
refs/heads/tutorial-a9b-pr	8a8bb359d0da5fb0260b005cc0ac57e2cfe2c5f3	1	0	1	all non-merge patches equivalent; merge content not assessed	feat(tutorial): build lesson tables from recipes (A9b)	8a8bb359d0da
refs/heads/tutorial/a1-lesson-checks	6777d459c0021366ba8a0a6f5d31fc761a854010	1	0	1	all non-merge patches equivalent; merge content not assessed	feat(tutorial): pure state checks for Game School lesson steps (A1)	6777d459c002
refs/heads/tutorial/a10-s01-small-table	2c89620107ee3889ee8117b51361c05b397d5830	10	0	6	ancestry differs; review required	feat(tutorial): bundle small S-01 lesson table (A10)	109f7063f5c2,2c89620107ee,2cd72a88e1a6,3982fac4de56,4814c6c5ca9c,50ffd2933de8,6777d459c002,af52db1fca96,dd5cde7d42fe,e50721e1cbcb
refs/heads/tutorial/a10a-compact-table-output	2a902ee91bd054e04d20a43d3f6e09f882c4792e	11	0	7	ancestry differs; review required	build(tutorial): compact generated lesson tables (A10a)	2a902ee91bd0,2cd72a88e1a6,3982fac4de56,4814c6c5ca9c,50ffd2933de8,6777d459c002,af52db1fca96,cba929e0ce8a,dd3b5198864c,dd5cde7d42fe,e50721e1cbcb
refs/heads/tutorial/a10b-s01-table-tests	9e99218d381737ff9ff5732a61384e8785921d39	12	0	7	ancestry differs; review required	feat(tutorial): bundle compact S-01 table and checks (A10b)	2a902ee91bd0,2cd72a88e1a6,3982fac4de56,4814c6c5ca9c,50ffd2933de8,6777d459c002,9e99218d3817,af52db1fca96,cba929e0ce8a,dd3b5198864c,dd5cde7d42fe,e50721e1cbcb
refs/heads/tutorial/a11-s01-e2e-walk	50a73f1e3b85198139c9a396b11e1c27c445c228	11	0	6	ancestry differs; review required	test(tutorial): walk S-01 through real game scene (A11)	109f7063f5c2,2c89620107ee,2cd72a88e1a6,3982fac4de56,4814c6c5ca9c,50a73f1e3b85,50ffd2933de8,6777d459c002,af52db1fca96,dd5cde7d42fe,e50721e1cbcb
refs/heads/tutorial/a11-s01-e2e-walk-split	dd1eb44328c17c42b9e7966c0835445c51335059	13	0	7	ancestry differs; review required	test(tutorial): walk S-01 through real game scene (A11)	2a902ee91bd0,2cd72a88e1a6,3982fac4de56,4814c6c5ca9c,50ffd2933de8,6777d459c002,9e99218d3817,af52db1fca96,cba929e0ce8a,dd1eb44328c1,dd3b5198864c,dd5cde7d42fe,e50721e1cbcb
refs/heads/tutorial/a12-ch1-docs	6d553501ddf141ae172b504644be4d56c5e93269	12	0	6	ancestry differs; review required	docs(tutorial): document playable First Steps chapter (A12)	109f7063f5c2,2c89620107ee,2cd72a88e1a6,3982fac4de56,4814c6c5ca9c,50a73f1e3b85,50ffd2933de8,6777d459c002,6d553501ddf1,af52db1fca96,dd5cde7d42fe,e50721e1cbcb
refs/heads/tutorial/a12-ch1-docs-split	8356409c13cd5cc3a3ea38238c4a8e49a1cda121	14	0	7	ancestry differs; review required	docs(tutorial): document playable First Steps chapter (A12)	2a902ee91bd0,2cd72a88e1a6,3982fac4de56,4814c6c5ca9c,50ffd2933de8,6777d459c002,8356409c13cd,9e99218d3817,af52db1fca96,cba929e0ce8a,dd1eb44328c1,dd3b5198864c,dd5cde7d42fe,e50721e1cbcb
refs/heads/tutorial/a2-lesson-checks-unit-stacked	3982fac4de56a3af86195292841177dfba470fa5	2	0	2	all non-merge patches equivalent; merge content not assessed	feat(tutorial): unit-tag checks for Game School lesson steps (A2)	3982fac4de56,6777d459c002
refs/heads/tutorial/a3-spielschule-lessons	50ffd2933de848c8edeb01c3ff0eaa4473256bee	3	0	3	all non-merge patches equivalent; merge content not assessed	feat(tutorial): S-01 lesson step data for Game School (A3)	3982fac4de56,50ffd2933de8,6777d459c002
refs/heads/tutorial/a4-lesson-facts	af52db1fca96dddb9fec293ec140a89d133b3987	4	0	4	all non-merge patches equivalent; merge content not assessed	feat(tutorial): collect Game School lesson facts (A4)	3982fac4de56,50ffd2933de8,6777d459c002,af52db1fca96
refs/heads/tutorial/a5-lesson-runner	2cd72a88e1a61080dcf817481fbf4e39f3d7a51e	5	0	5	all non-merge patches equivalent; merge content not assessed	feat(tutorial): run Game School lesson steps (A5)	2cd72a88e1a6,3982fac4de56,50ffd2933de8,6777d459c002,af52db1fca96
refs/heads/tutorial/a6-lesson-card	4814c6c5ca9cf1ba413d680463222f200028c88b	6	0	6	all non-merge patches equivalent; merge content not assessed	feat(tutorial): add Game School lesson card (A6)	2cd72a88e1a6,3982fac4de56,4814c6c5ca9c,50ffd2933de8,6777d459c002,af52db1fca96
refs/heads/tutorial/a7-lesson-main-wiring	e50721e1cbcb2ff1d7381fef08c3b7b0a1d635ae	7	0	6	ancestry differs; review required	feat(tutorial): start lessons after scenario load (A7)	2cd72a88e1a6,3982fac4de56,4814c6c5ca9c,50ffd2933de8,6777d459c002,af52db1fca96,e50721e1cbcb
refs/heads/tutorial/a8-return-to-chapter-list	dd5cde7d42fe187ca146978542da96d6318598ef	8	0	6	ancestry differs; review required	feat(tutorial): reopen chapter list after lesson (A8)	2cd72a88e1a6,3982fac4de56,4814c6c5ca9c,50ffd2933de8,6777d459c002,af52db1fca96,dd5cde7d42fe,e50721e1cbcb
refs/heads/tutorial/a9-lesson-table-builder	109f7063f5c2fe6b243c95a8824bfc6f327cfb72	9	0	6	ancestry differs; review required	feat(tutorial): generate lesson tables from recipes (A9)	109f7063f5c2,2cd72a88e1a6,3982fac4de56,4814c6c5ca9c,50ffd2933de8,6777d459c002,af52db1fca96,dd5cde7d42fe,e50721e1cbcb
refs/heads/tutorial/a9a-lesson-recipes	cba929e0ce8a06f257a455c5a455670db2d0a1bb	9	0	6	ancestry differs; review required	feat(tutorial): define S-01 lesson recipe (A9a)	2cd72a88e1a6,3982fac4de56,4814c6c5ca9c,50ffd2933de8,6777d459c002,af52db1fca96,cba929e0ce8a,dd5cde7d42fe,e50721e1cbcb
refs/heads/tutorial/a9b-lesson-builder	dd3b5198864ce21114aed43789b3031237b31bbe	10	0	7	ancestry differs; review required	feat(tutorial): build lesson tables from recipes (A9b)	2cd72a88e1a6,3982fac4de56,4814c6c5ca9c,50ffd2933de8,6777d459c002,af52db1fca96,cba929e0ce8a,dd3b5198864c,dd5cde7d42fe,e50721e1cbcb
refs/heads/ui/action-strip	1d0da9cfd7ad5f46a60d0e73a648555871a95060	2	0	0	ancestry differs; review required	feat(hud): the deployment / action strip in the house style (UI row 14)	1d0da9cfd7ad,c69a929d1481
refs/heads/ui/after-game-card	0f057b39d71c5e5b5e395fc139368b566abab16e	2	0	0	ancestry differs; review required	feat(ui): after-game card as an in-viewport house-style panel (row 27, D98 a)	0f057b39d71c,b6eba7361bbf
refs/heads/ui/ai-opponent	8d75c288ee2e1bbc353e73e5de6fad5f24221ab4	3	0	0	ancestry differs; review required	feat(ui): AI Opponent dialog as an in-viewport house-style sheet (row 21, D98 a)	191f79b8ab06,1a9525e99d2e,8d75c288ee2e
refs/heads/ui/ai-voice	ac14071c2c5ef0bdb95e5f3a12c2eeed98fe8ac5	2	0	0	ancestry differs; review required	feat(hud): the AI's voice in the house style (UI rows 12, 13, 15)	9d9745aca893,ac14071c2c5e
refs/heads/ui/chat-readouts-hints	2188975b09e0968fc87320e44a287746242c85e3	2	0	0	ancestry differs; review required	feat(hud): chat, HUD readouts and the hint line in the house style (UI rows 9-11)	102db4f7c7e5,2188975b09e0
refs/heads/ui/confirms	8cee16094c76c4e4b89ace5aa011ae83dc696c86	2	0	0	ancestry differs; review required	feat(ui): Clear / Sort / Next Round / End Battle confirms as one PromptCard (row 22, D98 a)	8cee16094c76,b32adf389302
refs/heads/ui/dice-prototype	af48f8f5d01c02aa922c524dad7d45ea1d52bd8f	7	0	1	ancestry differs; review required	ui(cards): the mockup's headings and the retired detail card's lines on the presented card (uicard B)	0e2a5028c37d,42c270991792,8e7ee8507c1d,8f62c0e759ea,a9fd2f41f057,af48f8f5d01c,dfc0e060d622
refs/heads/ui/end-of-game	525cf7a6cde57b684f2266879342b5f8f17f2c4c	2	0	0	ancestry differs; review required	feat(ui): Game over summary as an in-viewport house-style panel (row 28, D98 a)	525cf7a6cde5,886785bfd6f2
refs/heads/ui/esc-opens-menu	79d03748c037ad6f0fcb87dc60079980e43128c3	1	0	1	all non-merge patches equivalent; merge content not assessed	ui: Esc with nothing to close opens the game menu	79d03748c037
refs/heads/ui/file-dialogs	2054753573884176f23bab5149183cd41db8f7fb	2	0	0	ancestry differs; review required	feat(ui): Save / Load file dialogs take the house theme (row 23)	1e8575a30292,205475357388
refs/heads/ui/first-five	ca08417feddeec0ae7ba543e3f469a4edda8b3db	0	0	0	ancestor of baseline	fix(core+table): Crossing Attack rolls per crossing model, and a joined hero rolls its own entry (EPOCH_67_MARKERS_BURSTS, D20 a) (#1223)	-
refs/heads/ui/fps-advisory	44d93a307f1767815a1072decc00cfe968d5dd8b	4	0	0	ancestry differs; review required	fix(ui): the low-framerate advisory is centred above the Units tab	392605f3a305,44d93a307f17,662ef4683163,eac06bef1b80
refs/heads/ui/game-menu-mp	16f59cf42ae27e012adeb766c01ca5765b3dd2a1	1	0	1	all non-merge patches equivalent; merge content not assessed	ui: the ☰ game menu's multiplayer section + room code in the house style (2 of 3)	16f59cf42ae2
refs/heads/ui/game-menu-shell	bfd855d8aff0fbcb5e85e4f3ddfcbb1bac6722bc	2	0	0	ancestry differs; review required	ui: the ☰ game menu's shell + Table/army + Save/Load/Graphics/End in the house style (uimenu 2/2)	bfd855d8aff0,db3e9550a5e6
refs/heads/ui/game-menu-solo	abcea224236282b04fe399836e5c7ef631ef16a0	1	0	1	all non-merge patches equivalent; merge content not assessed	ui: the ☰ game menu's NACHTMAHR solo section, deployment zones, host tools and Start Game in the house style (3 of 3)	abcea2242362
refs/heads/ui/game-menu-start-primary	59f0c05940fe7cfa352a47f82c7e3419e70bc3c2	1	0	1	all non-merge patches equivalent; merge content not assessed	ui: Start Game is the game menu's gold main action (maintainer D60 = a)	59f0c05940fe
refs/heads/ui/house-check-box	e4776028ec582a04f2cf656ed1460bae7f3b787d	2	0	0	ancestry differs; review required	ui: house check boxes take the game menu's icon pair (fix of the first cut)	859e0a48a0e2,e4776028ec58
refs/heads/ui/import-panel	70260f515cb6919dc45216c9de2af9c99090329f	3	0	0	ancestry differs; review required	test(e2e): import inventory fails cleanly when nothing is emitted	70260f515cb6,daa2ffba94b8,db9d773ba667
refs/heads/ui/interference-card	5fe1f058d331ecb7898e81c7dc5984d5db2e674b	1	0	1	all non-merge patches equivalent; merge content not assessed	ui: spell interference, spot and boost on the house prompt card (row 37)	5fe1f058d331
refs/heads/ui/land-2-rebased	cdea318f01dd93c26d2c70273f908f617ca40746	1	0	1	all non-merge patches equivalent; merge content not assessed	"ui: the top bar — round / phase or turn, Battle Log, ""? Controls"", Next Round (uitop)"	cdea318f01dd
refs/heads/ui/land-2-topbar	34aaf39860a94007d1f77fa21cffe448acf3ffc4	3	0	1	ancestry differs; review required	"ui: the top bar — round / phase or turn, Battle Log, ""? Controls"", Next Round (uitop)"	34aaf39860a9,4c860a5dbdb1,4e7577198088
refs/heads/ui/land-3-bkey	ee64bb671becba3650279d09d0e1b071ce5bf24c	4	0	2	ancestry differs; review required	input: regiment frontage moves to B; Shift+F clears the sight / range fan (uitop Job A)	34aaf39860a9,4c860a5dbdb1,4e7577198088,ee64bb671bec
refs/heads/ui/land-3-rebased	0f806f86b0b5078ca7e13d63f0aa63956832794c	1	0	1	all non-merge patches equivalent; merge content not assessed	input: regiment frontage moves to B; Shift+F clears the sight / range fan (uitop Job A)	0f806f86b0b5
refs/heads/ui/land-4-cards	baa4edf4985041541cee15810cb3785767e714eb	7	0	2	ancestry differs; review required	ui(cards): the mockup's headings and the retired detail card's lines on the presented card (uicard B)	34aaf39860a9,49a26fb09ae3,4c860a5dbdb1,4e7577198088,861cb1c64a95,baa4edf49850,ee64bb671bec
refs/heads/ui/land-4-rebased	f5c92d7919158dd90e4b307e6cc5edc5ae2a7837	3	0	0	ancestry differs; review required	ui(cards): the mockup's headings and the retired detail card's lines on the presented card (uicard B)	0bf66376ffb0,f22a851b128f,f5c92d791915
refs/heads/ui/land-rebased	baa4edf4985041541cee15810cb3785767e714eb	7	0	2	ancestry differs; review required	ui(cards): the mockup's headings and the retired detail card's lines on the presented card (uicard B)	34aaf39860a9,49a26fb09ae3,4c860a5dbdb1,4e7577198088,861cb1c64a95,baa4edf49850,ee64bb671bec
refs/heads/ui/log-chat-readouts	13a36aea14115f49b8b6f6e8f97436766d13cd93	2	0	0	ancestry differs; review required	feat(hud): the Battle Log panel in the house style (UI row 8)	13a36aea1411,2ca83877db3e
refs/heads/ui/main-confirms	ca08417feddeec0ae7ba543e3f469a4edda8b3db	0	0	0	ancestor of baseline	fix(core+table): Crossing Attack rolls per crossing model, and a joined hero rolls its own entry (EPOCH_67_MARKERS_BURSTS, D20 a) (#1223)	-
refs/heads/ui/marker-dialog	c82d23dc4fcb5c558e105ac0cd549f0766ab930c	4	0	0	ancestry differs; review required	feat(hud): the Tokens dialog in the house style (UI row 18)	60df5de8323e,b4b5532a3a43,c82d23dc4fcb,cb7ba48323d1
refs/heads/ui/marker-dialog-house	4827c4f979752a92505ed6d17dc39dd2fcd9ed89	1	0	1	all non-merge patches equivalent; merge content not assessed	ui: the Tokens dialog in the house style (row 18)	4827c4f97975
refs/heads/ui/menu-dialog-chrome	290778f91f2b428fc20252b6c66aa8c774cd2cda	2	0	0	ancestry differs; review required	feat(ui): menu scene dialogs in the house chrome (rows 46-49)	290778f91f2b,b2b1e48f91ea
refs/heads/ui/menu-scene-tokens	2c5938295574fe77831565de4b54ac1881ff1c8a	4	0	0	ancestry differs; review required	test(e2e): menu inventory no longer assumes a save exists	2c5938295574,43ac20f88cfd,a81d280317e1,fc4f2e37baee
refs/heads/ui/model-download	14dae6adbfc8736c257479ddc0bc5fbd64201409	2	0	0	ancestry differs; review required	feat(ui): model download panel in the house style (row 39)	14dae6adbfc8,dca3962a90fa
refs/heads/ui/net-dialogs	76d81b9370904f871f0177ab69d1b5d1f9131e14	2	0	0	ancestry differs; review required	feat(ui): online dialogs (Create a room / Join / Public tables) in the house chrome (rows 24, 50)	76d81b937090,d77447dfc5d1
refs/heads/ui/privacy-panel	f1250e876abc994d7c6b57b16a31457cb3315d19	2	0	0	ancestry differs; review required	feat(ui): Privacy & data as an in-viewport house-style panel (row 26, D98 a)	57e6ba0fff17,f1250e876abc
refs/heads/ui/settings-controls	f9f8733ec7b2050ad015a1f0f69b3e60a0f907ca	1	0	1	all non-merge patches equivalent; merge content not assessed	feat(ui): Settings controls in the house look (row 25 part 2)	f9f8733ec7b2
refs/heads/ui/settings-panel	7f3fa8ce6b88c9753ee93a92dfff8980e182cf8c	4	0	0	ancestry differs; review required	fix(ui): Settings sheet keeps its colour swatches and is not modal	6a1960ed9202,7f3fa8ce6b88,cb80a676194e,f875d904f721
refs/heads/ui/solo-prompts	5276ebaed883651d7422d2f601211c91b44ead65	3	0	0	ancestry differs; review required	fix(hud): the prompt card puts its main action on the right	5276ebaed883,db24aaf50d36,f54ea91f28c5
refs/heads/ui/solo-prompts-2	9c250362d18fad275685345d3e04eaf011411461	4	0	0	ancestry differs; review required	feat(hud): split fire, spell picker and interference on the house card (UI rows 32, 36, 37)	5276ebaed883,9c250362d18f,db24aaf50d36,f54ea91f28c5
refs/heads/ui/spell-picker-card	7a6de7f9dc77b85cfa8adb53226cccede31454a2	3	0	2	ancestry differs; review required	ui: the spell picker on the house prompt card (row 36)	7a6de7f9dc77,fda326a46cd2,ffc68c86d8af
refs/heads/ui/spell-picker-house	9a9cb9361faa8ff2ea45211dff48d84745ccef48	1	0	1	all non-merge patches equivalent; merge content not assessed	ui: the spell picker on the house prompt card (row 36)	9a9cb9361faa
refs/heads/ui/split-fire-card	fda326a46cd2e6b8533dff9c6a83692061bd8096	1	0	1	all non-merge patches equivalent; merge content not assessed	"ui: ""Split fire?"" on the house prompt card (row 32)"	fda326a46cd2
refs/heads/ui/split-fire-glyph	24a93e129532fea57b46bf29fdf6a6dfdaadbb38	1	0	1	all non-merge patches equivalent; merge content not assessed	"ui: the split-fire strip's button reads ""Fire!"" without the emoji"	24a93e129532
refs/heads/ui/table-chooser-tokens	83ae604f43abef567211dbda92e7cebff64e85be	1	0	1	all non-merge patches equivalent; merge content not assessed	ui: the table chooser takes the house palette (row 45)	83ae604f43ab
refs/heads/ui/tutorial-chrome	920703981e317a092c885850471ec49504214400	2	0	0	ancestry differs; review required	feat(ui): coach-mark overlay in the house style (row 51)	920703981e31,cfd1a9a7209a
refs/heads/ui/tutorial-dialogs	7f3b35120d9fd82ac86fe4ec6ed9a3036fdf8b4b	2	0	0	ancestry differs; review required	feat(ui): tutorial assessment and skip dialogs in the house chrome (row 52)	0d3d03e9dd43,7f3b35120d9f
refs/heads/ui/unit-dialogs	60df5de8323e720ca35ba65bb465f3d9fdca7351	2	0	0	ancestry differs; review required	feat(hud): Wounds, Caster points and Model info in the house style (UI rows 16, 17, 19)	60df5de8323e,cb7ba48323d1
refs/heads/ui/waits	eb143a793e149860912eb7c4abfb8abd290f7734	2	0	0	ancestry differs; review required	feat(ui): army loading bar in the house style (row 38)	e9c4da2147cf,eb143a793e14
refs/heads/uifix2-drop-model-info	54b2f96e5905e5463d9046508edc92cb92dc2bda	1	0	1	all non-merge patches equivalent; merge content not assessed	"ui: drop the model-info popup and the radial ""Info"" entry (D104 = a)"	54b2f96e5905
refs/heads/uifix2-hint-above-units-tab	efec9d5efb84f4b4501dc0099b5fffe47515afeb	1	1	1	all non-merge patches equivalent; merge content not assessed	Merge origin/main into uifix2-hint-above-units-tab	133d78dafef5
refs/heads/uifix2-stage-below-banner	a5a7dfbaf4ff76e8c8209f5d25f3cb63a4577e18	2	3	0	ancestry differs; review required	Merge remote uifix2-stage-below-banner	070181c197f5,700e756736b8
refs/heads/verify-d14	d41fa50735497ce1a890ff666bf41cc3595f97aa	1	0	1	all non-merge patches equivalent; merge content not assessed	test(missions): the arena VIP game test asserts what play_game really returns and spies the walk	d41fa5073549
refs/heads/vfx/base	d61577a62f27ae95502a9a023e072a2611abc95d	9	1	1	changed files differ; may include obsolete versions	Merge branches 'vfx/result-pips', 'vfx/volley-cue', 'vfx/sight-pairs' and 'vfx/spell-seal' into vfx/base	08a4c02e43af,17bb9eba4632,183ada8e7edd,5fe4386a19e5,84a1dd800ea0,962bab5abf68,ac4a44c2ff54,e6a3e48c702e,e9db55eb6d3a
refs/heads/vfx/look	c80a30aa1805fa538d8671d1a42ccf45fde006d9	21	6	1	changed files differ; may include obsolete versions	wip(local): a cue is only sent from a live session in the tree (a cosmetic send must never crash a resolution)	0579eb1ebd70,08a4c02e43af,17bb9eba4632,183ada8e7edd,1c28c094c1db,2aba281b8a86,3d4e1132bb7a,4082eb2135ea,5ce61c363bd6,5ece291848b2,5fe4386a19e5,8f85aea8ae0d,962bab5abf68,99e0d872c779,ac4a44c2ff54,b5a715e4249d,c80a30aa1805,cecdbc9be005,e6a3e48c702e,e9db55eb6d3a,f9919c51ba80
refs/heads/vfx/result-pips	1c28c094c1dbbc2c35532f28d46687babc6feeb1	4	0	0	changed files differ; may include obsolete versions	feat(vfx): a result strip shows at most ten symbols	17bb9eba4632,183ada8e7edd,1c28c094c1db,962bab5abf68
refs/heads/vfx/result-pips-hook	21c23ff7f626fc9cb379ed694d3ca99fb136197e	5	0	0	changed files differ; may include obsolete versions	feat(vfx): result pips ride the real wound allocation (VFX #1, part 2)	17bb9eba4632,183ada8e7edd,1c28c094c1db,21c23ff7f626,962bab5abf68
refs/heads/vfx/seal-hook	85b328e19ea74e63f57bf36ad6f256e8f4468619	10	1	1	changed files differ; may include obsolete versions	feat(vfx): the spell seal rides the real cast resolver (VFX #3, part 2)	08a4c02e43af,17bb9eba4632,183ada8e7edd,5fe4386a19e5,84a1dd800ea0,85b328e19ea7,962bab5abf68,ac4a44c2ff54,e6a3e48c702e,e9db55eb6d3a
refs/heads/vfx/sight-pairs	e6a3e48c702e29b09e61d4f05e763f67f7b23958	1	0	1	changed files differ; may include obsolete versions	feat(vfx): sighted_models can hand out the model pairs it counted (VFX #2 seam)	e6a3e48c702e
refs/heads/vfx/spell-seal	84a1dd800ea039b56e911bb292124b9979b4d3ec	3	0	0	changed files differ; may include obsolete versions	"Revert ""perf(vfx): the seal draws only its band (annulus), not a full plane"""	84a1dd800ea0,ac4a44c2ff54,e9db55eb6d3a
refs/heads/vfx/spells	25388b1d6b60a0929e87c3867e9a4691afd0fab1	28	1	0	changed files differ; may include obsolete versions	test(vfx): gate spell quality lifecycle and malformed cast payloads	08a4c02e43af,0b0f878eecad,1737ffc0fad3,17bb9eba4632,183ada8e7edd,1c28c094c1db,25167ae6541e,25388b1d6b60,2fe7f3fc0185,37d6aef6bbdb,42b546897796,4722fc635b57,5fe4386a19e5,5fea9b1e954c,6f429e6abdd0,6f9a1ddc1266,79a882935427,7c5ec51691aa,84a1dd800ea0,962bab5abf68,9b39cfd052a4,ac4a44c2ff54,cc2348223683,d529a3f32458,e6e55bf79666,e9db55eb6d3a,ee8c6fdf3551,f31295d67882
refs/heads/vfx/v2	ee8c6fdf355133054f04f233714acecaccac1f88	20	1	0	changed files differ; may include obsolete versions	wip(local): v2 - pre-set tweened spell uniforms	08a4c02e43af,0b0f878eecad,17bb9eba4632,183ada8e7edd,1c28c094c1db,37d6aef6bbdb,4722fc635b57,5fe4386a19e5,6f429e6abdd0,6f9a1ddc1266,79a882935427,7c5ec51691aa,84a1dd800ea0,962bab5abf68,ac4a44c2ff54,cc2348223683,d529a3f32458,e9db55eb6d3a,ee8c6fdf3551,f31295d67882
refs/heads/vfx/v3	c17f3c561bad4ea1338a5898f17c429407e9132e	26	1	0	changed files differ; may include obsolete versions	wip(local): VFX - shots per weapon family, sound-ready hooks	08a4c02e43af,0b0f878eecad,1737ffc0fad3,17bb9eba4632,183ada8e7edd,1c28c094c1db,25167ae6541e,2fe7f3fc0185,37d6aef6bbdb,4722fc635b57,5fe4386a19e5,6f429e6abdd0,6f9a1ddc1266,77acdbc79608,79a882935427,7c5ec51691aa,84a1dd800ea0,962bab5abf68,9b39cfd052a4,ac4a44c2ff54,c17f3c561bad,cc2348223683,d529a3f32458,e9db55eb6d3a,ee8c6fdf3551,f31295d67882
refs/heads/vfx/volley-cue	08a4c02e43afcc1b06918ee05efb4fe72c021f53	2	0	0	changed files differ; may include obsolete versions	perf(vfx): tracers share one unit cylinder and one material per tint	08a4c02e43af,5fe4386a19e5
refs/heads/vfx/volley-hook	f5a390b1ecf1c7ef9802978869ef3cc1aa6adae5	10	1	1	changed files differ; may include obsolete versions	feat(vfx): the volley cue rides the real AI volley (VFX #2, part 2)	08a4c02e43af,17bb9eba4632,183ada8e7edd,5fe4386a19e5,84a1dd800ea0,962bab5abf68,ac4a44c2ff54,e6a3e48c702e,e9db55eb6d3a,f5a390b1ecf1
refs/heads/vocab3c-cont	a743643b62af6d7fce34f111d56362f0c5ceffc4	3	0	0	ancestry differs; review required	ONNX spike: feed the stand-in the v1 projection of the spliced rows	a554156a5a95,a743643b62af,b06d840fc5d0
refs/heads/vram-b	16a3e90889073b940452b3a3b9a770b255c5dca0	1	0	1	all non-merge patches equivalent; merge content not assessed	perf(ctex): models share one texture per .ctex file (CACHE_MODE_REUSE)	16a3e9088907
refs/heads/waittail-act-phase	963614579d53d865f843631d30825d8669745430	3	0	0	ancestry differs; review required	"Revert ""solo/move: exact AABB broad phase for spacing zones in step_blocked"""	963614579d53,d4a374f414f1,d806ac5dd4ed
refs/heads/wave2/s1-01	53a51de18e1df6b02eac1389f857c6be055b82c7	1	0	1	all non-merge patches equivalent; merge content not assessed	fix(melee): Thrust's +1 to hit applies only when charging, and the charge logs it (S1-01)	53a51de18e1d
refs/heads/wave2/s1-04	53a6d32150fd0edd2e0830255203baba1f5cf61d	1	0	1	all non-merge patches equivalent; merge content not assessed	fix(melee): Counter-Attack units strike first when charged (S1-04)	53a6d32150fd
refs/heads/wave2/s1-05	35013af98d9fb7d0d7640d4ce80d69e547cbda12	1	0	1	all non-merge patches equivalent; merge content not assessed	fix(spells): an attackers-side grant no longer lands on, or is spent by, the enemy it targets (S1-05)	35013af98d9f
refs/heads/wave2/s1-06	ce084a96503c7ed6142f47f4c13a354126f6e0c0	1	0	1	all non-merge patches equivalent; merge content not assessed	fix(regen): a weapon with printed Unstoppable ignores Regeneration (S1-06)	ce084a96503c
refs/heads/wave2/s1-11	87cf301101fff056404ab9375ceb691f0aa4684f	1	0	1	all non-merge patches equivalent; merge content not assessed	Stamp moved round only for played movement drops	87cf301101ff
refs/heads/wave2/s1-19	2c3689197a5e23e54b2668d44b7427c8f998382a	1	0	1	all non-merge patches equivalent; merge content not assessed	Assign owned mission markers after deployment side choice	2c3689197a5e
refs/heads/wave2/s5-01	2e096fa2ef2d484990c9214baeab01f0c8e70c37	1	0	1	all non-merge patches equivalent; merge content not assessed	Fix AI Dangerous terrain tests on stationary activations	2e096fa2ef2d
refs/heads/wave2/s8-u3	bc8acbf48612239e1fffb5a98acf46c1896cf53b	1	0	1	all non-merge patches equivalent; merge content not assessed	"fix(tutorial): T-02 ""box select"" completes from a real rubber band"	bc8acbf48612
refs/heads/wave2/s8-u4	97a4b299fa875d47f897e19913f07c02d43ab763	1	0	1	all non-merge patches equivalent; merge content not assessed	fix(clipboard): Ctrl+D on army models makes plain copies, not alias copies of the unit	97a4b299fa87
refs/heads/wave2/s8-u5	677ba553eb4830a4450f452332d8c1a423587221	1	0	1	all non-merge patches equivalent; merge content not assessed	fix(cards): the unit card's Wounds button applies the Tough(1) gate the radial route has	677ba553eb48
refs/heads/wave3a-preA	c39244dff65fcc94f3d3d39d906d050e35079303	0	0	0	ancestor of baseline	refactor(core): extract the per-unit ledger fold into io::fold_ledger (wave 3 step 2) (#1151)	-
refs/heads/wave3a-step1-vp-seam	517980160da2ead5b0de4ee91f670d58f6346f24	3	0	0	ancestry differs; review required	test(core-seam): skip the vp seam e2e where the NmlCore extension is not loaded	517980160da2,5688e6b08951,7fbba816ea8b
refs/heads/wave3a-step2-fold-ledger	4aa111fffc04802ab9c56dcc532b3c5f95caeca1	1	0	1	all non-merge patches equivalent; merge content not assessed	refactor(core): extract the per-unit ledger fold into io::fold_ledger (wave 3 step 2)	4aa111fffc04
refs/heads/wave3a-step3-ledger-seam	03d6ccdbd889f049ac7247becd5a78d2e31598ca	3	0	0	ancestry differs; review required	test(core-seam): skip the ledger seam e2e where the NmlCore extension is not loaded	03d6ccdbd889,147b7df3f2d4,414cbe96ef76
refs/heads/wave3a-step4-main	bd88aae4aca4b9680a4eb4c0138b3893177460cc	0	0	0	ancestor of baseline	fix(core-seam): the Godot state reader folds the table's ledger, a books header marks bands prefolded (wave 3 step 3) (#1153)	-
refs/heads/wave3a-verify-local	b9ede9e7e46bf2bcb7d2a2dc076199ccb25194a2	5	1	1	ancestry differs; review required	Merge branch 'wave3a-step1-vp-seam' into wave3a-verify-local	2100f9566e98,4aa111fffc04,5688e6b08951,7fbba816ea8b,e13085ab5872
refs/heads/wave3b-step10-counter-impact-alias	a816564b866293b208dda20f2ec53d736651515f	5	0	0	ancestry differs; review required	fix: count Counter aliases in Impact reduction	63d750176e29,9e2ab91a6d81,a816564b8662,aba295f7773b,ccc12b8b6083
refs/heads/wave3b-step10-pr	7352a81d215b01be4ca845445ce5fc6539fb6b41	2	0	0	ancestry differs; review required	fix: count Counter aliases in Impact reduction	7352a81d215b,cc68c773418c
refs/heads/wave3b-step11-pr	b120bb48491cd32355edc1cb58be80633eb5d7c1	2	0	0	ancestry differs; review required	fix: honor granted regen flags and remember hero morale choice	4694c32426c3,b120bb48491c
refs/heads/wave3b-step11-regen-flags-hero-prompt	f982bf313717efd68e878f0953fd76fbdd61a639	7	0	0	ancestry differs; review required	fix: honor granted regen flags and remember hero morale choice	63d750176e29,9e2ab91a6d81,a816564b8662,aba295f7773b,c90c42d7d5c0,ccc12b8b6083,f982bf313717
refs/heads/wave3b-step13-pr	35ba325f1a61a79f74c5caa65585894d967addb9	2	0	0	ancestry differs; review required	Fix Rapid Rush to affect Rush only at epoch 66	35ba325f1a61,7f73be23b183
refs/heads/wave3b-step13-rapid-rush-epoch	e0e99e5364f2c9545bdc18e97c52a235374bf839	3	0	0	ancestry differs; review required	Pin Rapid Rush Aura registry metadata to Rush-only book rule	8f8dd509f331,9afd230da0fa,e0e99e5364f2
refs/heads/wave3b-step14-teleport-truth	ad8361f4ec5620d39ff75f2a95a24b95cf9c3844	5	0	0	ancestry differs; review required	Separate Teleport reposition from movement bands at epoch 66	734db7bcef19,8f8dd509f331,9afd230da0fa,ad8361f4ec56,e0e99e5364f2
refs/heads/wave3b-step15-modifier-gap	b04a5b223a1dfb0e525d02294b41bf55d502ae9f	7	0	0	ancestry differs; review required	Use nearest base gap for volley modifiers at epoch 66	734db7bcef19,8f8dd509f331,9afd230da0fa,ad8361f4ec56,b04a5b223a1d,d601119523f7,e0e99e5364f2
refs/heads/wave3b-step16-rapid-charge-mark	355fbc06cad5b7e6d88da73451421eab5340b3ca	10	0	0	ancestry differs; review required	Apply target Rapid Charge Mark to charge reach at epoch 66	355fbc06cad5,5471edb7677f,734db7bcef19,8b16837f495a,8f8dd509f331,9afd230da0fa,ad8361f4ec56,b04a5b223a1d,d601119523f7,e0e99e5364f2
refs/heads/wave3b-step17-attached-sight	a79b6b11f084c91ab7404228908a0142d71b595a	12	0	0	ancestry differs; review required	Fix joined hero sight blockers at distance epoch 66	355fbc06cad5,5471edb7677f,734db7bcef19,8b16837f495a,8f8dd509f331,9afd230da0fa,a79b6b11f084,ad8361f4ec56,b04a5b223a1d,c025b9d48e37,d601119523f7,e0e99e5364f2
refs/heads/wave3b-step18-horizontal-sight	78dc70fd20885a00d9b8f7e320a7cba1db213487	14	0	0	ancestry differs; review required	Sort sight candidates by horizontal range at epoch 66	355fbc06cad5,5471edb7677f,734db7bcef19,78dc70fd2088,8b16837f495a,8f8dd509f331,9afd230da0fa,a2a73dc28f26,a79b6b11f084,ad8361f4ec56,b04a5b223a1d,c025b9d48e37,d601119523f7,e0e99e5364f2
refs/heads/wave3b-step19-activation-move-reset	b87f50871fcb096d21685e471103826bc3dbde82	16	0	0	ancestry differs; review required	Reset movement budget at each AI activation	355fbc06cad5,5471edb7677f,71d654886dda,734db7bcef19,78dc70fd2088,8b16837f495a,8f8dd509f331,9afd230da0fa,a2a73dc28f26,a79b6b11f084,ad8361f4ec56,b04a5b223a1d,b87f50871fcb,c025b9d48e37,d601119523f7,e0e99e5364f2
refs/heads/wave3b-step5-epoch-shaken	44f6cf9ceeefca1a4bc266d61928b85e60522eb9	2	0	0	ancestry differs; review required	fix(core+table): gate Shaken strike-back and replay features at epoch 65	44f6cf9ceeef,d2471788a74c
refs/heads/wave3b-step6-melee-wipe	9b8c643f8de5c5d2b071d2cb3144b80183622a19	2	0	0	ancestry differs; review required	fix(core+table): make melee wipes decide loser at epoch 65	5dada6e33de8,9b8c643f8de5
refs/heads/wave3b-step6-pr	23a06469b32b468bb5fa04fc7ea65cd95b1ce5c0	2	0	0	ancestry differs; review required	fix(core+table): make melee wipes decide loser at epoch 65	23a06469b32b,514e66249766
refs/heads/wave3b-step7-hero-morale	fc428cca86c5667761e3b71dda743a66b2465ad4	4	0	0	ancestry differs; review required	fix(core+table): use joined hero quality for morale at epoch 65	5dada6e33de8,64ebf8d03f5f,9b8c643f8de5,fc428cca86c5
refs/heads/wave3b-step7-pr	d6fe21be1ad2a6bbee20e74a7cb13a2a7f70178b	2	0	0	ancestry differs; review required	fix(core+table): use joined hero quality for morale at epoch 65	d181a0fe6306,d6fe21be1ad2
refs/heads/wave3b-step8-fearless-all-models	699eedee53e8e8e9b54f2f122981adca6a14f7d7	7	0	0	ancestry differs; review required	fix(core+table): judge Fearless on living joined models at epoch 65	4b523f4fc17e,5dada6e33de8,64ebf8d03f5f,699eedee53e8,98136eebae7d,9b8c643f8de5,fc428cca86c5
refs/heads/wave3b-step8-pr	46f9b17b120acf25a1ea9d1e73bbe86aa9a6e59a	3	0	0	ancestry differs; review required	fix(core+table): judge Fearless on living joined models at epoch 65	3c1b2b7578a2,46f9b17b120a,92c00cbf7ae1
refs/heads/wave3b-step9-mind-control-morale	aba295f7773ba1812055ab359ec4d7ff82690b35	3	0	0	ancestry differs; review required	refactor: bundle Mind Control morale source for Clippy	9e2ab91a6d81,aba295f7773b,ccc12b8b6083
refs/heads/wave3b-step9-pr	b64c39190975ab53ffce4c95f2e8433e36d48867	2	0	0	ancestry differs; review required	fix(core+table): resolve Mind Control through morale at epoch 65	aad8eb7c8575,b64c39190975
refs/heads/wave3b-step9b-pr	b688f2d6c02460a49413c20df78d89ea075363a3	3	0	0	ancestry differs; review required	refactor: bundle Mind Control morale source for Clippy	1a1827ab0f58,b688f2d6c024,e6ec1a08fcf1
refs/heads/wave3c-step13-pr	485422c6dcb6f5a64056c04500260f0894362a4d	3	0	0	ancestry differs; review required	Pin Rapid Rush Aura registry metadata to Rush-only book rule	485422c6dcb6,665ddf636141,c0d50a7b8a92
refs/heads/wave3c-step14-pr	38ab1fc081dc1b8658265f6f2f193c0432d3c90e	2	0	0	ancestry differs; review required	Separate Teleport reposition from movement bands at epoch 66	38ab1fc081dc,bc519b33996f
refs/heads/wave3c-step15-pr	c203de2de2ce9e1b91c39d648f4ca05f582d5674	2	0	0	ancestry differs; review required	Use nearest base gap for volley modifiers at epoch 66	19434f8166b4,c203de2de2ce
refs/heads/wave3c-step16-pr	f72385b4f5154f9d325bfc7c0226f1586bfd8214	3	0	0	ancestry differs; review required	Apply target Rapid Charge Mark to charge reach at epoch 66	2f7e0ff5867b,f72385b4f515,fc9aee227a69
refs/heads/wave3c-step17-pr	8d7378f754008bbb69b1051cefece72bd6f0b147	2	0	0	ancestry differs; review required	Fix joined hero sight blockers at distance epoch 66	8d7378f75400,a8655cae27bc
refs/heads/wave3c-step18-pr	db048210deb2c254614502041e456041d85e789e	2	0	0	ancestry differs; review required	Sort sight candidates by horizontal range at epoch 66	530c7f4e36ac,db048210deb2
refs/heads/wave3c-step19-pr	5b0fc227ed64b2d784c84e19ebff8f45bc0ca804	2	0	0	ancestry differs; review required	Reset movement budget at each AI activation	30f392e0bf4d,5b0fc227ed64
refs/heads/wave3d-step21-epoch-piercing-target	b2ed9c44624c7157cff28a87d45cb8e969181c65	2	0	0	ancestry differs; review required	fix(core): bump the GDScript recorder's rules_epoch mirror to 67	4e1671d37137,b2ed9c44624c
refs/heads/wave3d-step22-piercing-spotter	abc214b413879ee54386424e775faf408abb1321	1	0	1	all non-merge patches equivalent; merge content not assessed	fix(core+table): Piercing Spotter rolls its printed 4+ per activation (EPOCH_67_MARKERS_BURSTS, W3-4 a)	abc214b41387
refs/heads/wave3d-step23-surprise-attack	3eb3c3294a7b896861902ad1af3b176a57601d07	1	0	1	all non-merge patches equivalent; merge content not assessed	fix(core+table): Surprise Attack's latch burns on the first activation, whether or not a target exists (EPOCH_67_MARKERS_BURSTS, D19 a)	3eb3c3294a7b
refs/heads/wave3d-step24-crossing-attack	c0ce56780fc4edf69d8c9fb18737e5ef5c5530f0	2	0	2	all non-merge patches equivalent; merge content not assessed	fix(core+table): Crossing Attack rolls per crossing model, and a joined hero rolls its own entry (EPOCH_67_MARKERS_BURSTS, D20 a)	3eb3c3294a7b,c0ce56780fc4
refs/heads/wave3d-step25-deadly-landing	775c7e2ba8cd9753d4261ba7974d7df8bc9fef41	2	0	0	ancestry differs; review required	fix(core): reword land_deadly_wounds doc comment to satisfy clippy::doc_lazy_continuation	775c7e2ba8cd,78c897340999
refs/heads/wave3d-step26-zero-die-roll	d0817e2e64c96e3a476860595957ffd475f83fd3	3	0	1	ancestry differs; review required	fix(core+table): a zero-die tray roll draws nothing instead of burning a UI-guard die (EPOCH_67_MARKERS_BURSTS, D76/W3-6 a)	775c7e2ba8cd,78c897340999,d0817e2e64c9
refs/heads/wave3d-step27-spot-per-laser	c69722a35d0006aaec5abce7908dad9b78f4cf0a	4	0	2	ancestry differs; review required	fix(core+table): Precision Spotter rolls one die per alive laser-carrying model (EPOCH_67_MARKERS_BURSTS, NML-980, W3-3 a)	775c7e2ba8cd,78c897340999,c69722a35d00,d0817e2e64c9
refs/heads/wave3e-step29	68db67b10625c2c9e4f92de64f88648b1e3b8e7f	1	0	1	all non-merge patches equivalent; merge content not assessed	fix(core+table): the defence modifiers are one sum clamped once, so Def 2+ in cover vs AP(1) saves on 2+ (EPOCH_68_MODIFIER_SUM, D21 defence half)	68db67b10625
refs/heads/wave3e-step29-modifier-defence	64327d6b4c7fc29355f86b23cba592b7dca41d15	0	0	0	ancestor of baseline	fix(core+table): Precision Spotter rolls one die per alive laser-carrying model (EPOCH_67_MARKERS_BURSTS, NML-980, W3-3 a) (#1232)	-
refs/heads/wave3e-step30	eb6f249734ca30242c46a218b81f75f9efcbc300	2	0	0	ancestry differs; review required	fix(core): clippy gate - slice::from_ref in the modifier_sum test, drop an unused mut	ce0f73e94fb5,eb6f249734ca
refs/heads/wip/pr6instr-pregate	9716a37fcd053e15cdf43fd637ba34b6abaae7cd	1	0	0	ancestry differs; review required	wip(pr6): pre-gate planner probe + pin test (fixture pending)	9716a37fcd05
refs/heads/work	5ac14bd35832611dc7b854e9fc79f8aa7ba67c64	0	0	0	ancestor of baseline	Merge pull request #481 from DutchMaxwell/core-1152-deploy-parity	-
refs/heads/worktree-agent-a073e488436436f54	48be8ed59be523eb92dcd118246a7edf90bd332f	0	0	0	ancestor of baseline	fix(ai): match wave — six findings from the 22.08. maintainer game (NML-1033..1041) (#357)	-
refs/heads/worktree-agent-a0ce2c2d94b0df409	54d565b2423f60b24e7c245f1d8d54385ac2ae9b	0	0	0	ancestor of baseline	Merge pull request #644 from DutchMaxwell/rules-marks-rung-e	-
refs/heads/worktree-agent-a0e6724a2ef0385aa	48be8ed59be523eb92dcd118246a7edf90bd332f	0	0	0	ancestor of baseline	fix(ai): match wave — six findings from the 22.08. maintainer game (NML-1033..1041) (#357)	-
refs/heads/worktree-agent-a0ed2b235764a17a0	aa04bfe842027fa77fa8248ebb234a018ec739f9	0	0	0	ancestor of baseline	Merge pull request #640 from DutchMaxwell/solo-mission-selector	-
refs/heads/worktree-agent-a0f13fd4595578702	48be8ed59be523eb92dcd118246a7edf90bd332f	0	0	0	ancestor of baseline	fix(ai): match wave — six findings from the 22.08. maintainer game (NML-1033..1041) (#357)	-
refs/heads/worktree-agent-a1480d809d001b79f	48be8ed59be523eb92dcd118246a7edf90bd332f	0	0	0	ancestor of baseline	fix(ai): match wave — six findings from the 22.08. maintainer game (NML-1033..1041) (#357)	-
refs/heads/worktree-agent-a1818f75a3aaf106e	48be8ed59be523eb92dcd118246a7edf90bd332f	0	0	0	ancestor of baseline	fix(ai): match wave — six findings from the 22.08. maintainer game (NML-1033..1041) (#357)	-
refs/heads/worktree-agent-a204f5e8798aa096b	48be8ed59be523eb92dcd118246a7edf90bd332f	0	0	0	ancestor of baseline	fix(ai): match wave — six findings from the 22.08. maintainer game (NML-1033..1041) (#357)	-
refs/heads/worktree-agent-a2d53a28abf8285a0	48be8ed59be523eb92dcd118246a7edf90bd332f	0	0	0	ancestor of baseline	fix(ai): match wave — six findings from the 22.08. maintainer game (NML-1033..1041) (#357)	-
refs/heads/worktree-agent-a38c3d49277c08392	a623bed7ebfcfab83d536205455ad1275f060af9	36	0	0	ancestry differs; review required	fix(ai): a Shaken caster spends its activation idle — no cast, no token (NML-1069 A1a-2)	0dd4dced67c0,0fffe54c056f,24e3813f27d0,30fd1d02eb72,35d00d7d0a29,364955df251f,37c7d033249c,45e4d8c85209,4dab71cef122,501b6662de72,55705136352b,560b4aa388cf,6dea668cf69e,6ea229c8991f,6ef6eb6f4313,740e6e5a495c,754e8e642d27,7de529a6b2b7,8874d6ac8752,8bde4dcb4047,8c6ce35475df,9a133eac2b3d,a623bed7ebfc,a8e0f3dd0d9e,aabe6e7332cc,ac555d36b1fb,afced0f96ce5,c15eba9db12e,c220913c741e,c9003a078d2f,d7316025c6f4,dabd1da70b00,db593e7ef12e,df74ebb992bd,e58b9c40c889,f338e0961aa9
refs/heads/worktree-agent-a4001b75a90580af4	48be8ed59be523eb92dcd118246a7edf90bd332f	0	0	0	ancestor of baseline	fix(ai): match wave — six findings from the 22.08. maintainer game (NML-1033..1041) (#357)	-
refs/heads/worktree-agent-a42557220181ef44d	48be8ed59be523eb92dcd118246a7edf90bd332f	0	0	0	ancestor of baseline	fix(ai): match wave — six findings from the 22.08. maintainer game (NML-1033..1041) (#357)	-
refs/heads/worktree-agent-a429bccdce44e0448	ecbae9bdfc57f1f0bb8a8fba8e76648541703349	37	0	0	ancestry differs; review required	feat(ai): cast sub-phase behind NML_SIM_CAST — shipped rollouts stay byte-identical until the A/B (NML-1069)	0dd4dced67c0,0fffe54c056f,1b980115b8f2,24e3813f27d0,279f01505f8c,30fd1d02eb72,35d00d7d0a29,364955df251f,37c7d033249c,45e4d8c85209,4dab71cef122,501b6662de72,55705136352b,560b4aa388cf,6dea668cf69e,6ea229c8991f,6ef6eb6f4313,740e6e5a495c,754e8e642d27,7de529a6b2b7,8874d6ac8752,8bde4dcb4047,8c6ce35475df,9a133eac2b3d,a8e0f3dd0d9e,aabe6e7332cc,afced0f96ce5,c15eba9db12e,c220913c741e,c9003a078d2f,d7316025c6f4,dabd1da70b00,db593e7ef12e,df74ebb992bd,e58b9c40c889,ecbae9bdfc57,f338e0961aa9
refs/heads/worktree-agent-a75c4cc908978c9fd	48be8ed59be523eb92dcd118246a7edf90bd332f	0	0	0	ancestor of baseline	fix(ai): match wave — six findings from the 22.08. maintainer game (NML-1033..1041) (#357)	-
refs/heads/worktree-agent-a816a1d5638699c8f	b1d8fcb7441be0b27cf2c24f8d3f56c786365ca5	0	0	0	ancestor of baseline	Merge pull request #650 from DutchMaxwell/tools-shards-wide-menus	-
refs/heads/worktree-agent-a9515e1be037836a9	aa04bfe842027fa77fa8248ebb234a018ec739f9	0	0	0	ancestor of baseline	Merge pull request #640 from DutchMaxwell/solo-mission-selector	-
refs/heads/worktree-agent-a95cda53da0cf5d52	0e4ba1e18afdf404521a6b6ba07620a96d136592	0	0	0	ancestor of baseline	Merge pull request #653 from DutchMaxwell/rules-rung-c-data	-
refs/heads/worktree-agent-a978f5f784b78d76f	48be8ed59be523eb92dcd118246a7edf90bd332f	0	0	0	ancestor of baseline	fix(ai): match wave — six findings from the 22.08. maintainer game (NML-1033..1041) (#357)	-
refs/heads/worktree-agent-aa4902b11093cab78	48be8ed59be523eb92dcd118246a7edf90bd332f	0	0	0	ancestor of baseline	fix(ai): match wave — six findings from the 22.08. maintainer game (NML-1033..1041) (#357)	-
refs/heads/worktree-agent-ab51acb5a0e118368	48be8ed59be523eb92dcd118246a7edf90bd332f	0	0	0	ancestor of baseline	fix(ai): match wave — six findings from the 22.08. maintainer game (NML-1033..1041) (#357)	-
refs/heads/worktree-agent-ab89df42d0869226a	48be8ed59be523eb92dcd118246a7edf90bd332f	0	0	0	ancestor of baseline	fix(ai): match wave — six findings from the 22.08. maintainer game (NML-1033..1041) (#357)	-
refs/heads/worktree-agent-abf2b1fae85d915d5	23c965156a9bc3f33e985824396948c2230e5c5a	0	0	0	ancestor of baseline	Merge pull request #633 from DutchMaxwell/core-search-leaf-value	-
refs/heads/worktree-agent-ae4a544da5e79279c	48be8ed59be523eb92dcd118246a7edf90bd332f	0	0	0	ancestor of baseline	fix(ai): match wave — six findings from the 22.08. maintainer game (NML-1033..1041) (#357)	-
refs/heads/worktree-agent-aec6dfedd815ddd22	48be8ed59be523eb92dcd118246a7edf90bd332f	0	0	0	ancestor of baseline	fix(ai): match wave — six findings from the 22.08. maintainer game (NML-1033..1041) (#357)	-
refs/heads/worktree-agent-aef42c779b4db0f15	48be8ed59be523eb92dcd118246a7edf90bd332f	0	0	0	ancestor of baseline	fix(ai): match wave — six findings from the 22.08. maintainer game (NML-1033..1041) (#357)	-
refs/heads/worktree-wf_84649e1e-1a4-1	dcf249e92c6890ac4ea81f72ed2b683c8fe67b91	2	0	0	ancestry differs; review required	fix(ai): the ghost-shot gate measures the band the live move covers (NML-1049)	55a1883ce878,dcf249e92c68
refs/heads/worktree-wf_84649e1e-1a4-2	0849bbc38c6afa30496ae64c8eef877d9ef59dc8	1	0	0	ancestry differs; review required	fix(solo): the game-over summary reads the ledger the referee decides by (NML-1048)	0849bbc38c6a
refs/heads/worktree-wf_84649e1e-1a4-3	71a0605de75a9b7a198333e8a27789802f1261dc	2	0	0	ancestry differs; review required	fix(arena): the stamp proves a SHA, not a file, and the test stops writing the gate	5515e4ac1899,71a0605de75a
refs/heads/worktree-wf_b1fe0aa1-b8f-1	5aadd068b557105bc1e3cde3bc97b1c84b459b09	1	0	0	ancestry differs; review required	fix(solo): the game-over summary reads the ledger the referee decides by (NML-1048)	5aadd068b557
refs/heads/worktree-wf_b1fe0aa1-b8f-2	02818a3d50205865239eee2ec83dd3076fa14ea5	1	0	0	ancestry differs; review required	fix(ai): the wide menu stops offering ghost shots (NML-1049)	02818a3d5020
refs/heads/worktree-wf_b1fe0aa1-b8f-3	4d64cac0f3366f0a3f89e3fe00c023d494c236a2	2	0	0	ancestry differs; review required	fix(solo): TR-2 — the imitation row waits for the re-gate (NML-1009)	4d64cac0f336,86ae26f68c3a
refs/heads/worktree-wf_b1fe0aa1-b8f-4	d568fe1be5f1ffcb7edc3ca122f6fd8cf34339ec	1	0	0	ancestry differs; review required	feat(arena): every result JSON names the build that wrote it (STEMPEL)	d568fe1be5f1
refs/heads/worktree-wf_e3098a46-70b-1	c4e70eca66077da8d7a0939865f791a381757dc2	1	0	0	ancestry differs; review required	fix(core): the corpus referee IS the referee — one seize rule (gap 11)	c4e70eca6607
refs/heads/worktree-wf_e3098a46-70b-2	0112e817deb48f9374478c191aa9475e919963fc	2	0	0	ancestry differs; review required	fix(ai): the tail counts like the referee (HEAD_QUEUE #13)	0112e817deb4,c2b3dd76bfb8
refs/heads/worktree-wf_e3098a46-70b-3	d879c55a9159d45abcf30c3671e89f8634525a93	1	0	0	ancestry differs; review required	fix(solo): the sim's morale sees the Banner — one morale-bonus truth (gap 18a)	d879c55a9159
refs/heads/worktree-wf_e3098a46-70b-4	9da4f40fbb6324f084ddab07d1a2b2f050b0a773	1	0	0	ancestry differs; review required	test(solo): TR-1 — a red guard for the teacher row that outruns the charge re-gate (NML-1009)	9da4f40fbb63
refs/heads/wt-887fix	7cd49cab841c720f468012ed2bc54f012ba65f24	0	0	0	ancestor of baseline	Merge origin/main into codex-triage/a-spawn-validation — keep state_from_json_with_epoch (main) and point the Python state_of caller at it	-
refs/heads/wt-arena-rescore	296d78e9fc8ffd1b9876bffd8e59533714a9246f	0	0	0	ancestor of baseline	tools: block-mean A/B re-scorer with a 95% CI, separate from ab_score.py	-
refs/heads/wt-b1r	c718edff48e06bb0e06aa82bcb182859258c2c30	0	0	0	ancestor of baseline	Merge pull request #885 from DutchMaxwell/codex-triage/d-roadmap-docs	-
refs/heads/wt-bag17	2d0e7677180e0f144b68a3977972c2cd5979a428	0	0	0	ancestor of baseline	feat(encoder): widen the rule bag 8 -> 17 — F_u 90, bag cols 52..86	-
refs/heads/wt-blenddiag	e6948a239b5ac2515abe52c77c2b9731d3e5c4b9	0	0	0	ancestor of baseline	core: objective token gets per-side reach counts (token vocab 3) (#1026)	-
refs/heads/wt-blenddiag2	e6948a239b5ac2515abe52c77c2b9731d3e5c4b9	0	0	0	ancestor of baseline	core: objective token gets per-side reach counts (token vocab 3) (#1026)	-
refs/heads/wt-boxtest	d61990b18296373f85285902257166f9cbe0f7ce	0	0	0	ancestor of baseline	Merge pull request #762 from DutchMaxwell/rules-encoder-unit2	-
refs/heads/wt-boxtest2	d61990b18296373f85285902257166f9cbe0f7ce	0	0	0	ancestor of baseline	Merge pull request #762 from DutchMaxwell/rules-encoder-unit2	-
refs/heads/wt-boxtest3	d61990b18296373f85285902257166f9cbe0f7ce	0	0	0	ancestor of baseline	Merge pull request #762 from DutchMaxwell/rules-encoder-unit2	-
refs/heads/wt-boxtest4	d61990b18296373f85285902257166f9cbe0f7ce	0	0	0	ancestor of baseline	Merge pull request #762 from DutchMaxwell/rules-encoder-unit2	-
refs/heads/wt-cen3	0de8b65e1747c93567658ea6a152d08d5eb8d4d0	0	0	0	ancestor of baseline	Merge pull request #892 from DutchMaxwell/feat/prb2-last-game-preview-card	-
refs/heads/wt-census1	6e753c493a0af8bf2119cdd39858f794abdcb2f1	0	0	0	ancestor of baseline	Merge pull request #887 from DutchMaxwell/codex-triage/a-spawn-validation	-
refs/heads/wt-cg1	c835be27bb3efcbdcafe0c78e3b905fef2072058	0	0	0	ancestor of baseline	fix(ci): refuse partial clippy measurements in the gate	-
refs/heads/wt-cg2	0de8b65e1747c93567658ea6a152d08d5eb8d4d0	0	0	0	ancestor of baseline	Merge pull request #892 from DutchMaxwell/feat/prb2-last-game-preview-card	-
refs/heads/wt-ci1	5d72e365ad73799886801eb15436e1b29cfb37bd	0	0	0	ancestor of baseline	Merge pull request #886 from DutchMaxwell/codex-triage/b1-net-input-validation	-
refs/heads/wt-core-identity-refuse-unknown	122ca2dc66cd7e0150979b7deba9767370729300	0	0	0	ancestor of baseline	test(core-identity): RED — unverifiable running core must refuse, mismatches must count	-
refs/heads/wt-depthlaunch	e6948a239b5ac2515abe52c77c2b9731d3e5c4b9	0	0	0	ancestor of baseline	core: objective token gets per-side reach counts (token vocab 3) (#1026)	-
refs/heads/wt-depthlaunch2	e6948a239b5ac2515abe52c77c2b9731d3e5c4b9	0	0	0	ancestor of baseline	core: objective token gets per-side reach counts (token vocab 3) (#1026)	-
refs/heads/wt-depthone	e6948a239b5ac2515abe52c77c2b9731d3e5c4b9	0	0	0	ancestor of baseline	core: objective token gets per-side reach counts (token vocab 3) (#1026)	-
refs/heads/wt-determ	6ac21b8ddc0d1788c799af156dee0be5b27edc04	0	0	0	ancestor of baseline	test(core): 100/100 deterministic final-state hashes + reference machine	-
refs/heads/wt-devgame	33f2a928df71eea697205a02e9487a4f7748eccc	0	0	0	ancestor of baseline	docs(plans): wave 4 accounting — claimed vs delivered, table gaps, 21 UNCLEAR verdicts (#759)	-
refs/heads/wt-docs1	6e753c493a0af8bf2119cdd39858f794abdcb2f1	0	0	0	ancestor of baseline	Merge pull request #887 from DutchMaxwell/codex-triage/a-spawn-validation	-
refs/heads/wt-eb-oracle-runner	5212fa1722b8eaaa468f137954951accc5e5683d	0	0	0	ancestor of baseline	feat(eb): add E-B oracle-grader runner (dry run is the deliverable)	-
refs/heads/wt-enc-memo	f276714f46fdfc79f7e3749e64156f628bcd6526	1	0	0	ancestry differs; review required	prototype (DO NOT MERGE): unit2 trailing band for encoder_slot ceiling	f276714f46fd
refs/heads/wt-exportfix	e6948a239b5ac2515abe52c77c2b9731d3e5c4b9	0	0	0	ancestor of baseline	core: objective token gets per-side reach counts (token vocab 3) (#1026)	-
refs/heads/wt-f10-partial-receipt	9c5c26e8ffe6e66ebabd822394ee805fcf6e705a	0	0	0	ancestor of baseline	fix(rescore): refuse or stamp PARTIAL a run scored short of its plan (F10)	-
refs/heads/wt-faststat	0de8b65e1747c93567658ea6a152d08d5eb8d4d0	0	0	0	ancestor of baseline	Merge pull request #892 from DutchMaxwell/feat/prb2-last-game-preview-card	-
refs/heads/wt-gen5fix	d61990b18296373f85285902257166f9cbe0f7ce	0	0	0	ancestor of baseline	Merge pull request #762 from DutchMaxwell/rules-encoder-unit2	-
refs/heads/wt-gen5fix2	d61990b18296373f85285902257166f9cbe0f7ce	0	0	0	ancestor of baseline	Merge pull request #762 from DutchMaxwell/rules-encoder-unit2	-
refs/heads/wt-gen5fix3	d61990b18296373f85285902257166f9cbe0f7ce	0	0	0	ancestor of baseline	Merge pull request #762 from DutchMaxwell/rules-encoder-unit2	-
refs/heads/wt-gm-move-buff	fff35f1b1f529c1abf3e4b20dfe754380cf9db4f	0	0	0	ancestor of baseline	test(census): the STAMPED-vs-PORTED pin uses the documented-NO knob now that move_mod is consumed	-
refs/heads/wt-golden90	451bea28c9651e502bb31d3662d97cf5cd34ee40	0	0	0	ancestor of baseline	fix(onnx): loader + spike seam feed 24x90 unit tensors; re-embed the width-90 self-test leaf	-
refs/heads/wt-intervals	a991675a92e685e437f0d49699ebb84961e68f2c	0	0	0	ancestor of baseline	core: bench bins build Seams/tuning from header knobs (seams_of/tuning_of) (#1027)	-
refs/heads/wt-kfa2b	c718edff48e06bb0e06aa82bcb182859258c2c30	0	0	0	ancestor of baseline	Merge pull request #885 from DutchMaxwell/codex-triage/d-roadmap-docs	-
refs/heads/wt-labelfix	e6948a239b5ac2515abe52c77c2b9731d3e5c4b9	0	0	0	ancestor of baseline	core: objective token gets per-side reach counts (token vocab 3) (#1026)	-
refs/heads/wt-landrebench	a512eeeb53d7a2d2bbcb3748b0084cfcfed51429	2	0	0	ancestry differs; review required	core(rebench): take slices, not Vec references, in the two stats helpers	a512eeeb53d7,c9a6b3833218
refs/heads/wt-ledger	e6948a239b5ac2515abe52c77c2b9731d3e5c4b9	0	0	0	ancestor of baseline	core: objective token gets per-side reach counts (token vocab 3) (#1026)	-
refs/heads/wt-m845	0de8b65e1747c93567658ea6a152d08d5eb8d4d0	0	0	0	ancestor of baseline	Merge pull request #892 from DutchMaxwell/feat/prb2-last-game-preview-card	-
refs/heads/wt-m846	0de8b65e1747c93567658ea6a152d08d5eb8d4d0	0	0	0	ancestor of baseline	Merge pull request #892 from DutchMaxwell/feat/prb2-last-game-preview-card	-
refs/heads/wt-mdlchk	198a543a94dad4143dc3559597685d72fd10c56b	0	0	0	ancestor of baseline	Merge pull request #758 from DutchMaxwell/rules-wave4-renames	-
refs/heads/wt-mdlchk2	198a543a94dad4143dc3559597685d72fd10c56b	0	0	0	ancestor of baseline	Merge pull request #758 from DutchMaxwell/rules-wave4-renames	-
refs/heads/wt-menuprobe	e6948a239b5ac2515abe52c77c2b9731d3e5c4b9	0	0	0	ancestor of baseline	core: objective token gets per-side reach counts (token vocab 3) (#1026)	-
refs/heads/wt-menutail	a991675a92e685e437f0d49699ebb84961e68f2c	0	0	0	ancestor of baseline	core: bench bins build Seams/tuning from header knobs (seams_of/tuning_of) (#1027)	-
refs/heads/wt-menuwiden	fb16ffbad871b732174695a05e3ed6b647f67acc	1	0	0	ancestry differs; review required	core: menu Tuning gains safe_advance_extra knob (RED) — tail gate proves it inert	fb16ffbad871
refs/heads/wt-onnx01	fc693fb437b09b5f0897412323bf1b4b3cdf47a6	0	0	0	ancestor of baseline	Merge pull request #884 from DutchMaxwell/codex-triage/c-test-hygiene	-
refs/heads/wt-onnx02	f98493162732541e561a00148ab73f63515dd0ee	0	0	0	ancestor of baseline	spike(test): exact output-bit compare for the RED one-byte check	-
refs/heads/wt-onnxhook	f971cd88b24908c09c3ef3da95d88e926029f376	0	0	0	ancestor of baseline	merge: origin/main (ONNX parity)	-
refs/heads/wt-onnxl	5664ab6d4144b00e7e2ca90477bff92a8e5c4bda	0	0	0	ancestor of baseline	fix(core): ONNX self-test replays row 0 of a static_batch-width batch	-
refs/heads/wt-onnxpar	3a23c8abad92b33e4c7b1423d1167ecc40859543	0	0	0	ancestor of baseline	test(core): pin the ONNX parity tolerance to the reference receipt	-
refs/heads/wt-onnxswitch	801ddcfceaf7e98b1ee5276c58f2e5f9ebf1be9c	1	0	0	ancestry differs; review required	wip(onnxswitch): frozen for handover 2026-09-13 (uncommitted WIP snapshot)	801ddcfceaf7
refs/heads/wt-orch	33f2a928df71eea697205a02e9487a4f7748eccc	0	0	0	ancestor of baseline	docs(plans): wave 4 accounting — claimed vs delivered, table gaps, 21 UNCLEAR verdicts (#759)	-
refs/heads/wt-ordergate	e6948a239b5ac2515abe52c77c2b9731d3e5c4b9	0	0	0	ancestor of baseline	core: objective token gets per-side reach counts (token vocab 3) (#1026)	-
refs/heads/wt-ownerbase	e6948a239b5ac2515abe52c77c2b9731d3e5c4b9	0	0	0	ancestor of baseline	core: objective token gets per-side reach counts (token vocab 3) (#1026)	-
refs/heads/wt-ownerhead	e6948a239b5ac2515abe52c77c2b9731d3e5c4b9	0	0	0	ancestor of baseline	core: objective token gets per-side reach counts (token vocab 3) (#1026)	-
refs/heads/wt-p799b	6e753c493a0af8bf2119cdd39858f794abdcb2f1	0	0	0	ancestor of baseline	Merge pull request #887 from DutchMaxwell/codex-triage/a-spawn-validation	-
refs/heads/wt-panesmoke	33f2a928df71eea697205a02e9487a4f7748eccc	0	0	0	ancestor of baseline	docs(plans): wave 4 accounting — claimed vs delivered, table gaps, 21 UNCLEAR verdicts (#759)	-
refs/heads/wt-parity-fp	d61990b18296373f85285902257166f9cbe0f7ce	0	0	0	ancestor of baseline	Merge pull request #762 from DutchMaxwell/rules-encoder-unit2	-
refs/heads/wt-pf5	cdf3ecbb6def06dcfc6957acfcd88722af2385a5	0	0	0	ancestor of baseline	Merge pull request #799 from DutchMaxwell/parity-frame-026-push-order	-
refs/heads/wt-pf5prep	c718edff48e06bb0e06aa82bcb182859258c2c30	0	0	0	ancestor of baseline	Merge pull request #885 from DutchMaxwell/codex-triage/d-roadmap-docs	-
refs/heads/wt-port-bloodthirsty-fighter	d61990b18296373f85285902257166f9cbe0f7ce	0	0	0	ancestor of baseline	Merge pull request #762 from DutchMaxwell/rules-encoder-unit2	-
refs/heads/wt-port-fatigue-debuff	d61990b18296373f85285902257166f9cbe0f7ce	0	0	0	ancestor of baseline	Merge pull request #762 from DutchMaxwell/rules-encoder-unit2	-
refs/heads/wt-port-ranged-slayer	d61990b18296373f85285902257166f9cbe0f7ce	0	0	0	ancestor of baseline	Merge pull request #762 from DutchMaxwell/rules-encoder-unit2	-
refs/heads/wt-pr6instr	6270b7f14c12513695fe9167ba5abb12282a131c	1	0	0	ancestry differs; review required	test(core): pin the pre-gate planner on the table (recorded-162)	6270b7f14c12
refs/heads/wt-pr6prep	0de8b65e1747c93567658ea6a152d08d5eb8d4d0	0	0	0	ancestor of baseline	Merge pull request #892 from DutchMaxwell/feat/prb2-last-game-preview-card	-
refs/heads/wt-prb2	5d72e365ad73799886801eb15436e1b29cfb37bd	0	0	0	ancestor of baseline	Merge pull request #886 from DutchMaxwell/codex-triage/b1-net-input-validation	-
refs/heads/wt-privacy	714495315ef838d1002bf6a248d8aa5b76bfa9c0	0	0	0	ancestor of baseline	feat(relay): privacy baseline — no IPs in logs, delete_data, retention policy	-
refs/heads/wt-provreg	30829939d4ae4f31e513a0c42c6074d5dda1856f	0	0	0	ancestor of baseline	Merge pull request #902 from DutchMaxwell/wt-onnxpar	-
refs/heads/wt-r3patch	e6948a239b5ac2515abe52c77c2b9731d3e5c4b9	0	0	0	ancestor of baseline	core: objective token gets per-side reach counts (token vocab 3) (#1026)	-
refs/heads/wt-rankopen	e6948a239b5ac2515abe52c77c2b9731d3e5c4b9	0	0	0	ancestor of baseline	core: objective token gets per-side reach counts (token vocab 3) (#1026)	-
refs/heads/wt-rcm23b	1fc884c1c26e28d2f2b343cf57c23d562c51e011	0	0	0	ancestor of baseline	Merge pull request #895 from DutchMaxwell/wt-onnxc	-
refs/heads/wt-rcm23t	0de8b65e1747c93567658ea6a152d08d5eb8d4d0	0	0	0	ancestor of baseline	Merge pull request #892 from DutchMaxwell/feat/prb2-last-game-preview-card	-
refs/heads/wt-reach	9fe35cc1333c53d24ced95255bae5c5261acd948	2	0	0	ancestry differs; review required	core: objective token gets per-side reach counts (token vocab 3)	2f904ef62b8e,9fe35cc1333c
refs/heads/wt-reach-train	e6948a239b5ac2515abe52c77c2b9731d3e5c4b9	0	0	0	ancestor of baseline	core: objective token gets per-side reach counts (token vocab 3) (#1026)	-
refs/heads/wt-rebench	e6948a239b5ac2515abe52c77c2b9731d3e5c4b9	0	0	0	ancestor of baseline	core: objective token gets per-side reach counts (token vocab 3) (#1026)	-
refs/heads/wt-rebench2	e6948a239b5ac2515abe52c77c2b9731d3e5c4b9	0	0	0	ancestor of baseline	core: objective token gets per-side reach counts (token vocab 3) (#1026)	-
refs/heads/wt-relaysoak	55575cc58985294e4c57571e64e42c15188a0633	1	0	0	ancestry differs; review required	feat(relay): 50-room soak harness for CPU room-cost receipt	55575cc58985
refs/heads/wt-residuals	4629574eed757f84c02a15948e64cb5fda5c79a8	0	0	0	ancestor of baseline	D-MAGIC step 7: sim cast phase prices boost + interference like the table/core (#1024)	-
refs/heads/wt-retime	e6948a239b5ac2515abe52c77c2b9731d3e5c4b9	0	0	0	ancestor of baseline	core: objective token gets per-side reach counts (token vocab 3) (#1026)	-
refs/heads/wt-roster	33f2a928df71eea697205a02e9487a4f7748eccc	0	0	0	ancestor of baseline	docs(plans): wave 4 accounting — claimed vs delivered, table gaps, 21 UNCLEAR verdicts (#759)	-
refs/heads/wt-ruler	e6948a239b5ac2515abe52c77c2b9731d3e5c4b9	0	0	0	ancestor of baseline	core: objective token gets per-side reach counts (token vocab 3) (#1026)	-
refs/heads/wt-ruler2	e6948a239b5ac2515abe52c77c2b9731d3e5c4b9	0	0	0	ancestor of baseline	core: objective token gets per-side reach counts (token vocab 3) (#1026)	-
refs/heads/wt-seam	30829939d4ae4f31e513a0c42c6074d5dda1856f	0	0	0	ancestor of baseline	Merge pull request #902 from DutchMaxwell/wt-onnxpar	-
refs/heads/wt-seamsfix	e6948a239b5ac2515abe52c77c2b9731d3e5c4b9	0	0	0	ancestor of baseline	core: objective token gets per-side reach counts (token vocab 3) (#1026)	-
refs/heads/wt-seamsfix2	a954093326356e2d3eba7975027c420c546c33bb	1	0	1	all non-merge patches equivalent; merge content not assessed	core: bench bins build Seams/tuning from header knobs (seams_of/tuning_of)	a95409332635
refs/heads/wt-slowunits	a991675a92e685e437f0d49699ebb84961e68f2c	0	0	0	ancestor of baseline	core: bench bins build Seams/tuning from header knobs (seams_of/tuning_of) (#1027)	-
refs/heads/wt-swift-aura-v9	037c1cd72e1fe8246abb91d12091ca9c5b153b03	0	0	0	ancestor of baseline	feat(encoder): vocab v9 — append the 8 core-PORTED slotless names (unit2 1017-1024)	-
refs/heads/wt-tbl-rw	1efc057f00295986c288aa281c6f935f2b6cde93	0	0	0	ancestor of baseline	Merge pull request #757 from DutchMaxwell/rules-wave4-condap	-
refs/heads/wt-tbl-sa	198a543a94dad4143dc3559597685d72fd10c56b	0	0	0	ancestor of baseline	Merge pull request #758 from DutchMaxwell/rules-wave4-renames	-
refs/heads/wt-unit2	09bd0d04a71a2fc165780ade77218159d7ef23f3	0	0	0	ancestor of baseline	Merge pull request #760 from DutchMaxwell/fix/table-ranged-within	-
refs/heads/wt-unit2b	c94685f673afb72be284bd56428fee412dfb7c2e	0	0	0	ancestor of baseline	Merge pull request #761 from DutchMaxwell/fix/table-surprise-attack	-
refs/heads/wt-v36scan	27782413fe813bf81445ce3b9e1ee3a4e792b798	0	0	0	ancestor of baseline	Merge pull request #901 from DutchMaxwell/wt-onnxhook	-
refs/heads/wt-w4-3	b42bb20bfd7d9e24c413591066db123dc1280106	0	0	0	ancestor of baseline	Merge pull request #756 from DutchMaxwell/rules-wave4-boostbases2	-
refs/heads/wt-w4-4	1efc057f00295986c288aa281c6f935f2b6cde93	0	0	0	ancestor of baseline	Merge pull request #757 from DutchMaxwell/rules-wave4-condap	-
refs/heads/wt-w4-5	198a543a94dad4143dc3559597685d72fd10c56b	0	0	0	ancestor of baseline	Merge pull request #758 from DutchMaxwell/rules-wave4-renames	-
refs/heads/wt-w4-6	198a543a94dad4143dc3559597685d72fd10c56b	0	0	0	ancestor of baseline	Merge pull request #758 from DutchMaxwell/rules-wave4-renames	-
refs/heads/wt-wallclock	a991675a92e685e437f0d49699ebb84961e68f2c	0	0	0	ancestor of baseline	core: bench bins build Seams/tuning from header knobs (seams_of/tuning_of) (#1027)	-
refs/heads/wt-wallclock2	a991675a92e685e437f0d49699ebb84961e68f2c	0	0	0	ancestor of baseline	core: bench bins build Seams/tuning from header knobs (seams_of/tuning_of) (#1027)	-
refs/heads/wt-wallcull	516fd5183bf9e53981f004b8dc7843625010db71	2	0	0	ancestry differs; review required	solo/movement: broad-phase AABB reject in front of the exact wall test	516fd5183bf9,6d340607cd14
refs/remotes/origin/HEAD	facede8984b3068b81d37fed17c831e7591eecc2	0	0	0	ancestor of baseline	fix(terrain): a deleted free piece leaves the rules and the ground until undone (#1509)	-
refs/remotes/origin/ab-swift-mm35	18dbc619229a1caa35f740f3b31b024411ff980d	0	0	0	ancestor of baseline	Merge pull request #859 from DutchMaxwell/fix-loader-swift-negates-slow	-
refs/remotes/origin/act-wall-summary	20679f4aa1177e524e5b47fcf24c7ba0e35bc7e7	1	0	1	all non-merge patches equivalent; merge content not assessed	tools: act_wall_summary — p50/p90/p99 of the AI decision wait from game logs	20679f4aa117
refs/remotes/origin/advancek/menu-advance-k	9976777b838dbafacd3723b0facde73905f6ad31	2	0	0	ancestry differs; review required	core/menu: safe-advance offers the top-k frontier destinations (menu_advance_k knob, default 1)	9976777b838d,e6d9620b6817
refs/remotes/origin/ai/route-root-on	4d3233d741695080b927161c0cdc39935e08089a	2	1	0	ancestry differs; review required	Merge branch 'main' into ai/route-root-on	b02db2cca097,ffeca3f8c775
refs/remotes/origin/aiheader	c38ee8454eb941cf0de8581ce613311c3c0f0780	1	0	1	all non-merge patches equivalent; merge content not assessed	diagnostics: the report header names the AI path (extension, move planner, last opponent line)	c38ee8454eb9
refs/remotes/origin/arena-coordinate-hook	ca10e4a2003235d80f5e2fe6e95e54f7514371f2	2	0	0	ancestry differs; review required	test(arena): fix the carrierless pin's assert chain; mark the Coordinate hand-over suite as a parity pin (audit B row refuted)	72723402868f,ca10e4a20032
refs/remotes/origin/autoflake-e2e-pr	c265289cf8f74848292dbf51df7fb849b5e4a43b	1	0	1	all non-merge patches equivalent; merge content not assessed	test(e2e): assert auto moves against recorded target positions	c265289cf8f7
refs/remotes/origin/automodus/d90-ring-priority	073ce913e30565c91a59a1098d00a238c4e29ad9	1	1	1	all non-merge patches equivalent; merge content not assessed	Merge branch 'main' into automodus/d90-ring-priority	de925c8fbd4e
refs/remotes/origin/automodus/pr1-act-intent	cdd047299f9289adf393dd0c280edb3239a057cb	3	0	0	ancestry differs; review required	solo: move the post-move gates into execute_intent() (A0 step 3)	37ec1e0e1c49,cdd047299f92,fffaccd94582
refs/remotes/origin/automodus/pr2a-player-intent	5060bd6d455ee88c35350c00abbf4ca5010b2480	1	1	1	all non-merge patches equivalent; merge content not assessed	Merge branch 'main' into automodus/pr2a-player-intent	bd2387ac7f5d
refs/remotes/origin/automodus/pr2b-wire-executor	38f0afdc3db127643bd1d9141f5696cef3463a56	1	1	1	all non-merge patches equivalent; merge content not assessed	Merge branch 'main' into automodus/pr2b-wire-executor	e6c61ca1025c
refs/remotes/origin/automodus/pr2c-radial-verbs	af96068ddb3236f04ce582f9853e115ffc469508	4	2	0	ancestry differs; review required	Merge branch 'main' into automodus/pr2c-radial-verbs	05e49ac93d22,326deeeec087,731955bae643,d541a6a78f84
refs/remotes/origin/automodus/pr3-advance-rush-e2e	eb383b245a227c6165190b6a5e7de01a7b0fa8df	2	1	0	ancestry differs; review required	Merge branch 'main' into automodus/pr3-advance-rush-e2e	0e242051bed1,f8adaf2032da
refs/remotes/origin/automodus/pr4-suggest-saves-honesty	2d13370c6267bf4f6b67fc978a4974da6343cb2e	3	0	0	ancestry differs; review required	solo: capped-move honesty for a player's Advance/Rush (A4 step 14)	2d13370c6267,3509c221575d,6a1987e7cd61
refs/remotes/origin/automodus/pr5-hardening-docs	676a4af7d672e5db87757994eaeeae5ecfcd693f	2	0	0	ancestry differs; review required	docs: name Charge/Advance & Shoot/Rush (A5 step 16)	676a4af7d672,f6b593bb52fa
refs/remotes/origin/battleborn-roll-43	9fa34d5dc6c35fa06e80734442463f58362eb4e4	2	0	0	ancestry differs; review required	Battleborn: the core rolls the round-start recovery die like the table (epoch 43)	0020914d2b51,9fa34d5dc6c3
refs/remotes/origin/builder-grounded-speed-terrain-gate	155096312cfb7f39f7fddeb35f3a83065f17cffd	2	0	0	ancestry differs; review required	"fix(movement): Grounded Speed's +2""/+4"" answer the terrain verdict — the table gates it like the core (GREEN)"	155096312cfb,d317515d983a
refs/remotes/origin/builder/act-header-mission-stamp	82599fc4331c443d9f847e0ac71fc7c4331b5ab3	4	0	0	ancestry differs; review required	GREEN: the recorder stamps the chosen mission into the act header	0b3bb5b7e152,56f539da0e2c,82599fc4331c,b462d9a9e3b2
refs/remotes/origin/builder/condap-number-pins	80e7796554c0a58475526f745716969dc7d97feb	2	0	0	ancestry differs; review required	TEST WAVE condap: restore the three breaks byte-for-byte, tests stay	5dc1ce91db9d,80e7796554c0
refs/remotes/origin/builder/deadparams-counter-families	c8683ba6e08d6bb0731bdb1cd963e788634b6857	3	0	0	ancestry differs; review required	Clippy: is_some_and / is_none_or for the two new map_or reads	4ea543fc54c3,6e215f4d175d,c8683ba6e08d
refs/remotes/origin/builder/deadparams-table-fold	d7b54a7281659b8e3e9b783eb3941b8c4dd3461a	3	0	0	ancestry differs; review required	Fix bare Artillery constants in main.gd (must be AiCombatMath-prefixed)	4966b9377e7f,d7b54a728165,ff05468938d4
refs/remotes/origin/builder/gateonly-number-pins	9c142461c20a3925f396aaeee0432e5533a03f02	2	0	0	ancestry differs; review required	Revert the three deliberate breaks byte-for-byte — the four gate-only pins stay (GREEN)	954c6e91f47e,9c142461c20a
refs/remotes/origin/builder/menuholders-core	cdb660cca0f4c24f3aee038d9c01c6e64d1a764e	1	0	0	ancestry differs; review required	core/menu: menu_holders knob plumbing + RED menu test (wave 6)	cdb660cca0f4
refs/remotes/origin/builder/precision-markers-59	4b5aec1a7dfe79975b505346beb43986b4aca6a9	1	0	1	all non-merge patches equivalent; merge content not assessed	Precision Spotter / Tag / Target: port the marker trio on both layers (epoch 61)	4b5aec1a7dfe
refs/remotes/origin/builder/steadfast-roll-40	2dd3e96346d92ba88e78e657bae47dbafbc95013	5	0	0	ancestry differs; review required	Steadfast: keep the Morale rating import after the rebase	2dd3e96346d9,3e4798d1d8a7,989061edb93d,d6916b765338,e0e7ab875260
refs/remotes/origin/builder/sweep-e-measured-rows	03827e23dd86af043f2093fe5ac2a1a49c3bb5b9	1	0	0	ancestry differs; review required	Standalone sweep E: measured rows for the 53 prose-only rule names	03827e23dd86
refs/remotes/origin/builder/unstop-aura-37	cf9da31a23791e11075d478b680de59ee7fb448f	4	0	0	ancestry differs; review required	Unstoppable when Shooting Aura: the fresh-header stamp fixture follows the bump to 37 (missed in the rebase)	277e23040dcd,ad9b07ee3e9c,cf9da31a2379,edbbdf12c768
refs/remotes/origin/builder/unstoppable-mark-34	d5f0afdb143ceb9886489759790b06bb96a99803	5	0	0	ancestry differs; review required	Unstoppable Mark: every melee_hit_target test caller reads the target from the new (target, spent) tuple	0b53ad0646db,758787eae1a4,c44fb13c287e,d3a50d4de574,d5f0afdb143c
refs/remotes/origin/builder/utility-buff-number-pins	7a54fcdcf17dd0e5cad0fb0980e1458a56583b73	2	0	0	ancestry differs; review required	Revert the deliberate record-fold break byte-for-byte; the table test stays	7a54fcdcf17d,fce3d6a885d3
refs/remotes/origin/builder/vocab3-token-columns	a743643b62af6d7fce34f111d56362f0c5ceffc4	3	0	0	ancestry differs; review required	ONNX spike: feed the stand-in the v1 projection of the spliced rows	a554156a5a95,a743643b62af,b06d840fc5d0
refs/remotes/origin/builder/watchborn-latch-epoch36	ee75ce29de4b41e706ec842d072371c2087d4a57	7	0	0	ancestry differs; review required	fix(sim): keep EPOCH_37_UNSTOPPABLE_AURA in the acts import the rebase conflict resolution rewrote	477d751aee5a,551ccb0e3ec8,a7f1304140a4,b37e35c23c20,b73855d7fce8,ee75ce29de4b,f2a62870a239
refs/remotes/origin/c8-mission-ring	442a2da72461c87401e2f2478a4c3f09859aeb2d	1	0	0	ancestry differs; review required	fix(ai): eval measures markers like the referee (HEAD_QUEUE #12/#13)	442a2da72461
refs/remotes/origin/castdebuff-core-2d	c319d68513dbea09275a7db246b11581d43cc3bd	2	0	0	ancestry differs; review required	"test(cast_debuff): reflow the board doc comment (a line starting with ""1)"" read as a list -> clippy doc_lazy_continuation +3)"	7bf6b461c7ea,c319d68513db
refs/remotes/origin/caster-boost-ep44	9bac37ad7343f1b6855801a43a6f614f2daff4d5	9	1	0	ancestry differs; review required	caster_boost: renumber to epoch 48 at merge — main landed 46 (#967) and 47 (#968) over the leg's 45 reservation	1cc513869d33,394289307065,4f744c9b08f4,54bd48393fac,9bac37ad7343,afdd9e1e340e,b660a4805f3a,c76b72984d8e,f3d1d0990416
refs/remotes/origin/caster-interference	f563735b8ec3e7fc7ef1bdce929f06cef2bc14dd	1	0	1	all non-merge patches equivalent; merge content not assessed	Caster interference: the cast sub-phase eats the enemy's interference tokens like the table (epoch 51)	f563735b8ec3
refs/remotes/origin/casterutility-51	680c6aef2765907b4e257fc5adaaffb93ba5ce15	2	0	0	ancestry differs; review required	GREEN: the sim maps the expressible utility-kind spell archetypes (epoch 52)	680c6aef2765,7982e29f392f
refs/remotes/origin/casting-mod-snapshot	42360d3ab99226b05c0ee72146c1163e79b26eee	3	0	0	ancestry differs; review required	D-MAGIC step 3: a zero casting slot is not written back (GATE P4 round trip), python epoch stamp 61 -> 62	3ee0cfad3d3d,42360d3ab992,70eb818af20f
refs/remotes/origin/castkind-stamp	92c78fefab1d63d27ad351626ae1aaa1064e815b	1	0	1	all non-merge patches equivalent; merge content not assessed	feat(core): stamp the spell kind on every cast_events entry	92c78fefab1d
refs/remotes/origin/castparity-1-plain-events	d36bc2a6e821c0d11c75d26959bc5d5cd0a95ca5	1	1	1	all non-merge patches equivalent; merge content not assessed	Merge branch 'main' into castparity-1-plain-events	0ff792cdfdad
refs/remotes/origin/castparity-2-cast-fixture	38b8a1f2c6fd86643f6669630b12b5e03a3f1c9a	1	1	1	all non-merge patches equivalent; merge content not assessed	Merge branch 'main' into castparity-2-cast-fixture	119de72ed5df
refs/remotes/origin/castparity-3-red-gate	a5486bf0475952d589f27c47bad09775a339b855	1	0	0	ancestry differs; review required	test(core): parity gate for cast-attempt events, RED on main (castparity step 3)	a5486bf04759
refs/remotes/origin/castparity-4-emit	356a51b477fe1c37e7d67cd791a5fad94215f658	2	1	0	ancestry differs; review required	Merge branch 'main' into castparity-4-emit	a5486bf04759,cc35826f6871
refs/remotes/origin/castparity-6-docs	6814e4c3e0452911b734b9c35baf0ca6d016a7f8	3	1	1	ancestry differs; review required	Merge branch 'main' into castparity-6-docs	a5486bf04759,c889589e467b,cc35826f6871
refs/remotes/origin/casualty-chain	f33f4b4165f43ac849f3bc132e7b586237837e5e	3	1	0	ancestry differs; review required	Merge branch 'main' into casualty-chain	1bfda9e5434c,a45be889fea2,c3b1a1f5a0c3
refs/remotes/origin/census-hide-verdict-fix	d29b0f369409b12089c000ff4f17059be2aec5a9	1	0	1	all non-merge patches equivalent; merge content not assessed	census: --hide verdict counted own-token survivors as violations	d29b0f369409
refs/remotes/origin/census-name-read	77526dfc1e54f6098d22b096670ea0fe2d6204cb	1	0	1	all non-merge patches equivalent; merge content not assessed	census: a .primitive literal is not a rule-NAME read (Mind Control unflips)	77526dfc1e54
refs/remotes/origin/census-sniper-remove-na	e41ba310b3ae4577e032caf31e371080a2c41db4	0	0	0	ancestor of baseline	census: Sniper REMOVE is list-building hygiene (NA_NAMES; maintainer 09.09.)	-
refs/remotes/origin/chb1-core-charge-band	8f03d142e9ce9be71730f696c67ce28bc1952032	0	0	0	ancestor of baseline	feat(core): Bands.charge — the core reads the table's distinct CHARGE band behind EPOCH_10_CHARGE_BAND	-
refs/remotes/origin/chore-remove-public-plans-dir	3150b60cd780c92bf1db5d56a96ff1c520b93722	0	0	0	ancestor of baseline	chore: drop the stray public plans/ directory (design notes live in the private mission dir)	-
refs/remotes/origin/chore/221-strike-back-repro	c7ff32e311eed95bef0b41121cc21a99b64514eb	1	0	0	ancestry differs; review required	test(melee): repro harness for #221 strike-back refusal (no fix)	c7ff32e311ee
refs/remotes/origin/ci-fastlane-manifest-caps	6587d40538192d18b4a216e17879c32eb411e095	0	0	0	ancestor of baseline	ci: cancel superseded PR runs and cap the long jobs	-
refs/remotes/origin/ci-policy-fixture-tests	c950ebdd05649f9d3c44751bb7457bdda9f52393	0	0	0	ancestor of baseline	test(ci): fixture-gated policy tests are ignored, not silently passing; CI runs them only when fixtures exist	-
refs/remotes/origin/ci-post-edit-gate	dd229a1d061dc29d45771b8e7b2f57638c2ba738	0	0	0	ancestor of baseline	ci: verify every edit against the engine and the compiler	-
refs/remotes/origin/ci-release-gates	bcfd36c5a4e9acb6cd75cf1bc5e6ef5c94537fc7	0	0	0	ancestor of baseline	ci: derive prerelease from the tag; fix README releases link	-
refs/remotes/origin/ci-shard-gdunit4	b030cd5544a9c0f13907a04b325cc4e873fca6a3	2	0	0	ancestry differs; review required	CI: shard the gdUnit4 test job across 5 runners (GREEN step)	b030cd5544a9,b17cfbd20d8c
refs/remotes/origin/ci-tools-pytest	37ed46dbb83a93f9b5eb9a1cea1a55410bcbd597	3	0	0	ancestry differs; review required	ci: fix YAML comment continuation in tools pytest step	18318a571742,37ed46dbb83a,ef659935c907
refs/remotes/origin/ci-verification-gates	51756582d35f27403932324f1bb8b13a11306b16	0	0	0	ancestor of baseline	ci: pin the toolchain, gate clippy differentially, verify every edit	-
refs/remotes/origin/ci/export-parallel-to-test	651dc90969769b1dd90aa4a5e8aa24dd1f737c1c	1	1	1	all non-merge patches equivalent; merge content not assessed	Merge branch 'main' into ci/export-parallel-to-test	59912535b80e
refs/remotes/origin/ci/job-timeouts	c618ccb2305d2a429f6a17c6183b415c760d6058	1	1	1	all non-merge patches equivalent; merge content not assessed	Merge branch 'main' into ci/job-timeouts	e4f6753b8509
refs/remotes/origin/ci/macos-core	ea347ef5144946e2596017d7ae5d8c3b588310e2	2	0	0	ancestry differs; review required	ci(macos): give the dylib a Mac-style install name; scan raw bytes for build paths	a75ebd3ba6af,ea347ef51449
refs/remotes/origin/ci/macos-probe-checker	c3d392db06232af4831a780df3275f641d5235c3	1	0	1	all non-merge patches equivalent; merge content not assessed	tools: the ship-probe checker — asserts one macOS proof run used the Rust core (board D40, part 1 of 2)	c3d392db0623
refs/remotes/origin/ci/onnx-spike-mingw	8fe1b379a8bbb7ad74e647aa4ee886fa34f79101	2	1	1	ancestry differs; review required	Merge branch 'main' into ci/onnx-spike-mingw	03b63c6a98ba,090e226dfb61
refs/remotes/origin/ci/rust-split	25de43c0ecd3a6411c993a44c1a7c0f0cfb5b3c0	1	1	1	all non-merge patches equivalent; merge content not assessed	Merge branch 'main' into ci/rust-split	2ea9531c1f4c
refs/remotes/origin/ci/shards-10	4a3f65ba2f0f5f55c16d0d423156945d61817f45	1	0	1	all non-merge patches equivalent; merge content not assessed	ci(build): gdUnit shards 5 -> 10, one shard_count value everywhere	4a3f65ba2f0f
refs/remotes/origin/ci/shards-balanced	ca62c731bab3cfef39ff8e83844d0ac535234428	3	1	0	ancestry differs; review required	Merge branch 'main' into ci/shards-balanced	07fa0c7d7199,1fe9c2a2e445,26d35f7b57e6
refs/remotes/origin/ci/windows-mingw-cache	78d66f23fdaedc467cc60e7fff5f28325cbb7aa1	2	1	1	ancestry differs; review required	Merge branch 'main' into ci/windows-mingw-cache	448470b43c5a,b0fd8c7d8338
refs/remotes/origin/codex-triage/a-spawn-validation	7cd49cab841c720f468012ed2bc54f012ba65f24	0	0	0	ancestor of baseline	Merge origin/main into codex-triage/a-spawn-validation — keep state_from_json_with_epoch (main) and point the Python state_of caller at it	-
refs/remotes/origin/codex-triage/b1-net-input-validation	010e52db892c98718c877abbe6dc3e593033133d	0	0	0	ancestor of baseline	fix(core): reject incompatible network inputs before evaluation	-
refs/remotes/origin/codex-triage/b2-py-header-config	a44db1ed3c00ce2a7eca54fd1718858de46f7b2f	0	0	0	ancestor of baseline	fix(python): propagate source encoding changes to loaded policies	-
refs/remotes/origin/codex-triage/c-test-hygiene	5ccfc2cd28c0596d0f78d4fe6670eec65a8dfaaf	0	0	0	ancestor of baseline	test(core): drop unused mutable bindings in fixtures	-
refs/remotes/origin/codex-triage/d-roadmap-docs	6843a211caa632ca651ddf3c76f419c73b31714d	0	0	0	ancestor of baseline	docs: distinguish current rule resolvers from released coverage	-
refs/remotes/origin/conduit838-epoch8	50e6903c7625cf24df33813a60ab696125920f9b	6	0	5	ancestry differs; review required	feat(rules): Spell Conduit core moves behind EPOCH_8_PLANNER_MENU (epoch-8 gate, #838)	1882a4880c24,3f2a276a1589,50e6903c7625,5d8125825f97,635c89f6c930,6be5f503c04d
refs/remotes/origin/coop/owner-roll-all-kinds	6234d4be1d32bf681f284c2cbf94caa5eddf6ed5	1	0	1	all non-merge patches equivalent; merge content not assessed	fix(coop): every defender-owned roll goes to its owner (rules plan 0.1b)	6234d4be1d32
refs/remotes/origin/coop/owner-roll-seam	35654631b5a0627b7b623bad19aa15781a9e77df	1	0	1	all non-merge patches equivalent; merge content not assessed	refactor(coop): extract the owner-roll seam from the remote save batch (rules plan 0.1a)	35654631b5a0
refs/remotes/origin/core-cargo-workspace	a2ded3de0356d02d4cee98297f12728389332aa7	0	0	0	ancestor of baseline	build(core): one Cargo workspace for nml-core, nml-core-godot, nml-core-py (single lockfile, shared target)	-
refs/remotes/origin/core-d1-b5-melee-morale	66ea1d308ee5fc15e702d0ba6675c0a39dd76d34	1	0	0	ancestry differs; review required	feat(core): D1-B5 — melee, impact and morale resolved on the tray in the table's draw order, dice=table (NML-1073 M5 D1-B5)	66ea1d308ee5
refs/remotes/origin/core-epoch-gates-by-recording-sha	ab7d7edb7e3701a6e0be2c05800b1df0649b1f5e	0	0	0	ancestor of baseline	core: epoch gates by recording sha — Lacerate stays at 4, Shred needs 5	-
refs/remotes/origin/core-melee-reach-table-default	074bd974a3fb25c06bf0a74274df414ab6de8edc	0	0	0	ancestor of baseline	core: melee_reach defaults to table for fresh games, legacy headers keep All (#635)	-
refs/remotes/origin/core-nodes	3b38af10f59dc45e99d58a96136b9bde8a325b66	38	0	0	ancestry differs; review required	feat(core): node recorder — every rollout node as a plain JSON line, the contract for the Rust port (NML-1073 M1-0)	0dd4dced67c0,0fffe54c056f,1b980115b8f2,24e3813f27d0,279f01505f8c,30fd1d02eb72,35d00d7d0a29,364955df251f,37c7d033249c,3b38af10f59d,45e4d8c85209,4dab71cef122,501b6662de72,55705136352b,560b4aa388cf,6dea668cf69e,6ea229c8991f,6ef6eb6f4313,740e6e5a495c,754e8e642d27,7de529a6b2b7,8874d6ac8752,8bde4dcb4047,8c6ce35475df,9a133eac2b3d,a8e0f3dd0d9e,aabe6e7332cc,afced0f96ce5,c15eba9db12e,c220913c741e,c9003a078d2f,d7316025c6f4,dabd1da70b00,db593e7ef12e,df74ebb992bd,e58b9c40c889,e6f88f667b13,f338e0961aa9
refs/remotes/origin/core-rules-epoch	40d0a2e4a9fb480b30656448b3451478771a9f69	0	0	0	ancestor of baseline	feat(core): rules_epoch — the class fix for rule ports with no legacy opt-out (external review 03.09. item 3 / F9)	-
refs/remotes/origin/core-rules-epoch-4	869e61cdf0e8588d8b9ab35d251ba526587d00d8	0	0	0	ancestor of baseline	core: rules epoch 4 (wave 2 gate)	-
refs/remotes/origin/core-rules-epoch-5	58c276e023e20138eaf65341363b8377a5b5f13c	0	0	0	ancestor of baseline	core: rules_epoch 5 — the wave-2 ports need EPOCH_5_TABLE_RULES	-
refs/remotes/origin/core-rules-epoch-7	bdbe38f9a08e116064065e5cd6c9aa9f29b7e14a	0	0	0	ancestor of baseline	docs(rules): F4's second name is registered too (#746)	-
refs/remotes/origin/core-rust-m1-2	4755ab75b8af61ee94cdcd8138359a6dce095fec	42	0	0	ancestry differs; review required	feat(core): reply_threat + HOLD/ADVANCE resolve in Rust — rich-leaf score parity and shoot-node state parity (NML-1073 M1-2)	0dd4dced67c0,0fffe54c056f,1b980115b8f2,24e3813f27d0,279f01505f8c,30fd1d02eb72,35d00d7d0a29,364955df251f,37c7d033249c,3b38af10f59d,45e4d8c85209,4755ab75b8af,4dab71cef122,501b6662de72,55705136352b,560b4aa388cf,6dea668cf69e,6ea229c8991f,6ef6eb6f4313,740e6e5a495c,754e8e642d27,7de529a6b2b7,8874d6ac8752,89b657ace38a,8bde4dcb4047,8c6ce35475df,9a133eac2b3d,a47406441e4c,a8e0f3dd0d9e,aabe6e7332cc,afced0f96ce5,b88ff207a78c,c15eba9db12e,c220913c741e,c9003a078d2f,d7316025c6f4,dabd1da70b00,db593e7ef12e,df74ebb992bd,e58b9c40c889,e6f88f667b13,f338e0961aa9
refs/remotes/origin/core-rust-m1-3	26e0b36974e6479834a71cd56a4b845710b1339e	46	0	0	ancestry differs; review required	feat(core): the cast sub-phase in Rust — official pick order, targeting and effects (NML-1073 M1-3b)	0dd4dced67c0,0fffe54c056f,1b980115b8f2,24e3813f27d0,26e0b36974e6,276c68b3368b,279f01505f8c,30fd1d02eb72,35d00d7d0a29,364955df251f,37c7d033249c,3b38af10f59d,45e4d8c85209,4755ab75b8af,4dab71cef122,501b6662de72,55705136352b,560b4aa388cf,6dea668cf69e,6ea229c8991f,6ef6eb6f4313,740e6e5a495c,754e8e642d27,7de529a6b2b7,8874d6ac8752,89b657ace38a,8bde4dcb4047,8c6ce35475df,9a133eac2b3d,9d67d44081b8,a47406441e4c,a8e0f3dd0d9e,aabe6e7332cc,afced0f96ce5,b88ff207a78c,c15eba9db12e,c220913c741e,c9003a078d2f,d7316025c6f4,d8becc5348f9,dabd1da70b00,db593e7ef12e,df74ebb992bd,e58b9c40c889,e6f88f667b13,f338e0961aa9
refs/remotes/origin/core-rust-m1-4	f2f1c6bd5d185d029160f0e38731e0b3c6b545fc	48	0	0	ancestry differs; review required	bench(core): cast+spacing corpus and per-run spread (NML-1073 M1-4)	0dd4dced67c0,0fffe54c056f,1b980115b8f2,24e3813f27d0,26e0b36974e6,276c68b3368b,279f01505f8c,30fd1d02eb72,35d00d7d0a29,364955df251f,37c7d033249c,3b38af10f59d,45e4d8c85209,4755ab75b8af,4dab71cef122,501b6662de72,55705136352b,560b4aa388cf,6dea668cf69e,6ea229c8991f,6ef6eb6f4313,740e6e5a495c,754e8e642d27,7de529a6b2b7,8874d6ac8752,89b657ace38a,8bde4dcb4047,8c6ce35475df,9a133eac2b3d,9d67d44081b8,a47406441e4c,a75d7416dd28,a8e0f3dd0d9e,aabe6e7332cc,afced0f96ce5,b88ff207a78c,c15eba9db12e,c220913c741e,c9003a078d2f,d7316025c6f4,d8becc5348f9,dabd1da70b00,db593e7ef12e,df74ebb992bd,e58b9c40c889,e6f88f667b13,f2f1c6bd5d18,f338e0961aa9
refs/remotes/origin/core-rust-m1-5	e27b5c81aebf5a2f8771f1124baf40b532203ba0	49	0	0	ancestry differs; review required	feat(core): BattleSim.core_enabled() and the GDExtension parity gate (NML-1073 M1-5)	0dd4dced67c0,0fffe54c056f,1b980115b8f2,24e3813f27d0,26e0b36974e6,276c68b3368b,279f01505f8c,30fd1d02eb72,35d00d7d0a29,364955df251f,37c7d033249c,3b38af10f59d,45e4d8c85209,4755ab75b8af,4dab71cef122,501b6662de72,55705136352b,560b4aa388cf,6dea668cf69e,6ea229c8991f,6ef6eb6f4313,740e6e5a495c,754e8e642d27,7de529a6b2b7,8874d6ac8752,89b657ace38a,8bde4dcb4047,8c6ce35475df,9a133eac2b3d,9d67d44081b8,a47406441e4c,a75d7416dd28,a8e0f3dd0d9e,aabe6e7332cc,afced0f96ce5,b88ff207a78c,c15eba9db12e,c220913c741e,c793a0166368,c9003a078d2f,d7316025c6f4,d8becc5348f9,dabd1da70b00,db593e7ef12e,df74ebb992bd,e27b5c81aebf,e58b9c40c889,e6f88f667b13,f338e0961aa9
refs/remotes/origin/core-rust-m1-6	14ef7af1f9dcaf9948472c15722ac8c28b00ad3b	50	0	0	ancestry differs; review required	fix(core): los_pairs rows are in CAPTURE order, not the recorded key order — matches the GDScript on the alien_hives/robot_legions corpus (NML-1073 M1-6)	0dd4dced67c0,0fffe54c056f,14ef7af1f9dc,1b980115b8f2,24e3813f27d0,26e0b36974e6,276c68b3368b,279f01505f8c,30fd1d02eb72,35d00d7d0a29,364955df251f,37c7d033249c,3b38af10f59d,45e4d8c85209,4755ab75b8af,4dab71cef122,501b6662de72,55705136352b,560b4aa388cf,6dea668cf69e,6ea229c8991f,6ef6eb6f4313,740e6e5a495c,754e8e642d27,7de529a6b2b7,8874d6ac8752,89b657ace38a,8bde4dcb4047,8c6ce35475df,9a133eac2b3d,9d67d44081b8,a47406441e4c,a75d7416dd28,a8e0f3dd0d9e,aabe6e7332cc,afced0f96ce5,b88ff207a78c,c15eba9db12e,c220913c741e,c793a0166368,c9003a078d2f,d7316025c6f4,d8becc5348f9,dabd1da70b00,db593e7ef12e,df74ebb992bd,e27b5c81aebf,e58b9c40c889,e6f88f667b13,f338e0961aa9
refs/remotes/origin/core/casualty-order	d45360445d93a4240c9fe3e7750396b9c388e667	1	1	1	all non-merge patches equivalent; merge content not assessed	Merge branch 'main' into core/casualty-order	262210aa7133
refs/remotes/origin/core/counter-heroes	9bb631db0728003bab32588f35c6f7bdf8c974ad	1	1	1	all non-merge patches equivalent; merge content not assessed	Merge branch 'main' into core/counter-heroes	d7be75e13153
refs/remotes/origin/core/dangerous-end-morale-flag	e7cf68e63339add36cf71da73992126575f29b5c	1	0	1	all non-merge patches equivalent; merge content not assessed	core: dangerous_end_morale flags the SKIPPED p.10 test, never the ported one (tray census)	e7cf68e63339
refs/remotes/origin/core/deadline-after-preselect	5f1f7f080193e2ee1b63ca7fb198ae02999dd5d5	2	1	0	ancestry differs; review required	Merge branch 'main' into core/deadline-after-preselect	549f59fc2b6d,b0481f98ebce
refs/remotes/origin/core/deadline-pool	fc711bea18d782d7b60d79ab906a58b8e6fb1991	1	1	1	all non-merge patches equivalent; merge content not assessed	Merge branch 'main' into core/deadline-pool	173afc8e0e0e
refs/remotes/origin/core/deadline-tree	afe78707e624289fb75f0497e6152bd989a498f8	1	1	1	all non-merge patches equivalent; merge content not assessed	Merge branch 'main' into core/deadline-tree	6a51414594ed
refs/remotes/origin/core/deadline-us-knob	39bc3bd4ff3293efb97b5952d7e25aacf789498d	1	1	1	all non-merge patches equivalent; merge content not assessed	Merge branch 'main' into core/deadline-us-knob	3da396263730
refs/remotes/origin/core/deadly-true-tray	75ce7e1eabf76acd093f53d4ecf2416d0f441d6b	2	1	0	ancestry differs; review required	Merge branch 'main' into core/deadly-true-tray	a77e8cc89574,c21ab56aa32c
refs/remotes/origin/core/deadlyfix-hero-fold	950bd6fad6ea24d86f648f6fb2b07f85f6561aa3	2	1	0	ancestry differs; review required	Merge branch 'main' into core/deadlyfix-hero-fold	48409da52094,50c41abd29f6
refs/remotes/origin/core/guarded-over9	20b5d355228e8dde2ee2d17a25ec1c55fbadc08b	1	1	1	all non-merge patches equivalent; merge content not assessed	Merge branch 'main' into core/guarded-over9	66cafad5cc12
refs/remotes/origin/core/kits-aligned	678fe62e50e07940e0a723a9b89887bd78380ef8	1	1	1	all non-merge patches equivalent; merge content not assessed	Merge branch 'main' into core/kits-aligned	7f3ee0e02928
refs/remotes/origin/core/kits-seam	907a2de2beb6a967aea7e73c047e9311a4de37e3	1	1	1	all non-merge patches equivalent; merge content not assessed	Merge branch 'main' into core/kits-seam	82679a156c3e
refs/remotes/origin/core/live-ledger-kwarg	9752c23ec6fa67615e25687ff1b49d04ae73a6b9	1	1	1	all non-merge patches equivalent; merge content not assessed	Merge branch 'main' into core/live-ledger-kwarg	49a9a762a2f1
refs/remotes/origin/core/py-seam-path-reach	a6003ee17a3128dee32b6597345f4036b2cae4c2	1	1	1	all non-merge patches equivalent; merge content not assessed	Merge branch 'main' into core/py-seam-path-reach	d133a3fe5b32
refs/remotes/origin/core/rigid-dangerous-route	a4412af9d52ac06475d34ac039ddeedcefc96224	2	1	0	ancestry differs; review required	Merge branch 'main' into core/rigid-dangerous-route	0da12c75676b,63921c692eb0
refs/remotes/origin/core/route-root-knob	0986af5d217b4ea9ed858bca71f5792b9d90f68b	1	1	1	all non-merge patches equivalent; merge content not assessed	Merge branch 'main' into core/route-root-knob	37790bc4fef8
refs/remotes/origin/core/route-root-plain-only	ff96f319880f14b5c9b96b7b16a7456f2bf74344	1	1	1	all non-merge patches equivalent; merge content not assessed	Merge branch 'main' into core/route-root-plain-only	a9432ac29cb2
refs/remotes/origin/core/school-walls	4205d7ec59b70d0bd2f2506828c591c1bd44a709	2	0	0	ancestry differs; review required	feat(terrain): school boards can carry the table's walls (walls=1, default off)	4205d7ec59b7,bb5dc0b0745b
refs/remotes/origin/core/search-stream	bd52338f5f9162c31a526df829fbf48bc1f8c1d6	1	1	1	all non-merge patches equivalent; merge content not assessed	Merge branch 'main' into core/search-stream	480df7a61999
refs/remotes/origin/core/seed-split	37e990e69de4a12c1e433b009aa33b644e52cd7e	1	1	1	all non-merge patches equivalent; merge content not assessed	Merge branch 'main' into core/seed-split	2ac1309ecebd
refs/remotes/origin/core/surge-gates-flag	37ee8a280011d97c30337e901bb5b701f68242ac	1	1	1	all non-merge patches equivalent; merge content not assessed	Merge branch 'main' into core/surge-gates-flag	ea944aec8ffc
refs/remotes/origin/core/trace-counters	0ce2839898d0992513eb41fd7b5dfa68545ad15f	1	1	1	all non-merge patches equivalent; merge content not assessed	Merge branch 'main' into core/trace-counters	733ac1bfc534
refs/remotes/origin/core/trace-emit	236b2f12f83016e8818420f11de205b935f0fbcb	1	1	1	all non-merge patches equivalent; merge content not assessed	Merge branch 'main' into core/trace-emit	ccdd812eb28d
refs/remotes/origin/core/tray-exact-s10	bb082bd18870c20885f3dccafe50b6daaeb04afd	1	1	1	changed files match baseline; already integrated	Merge branch 'main' into core/tray-exact-s10	3bc91563f532
refs/remotes/origin/core/tray-exact-s11	b1d0582bd71ad0e0e22a23068ad3c58e454f8ccd	1	1	1	changed files differ; may include obsolete versions	Merge branch 'main' into core/tray-exact-s11	dadbc3693496
refs/remotes/origin/core/tray-exact-s5	dd965c0c7ade21c6414237928e3633ca1c91c8a9	1	1	1	changed files differ; may include obsolete versions	Merge branch 'main' into core/tray-exact-s5	813e0bc589be
refs/remotes/origin/core/tray-exact-s6	2d83e7aeffccf2866fa2dfb4b1462a6cf338cfe4	1	1	1	changed files differ; may include obsolete versions	Merge branch 'main' into core/tray-exact-s6	cb5970a2445c
refs/remotes/origin/core/tray-exact-s7	368f54a72907f73abe5a45cff98d8576e1a860e9	1	1	1	changed files differ; may include obsolete versions	Merge branch 'main' into core/tray-exact-s7	3b008caa270a
refs/remotes/origin/core/tray-exact-s8	fff7d859746c0013fe5d66e6a51f970259a749ec	1	1	1	changed files differ; may include obsolete versions	Merge branch 'main' into core/tray-exact-s8	eb6c8455c000
refs/remotes/origin/core/tray-exact-s9	a41459b2d87681b4d2bd241631ac5aa8832a52c9	1	1	1	changed files differ; may include obsolete versions	Merge branch 'main' into core/tray-exact-s9	ad04e0810bff
refs/remotes/origin/core/tray-playout	a5cac13762947bb5ca7c47ca6f5d865ac74b8da2	1	1	1	all non-merge patches equivalent; merge content not assessed	Merge branch 'main' into core/tray-playout	8022a33481c1
refs/remotes/origin/core/tree-step13-game-wiring	7149cbeb54f2f13489bae3715bb29daab7e233f4	1	0	1	all non-merge patches equivalent; merge content not assessed	core(tree): step 13 game-side wiring of the tree search knobs	7149cbeb54f2
refs/remotes/origin/core/tree-step14-treebench	142acc05b95426082d1702ab3509721c48e80a4c	1	1	1	all non-merge patches equivalent; merge content not assessed	Merge branch 'main' into core/tree-step14-treebench	0b5a3f151b24
refs/remotes/origin/core/tree-step3-walk	ae4a72e0e06403e49764e420fc71ca567dc6794a	1	1	1	all non-merge patches equivalent; merge content not assessed	Merge branch 'main' into core/tree-step3-walk	551ae351c519
refs/remotes/origin/core/tree-step4-leaf	1cf272758e56837db0cd4f2d46efed369380b1ce	1	1	1	all non-merge patches equivalent; merge content not assessed	Merge branch 'main' into core/tree-step4-leaf	84cfa17ec8c7
refs/remotes/origin/core/tree-step5-chance	323c25e86349ac725ab81748749326b09293e308	1	0	1	all non-merge patches equivalent; merge content not assessed	core(tree): step 5 chance edges	323c25e86349
refs/remotes/origin/core/tree-step5b-dangerous-flag	d95cf1e872ea838bd02f06b49e529181e3d22c87	1	1	1	all non-merge patches equivalent; merge content not assessed	Merge branch 'main' into core/tree-step5b-dangerous-flag	b4d74e9e7b90
refs/remotes/origin/core/tree-step6a-expand	d35db7fa2fa18b9806b845f3bc4c3b508d680a10	1	1	1	all non-merge patches equivalent; merge content not assessed	Merge branch 'main' into core/tree-step6a-expand	2204ae577706
refs/remotes/origin/core/tree-step6b-run	95313e97974abf0b40728d79b5f24cae8e4df244	1	1	1	all non-merge patches equivalent; merge content not assessed	Merge branch 'main' into core/tree-step6b-run	e2ea1efd601f
refs/remotes/origin/core/tree-step6c-widen	ee1b4ac6ab94547dcd6fd8d4d6fe861107567a50	1	1	1	all non-merge patches equivalent; merge content not assessed	Merge branch 'main' into core/tree-step6c-widen	4cc3c7112b4c
refs/remotes/origin/core/tree-step7-wire	3f51d18754e4371fe87c3ecce50590ce5d0495db	1	1	1	all non-merge patches equivalent; merge content not assessed	Merge branch 'main' into core/tree-step7-wire	5d7c85a52108
refs/remotes/origin/core/tree-step8-deadline	5026857765170ff2c471122ff8e67f9b7c388393	1	1	1	all non-merge patches equivalent; merge content not assessed	Merge branch 'main' into core/tree-step8-deadline	63998b3aef02
refs/remotes/origin/d-magic-2b-castev-table	946e3e5946398a3624edff06c5195a81b3a7f4c2	5	0	0	ancestry differs; review required	test(solo): defer the debuff pin — CI measures 1/3 where the hand number said 2/3	946e3e594639,c0f0f084305d,dc725b79876a,fd1547887f65,ff2edb213096
refs/remotes/origin/d-magic-step4-cast-move-pricing	258a7181a81ad2d0456cff269fc02e6c5b34fb3b	1	0	1	all non-merge patches equivalent; merge content not assessed	D-MAGIC step 4: cast_ev_of prices movement modifier spells by charge-reach / shooting-range EV	258a7181a81a
refs/remotes/origin/data/table-aura-1c	f514ca28fa5e1f1c76f290bb36b1fee3f3fb8cfb	1	0	1	all non-merge patches equivalent; merge content not assessed	data(rules): register remaining 178 unreserved aura entries in slice 1c	f514ca28fa5e
refs/remotes/origin/data/table-aura-primitives	375952141eb851fda1716ced440ba938451d235e	1	0	1	all non-merge patches equivalent; merge content not assessed	data(rules): register priority aura channels with reproducible slices	375952141eb8
refs/remotes/origin/dead-centre-guards-pr	f01aab1aaba6e3dcea7214e5fd66fc1d5deb3653	1	0	1	all non-merge patches equivalent; merge content not assessed	fix(game): ignore destroyed units at table-centre callers	f01aab1aaba6
refs/remotes/origin/defbuff-table-record	9f00a2f4493948d1be1808f92414d6a2cc6d2efd	2	0	0	ancestry differs; review required	GREEN: the Defense Buff record carries the defense axis, the announce names the delta	39c07864403e,9f00a2f44939
refs/remotes/origin/deploymirror-wave6	64047a50bacb13217bd3da83f8ea3d8184b4d2ac	1	0	0	ancestry differs; review required	test(deploy): RED fixtures for DEPLOYLARGE whole-zone respot and DEPLOYCOH zone/table-edge gates	64047a50bacb
refs/remotes/origin/destroyer-boost-table	1421c7d1d40f02b50803efa0cc3e6d3a2322c392	3	0	0	ancestry differs; review required	Destroyer Boost: print the widened window's over_in without the float tail	1421c7d1d40f,5028e8c65afb,5dbb67322f29
refs/remotes/origin/disintegrate-regen	d5e33f5135c4605d31b5de02f5b8045de18c9c85	2	0	0	ancestry differs; review required	Disintegrate: the core refuses the Regeneration heal the table refuses (epoch 46)	bf805744a207,d5e33f5135c4
refs/remotes/origin/dmagic-step2-modifier-cast-ev	3d03cbbab4dc83a1d41cda5655d45277dd8f9358	2	0	0	ancestry differs; review required	D-MAGIC step 2 (2/2): GREEN — cast_ev_of prices modifier spells (hit/def) via the table's spell_modifier_delta	3d03cbbab4dc,88d17fd183d0
refs/remotes/origin/dmagic5-pin-log-spell-grants	fd7ff05ee9ed3e36d372f82c386a7d27b05a5ffe	1	0	1	all non-merge patches equivalent; merge content not assessed	D-MAGIC step 5: pin and log the shipped spell-grant landing (no epoch)	fd7ff05ee9ed
refs/remotes/origin/docs-day-changelog-0709	262f74e9951cbf5a4bac6a184d663b55cd5c229b	1	0	1	all non-merge patches equivalent; merge content not assessed	docs: day changelog — the 13 rule merges of 07.09., wave-4 ledger rows, fresh census	262f74e9951c
refs/remotes/origin/docs-encoder-slot-gap	b5b7ef6a033a0ada489a8cd8a16db4a4097a9236	1	0	1	all non-merge patches equivalent; merge content not assessed	docs(plans): encoder-slot gap — the 12 ported names the value net cannot see	b5b7ef6a033a
refs/remotes/origin/docs-reinforcement-design	62346375dc62570ec7e816c11c8f43713918f76a	1	0	1	all non-merge patches equivalent; merge content not assessed	docs(plans): Reinforcement — the mid-game unit-creation seam (S5), verdict corrected to DESIGN	62346375dc62
refs/remotes/origin/docs-rules-wave4-accounting	b0837ecb0c67f45b2e2fa2848205b7ff5da62cc2	4	0	0	ancestry differs; review required	docs(plans): drop a private path from the wave-4 accounting	15861fe213f8,4397b2efc908,7f090d92f8ec,b0837ecb0c67
refs/remotes/origin/docs-table-parity-a	aae8421ef1d09f6e8f500fc80641a587066891db	1	0	1	all non-merge patches equivalent; merge content not assessed	docs(plans): table-side parity audit A — 13 core names vs the table, 1 gap (Ranged Slayer, fixed in #784)	aae8421ef1d0
refs/remotes/origin/docs-truth-pass-2026-09-12	5737ace84d3cdc85f689b6a65c5d899444378c91	0	0	0	ancestor of baseline	docs(plans): mark dated snapshots as superseded	-
refs/remotes/origin/docs-truth-pass-sept	0e00c819e3048e643ad63bd3ce89752c11d3f7db	0	0	0	ancestor of baseline	docs: truth pass — python tests live in core/nml-core-py, CHANGELOG gains [Unreleased] for the 141 merges since 0.3.12.0-alpha	-
refs/remotes/origin/docs-utility-buff-seams	65844d715d984b4ef1b78b765191ba6dd9bffadb	1	0	1	all non-merge patches equivalent; merge content not assessed	docs(plans): Utility Buff — the four runtime seams behind sixteen unported names	65844d715d98
refs/remotes/origin/docs-wave5-map	fcf8995733562ee7213daacaec98d54f8b7b1463	1	0	1	all non-merge patches equivalent; merge content not assessed	docs(plans): wave-5 map — the 30 non-ported names, grouped by what unlocks them	fcf899573356
refs/remotes/origin/docs/0.3.13-menu-delta	083568359682a3169c5b8cfd287b540670a47200	7	0	0	ancestry differs; review required	docs(privacy): the opening paragraph knows the in-memory collector and the last-game export	083568359682,0a1b21a05628,0c7f708646f0,4c3f9b7abdbd,78305274ccd8,a98262ad5af5,a9ac1253dd80
refs/remotes/origin/docs/ai-rollout-workflow-2026-09-04	2ecc7ce584658d61aa5a7caeb0912a00d0316ae7	0	0	0	ancestor of baseline	docs(plan): AI iteration rollout workflow	-
refs/remotes/origin/docs/changelog-0311-wave	4c5763ab9fe284ea5179855fc0668fddbb767783	1	0	1	all non-merge patches equivalent; merge content not assessed	docs: complete the 0.3.11.0 changelog for today's wave	4c5763ab9fe2
refs/remotes/origin/docs/changelog-0922-night	6e029fd902d968c68ae6127fb6c094bdf46c6b1f	1	0	1	all non-merge patches equivalent; merge content not assessed	changelog: tonight's fixes (#1068 #1071 #1072 #1073) + two stale entries (dormant core, 'this PR')	6e029fd902d9
refs/remotes/origin/docs/docsnow-stale-claims	b0dbf1819f7e960dd723545caea710b028fb13dd	1	1	1	all non-merge patches equivalent; merge content not assessed	Merge branch 'main' into docs/docsnow-stale-claims	bcaa017daf72
refs/remotes/origin/docs/macos-core	a30600c9d27c4abb8436768a5dc6db8b31e62947	1	0	0	ancestry differs; review required	docs: macOS carries the rules core — HOLD until the export-macos proof job is green (board D40)	a30600c9d27c
refs/remotes/origin/docs/release-0925-truth-pass	6411a08e798243af1f0160a5297b93eff6b8f0f8	13	0	0	ancestry differs; review required	docs(known-issues): name the two German start-menu labels	0abe3ab713ff,1fa62919dbc4,6411a08e7982,6a825b03c8e8,87841b09fc2a,c5a0a9609821,c880db104787,d0bc9657c411,e7b2462a0d39,f15162c2f68a,f1bcdcace313,f3ebf114b99f,feab5d94dcb9
refs/remotes/origin/docs/rework-039	591590515179f3d6b5a0376f194babfc46cbbc7c	3	0	2	ancestry differs; review required	chore: remove internal working docs (public-repo hygiene)	591590515179,885a632872d1,deceed032d6e
refs/remotes/origin/encoder-v7	92f6245e8935014c758708d6886d8b5953d2fffb	3	0	0	ancestry differs; review required	test(rows): pin the two v6 unit2 tests to the v6 reading	92f6245e8935,a505c99c69f2,ff432209fd43
refs/remotes/origin/epoch-gate-pin-constants	0b4ab4906db1202d6778f9c5fcba7d7be3f9bb26	2	0	0	ancestry differs; review required	epoch gate: accept leg pins only by frozen constant or test name	0b4ab4906db1,38b358741993
refs/remotes/origin/epoch8-planner-menu	134e5cf46e9b03a3e52faea9a614e910dcdc30e4	0	0	0	ancestor of baseline	core: rules epoch 8 — the planner's rush demotion moves behind a new frozen gate (main python suite red after #821)	-
refs/remotes/origin/ev-live-grants-ctx	7b177123991427a10f036448ec7f5497dd366067	4	0	0	ancestry differs; review required	EV live grants: adapt evmove's test calls to the arms' epoch argument	0df2696e2569,117becf46f8c,67d019baf832,7b1771239914
refs/remotes/origin/ev-move-grants	92e40e041006aa7e35bcf0d1b4db92feb4e9dafe	2	0	0	ancestry differs; review required	evmove: the evaluator's band reads fold the live move-grant delta	92e40e041006,d57f93407da7
refs/remotes/origin/ev-terrain-debuff-gap-math	2ad49c6661d0a90c6fd3a04f50611a1a37b5b825	1	0	1	all non-merge patches equivalent; merge content not assessed	Planner EV reads the carried terrain debuffs: Difficult caps the band read, Dangerous prices the dice/6 charge loss	2ad49c6661d0
refs/remotes/origin/evfloor-step1	8a67b4d97d90077bcaf5ccf20b645fb473a5f9ae	2	1	0	ancestry differs; review required	Merge branch 'main' into evfloor-step1	13a75ee7df43,73d7996b6d0e
refs/remotes/origin/evfloor-step2	73b428cbe29e9622192dbf352e961b3b9fc5034f	2	1	0	ancestry differs; review required	Merge branch 'main' into evfloor-step2	2632344f47c1,a296f9c30696
refs/remotes/origin/evfloor-step3	afecef8e672e4ea53cef70b404932ab3bc035df3	3	1	1	ancestry differs; review required	Merge branch 'main' into evfloor-step3	2632344f47c1,4689254d0db5,a296f9c30696
refs/remotes/origin/evo-g1-c0	30358da4cd4abb08f3f46de068dc66d233ca051d	1	0	0	ancestry differs; review required	evo(gen1): candidate 0 -- unheld markers tilt by approach distance	30358da4cd4a
refs/remotes/origin/evo-g1-c1	af601a5980fb9e5d3ec80b5e7643cdec2e015d2d	1	0	0	ancestry differs; review required	evo(gen1): candidate 1 -- proximity-graded seize fallback for unreachable markers	af601a5980fb
refs/remotes/origin/evo-g1-c2	aeebb7b2cbb4ebcb833d6696cc65b780aeec0644	1	0	0	ancestry differs; review required	evo(gen1): candidate 2 -- price the march: presence scales reply threat by trip length	aeebb7b2cbb4
refs/remotes/origin/evo-g1-c3	ad237fd70cabba9b8e20e72f32f3b26a65b5fd9a	1	0	0	ancestry differs; review required	evo(gen1): candidate 3 -- charge reply fire for every transit round, not just the first	ad237fd70cab
refs/remotes/origin/evo-g1-c4	51c1b267e8b84f5f9bb38e83bf2b20e30f7441ca	1	0	0	ancestry differs; review required	evo(gen1): candidate 4 -- contest reachable zero-hold markers instead of owner-locking them	51c1b267e8b8
refs/remotes/origin/evo-g1-c5	8c9cd8d82e7ffaf3fbac7b1efd01943967856660	1	0	0	ancestry differs; review required	evo(gen1): candidate 5 -- melee replies join the reply-wounds ledger	8c9cd8d82e7f
refs/remotes/origin/evo-g1-c6	b6ef7b9488100742c3abf2586ac5b83c92e3535e	1	0	0	ancestry differs; review required	evo(gen1): candidate 6 -- blend no-presence markers toward contested by nearest enemy gap	b6ef7b948810
refs/remotes/origin/evo-g1-c7	22783177f8f357027755030634970acc65872f11	1	0	0	ancestry differs; review required	evo(gen1): candidate 7 -- trip attrition: runners pay reply wounds per travelling round	22783177f8f3
refs/remotes/origin/evo-g2-c0	580b621a3f7bc5790678ff515f0ea169ddfdb3a0	1	0	0	ancestry differs; review required	evo(gen2): candidate 0 -- melee replies discount presence at markers	580b621a3f7b
refs/remotes/origin/evo-g2-c1	175173091352fa9bdefbb096b2e04f7b7371d7dc	1	0	0	ancestry differs; review required	evo(gen2): candidate 1 -- score unheld markers by discounted claim race, not owner lock	175173091352
refs/remotes/origin/evo-g2-c2	78b7f75bd4409d5cc13f5399073053cd420c7a7b	1	0	0	ancestry differs; review required	evo(gen2): candidate 2 -- soften seize rule: a bare-owned marker leans 0.75, not locks 1.0	78b7f75bd440
refs/remotes/origin/evo-g2-c3	e640dcae06f7ec046a12a310907d7b0e805685b5	1	0	0	ancestry differs; review required	evo(gen2): candidate 3 -- trip-exposure presence: reply wounds charged per travel round	e640dcae06f7
refs/remotes/origin/evo-g2-c4	590c44e03c7009149c1d8f5db4e130b2202a70f7	1	0	0	ancestry differs; review required	evo(gen2): candidate 4 -- bare markers keep only a soft owner edge (v205)	590c44e03c70
refs/remotes/origin/evo-g2-c5	4bf19af9a2d82687a2bf3f11b8214ba19ad1e737	1	0	0	ancestry differs; review required	evo(gen2): candidate 5 -- trip-survival discount: presence fades hold strength by reply fire expected before arrival	4bf19af9a2d8
refs/remotes/origin/evo-g2-c6	761028d5fa340fa6031d1f59baca8c98b192eb6c	1	0	0	ancestry differs; review required	evo(gen2): candidate 6 -- vacant objective markers score as contested, not owner-locked	761028d5fa34
refs/remotes/origin/evo-g2-c7	38fe888f98fa592306ff43082ae2ba7c032e7a3b	1	0	0	ancestry differs; review required	evo(gen2): candidate 7 -- price melee replies into the threat term	38fe888f98fa
refs/remotes/origin/evo-g3-c0	1dbcf5635875b17fec87785041907de5abf845a2	1	0	0	ancestry differs; review required	evo(gen3): candidate 0 -- discount presence for surviving the trip to a marker	1dbcf5635875
refs/remotes/origin/evo-g3-c1	19eef576a2855f197ba19bf8cbd2a5375feff8d3	1	0	0	ancestry differs; review required	evo(gen3): candidate 1 -- survival-discounted presence: marchers under fire fade from marker control	19eef576a285
refs/remotes/origin/evo-g3-c2	edd5913ee79c6c6d36c1c033581ff79e1905d01c	1	0	0	ancestry differs; review required	evo(gen3): candidate 2 -- presence discounted by odds of surviving the approach	edd5913ee79c
refs/remotes/origin/evo-g3-c3	a6b96c07e0052a622c3bebdab7d335905bf7c3e7	1	0	0	ancestry differs; review required	evo(gen3): candidate 3 -- trip attrition: en-route presence decays by threat-derived survival per exposed round	a6b96c07e005
refs/remotes/origin/evo-g3-c4	db50cdf2c1df75c83f4dc98190f10ca8cfb5e90a	1	0	0	ancestry differs; review required	evo(gen3): candidate 4 -- sharpened grip at the markers	db50cdf2c1df
refs/remotes/origin/evo-g3-c6	320d8eff515dce4360972fb2598980530fc93a5c	1	0	0	ancestry differs; review required	evo(gen3): candidate 6 -- contest markers nobody can hold instead of gifting them to the owner	320d8eff515d
refs/remotes/origin/evo-g3-c7	3931e5b9979013ee0617e5630b01ad0775339c14	1	0	0	ancestry differs; review required	evo(gen3): candidate 7 -- discount projected objective presence for surviving the trip	3931e5b99790
refs/remotes/origin/evo-g4-c0	eb5821de4dc42175aa4b2307638e10220d7e5fdc	1	0	0	ancestry differs; review required	evo(gen4): candidate 0 -- trip-survival discount on marker presence	eb5821de4dc4
refs/remotes/origin/evo-g4-c1	402940dae3f164048e15078882f6c43a41ddba02	1	0	0	ancestry differs; review required	evo(gen4): candidate 1 -- travel-continuous presence at markers (v402)	402940dae3f1
refs/remotes/origin/evo-g4-c2	5895750a718b83fdf46f34128e8f4da62c842d18	1	0	0	ancestry differs; review required	evo(gen4): candidate 2 -- score empty uncontested markers by approach proximity	5895750a718b
refs/remotes/origin/evo-g4-c3	2decce618e506f770e51512a6e37f6fa0ff88145	1	0	0	ancestry differs; review required	evo(gen4): candidate 3 -- survival-discount march-in presence by reply attrition	2decce618e50
refs/remotes/origin/evo-g4-c4	9df7e15d0819c179bb8fd10dec7e67e36a697fdf	1	0	0	ancestry differs; review required	evo(gen4): candidate 4 -- contest unheld markers instead of locking them	9df7e15d0819
refs/remotes/origin/evo-g4-c5	390e4053ac35cadec83d732a84a1b2dd73d915d7	1	0	0	ancestry differs; review required	evo(gen4): candidate 5 -- survival-discount presence: units must live to reach the marker	390e4053ac35
refs/remotes/origin/evo-g4-c6	b0d481e8ba51d97b36fd81b11fbb3cf39041546d	1	0	0	ancestry differs; review required	evo(gen4): candidate 6 -- melee pressure at markers (eval_variant 407)	b0d481e8ba51
refs/remotes/origin/evo-g4-c7	fc7c61053ad4a56ce1d6f76d42930fc15ed26b63	1	0	0	ancestry differs; review required	evo(gen4): candidate 7 -- discount presence by trip-survival odds	fc7c61053ad4
refs/remotes/origin/f12-registry-stamp	433940563ceee40d96a17b79061332cd4b90a2b4	0	0	0	ancestor of baseline	fix(recorder): stamp WHICH mechanics registry answered into the act header (F12)	-
refs/remotes/origin/f4fix-deploylarge-epoch	8d8c8d1dad2c3988bc39b4e48e814a55c844c5b7	2	1	0	ancestry differs; review required	Merge branch 'main' into f4fix-deploylarge-epoch	926e87ff5ce5,95fa11bcf305
refs/remotes/origin/f4fix-gen1-hash	d6f7f4516441b30a4fe2041f677a822c9772970c	3	1	1	ancestry differs; review required	Merge branch 'main' into f4fix-gen1-hash	926e87ff5ce5,95fa11bcf305,cd7d26f108a5
refs/remotes/origin/f4fix-narrator-epoch	d7caeb5959f24bcad529c9500be848243be7969e	2	1	0	ancestry differs; review required	Merge branch 'main' into f4fix-narrator-epoch	158d2d0ef2c0,6080f2fdb2b6
refs/remotes/origin/f4fix-weapon-bane-regen	096f01fb14d8bdf597788a718431c1804b99ff65	2	0	0	ancestry differs; review required	fix(core): a weapon-printed Bane keeps its Regeneration bypass at every epoch	096f01fb14d8,1b4543d52607
refs/remotes/origin/fantasytable/core-shelf-box	abb7ed2130fb22f4cff9b632a4e91ff321647d6c	2	1	0	changed files differ; may include obsolete versions	Merge branch 'main' into fantasytable/core-shelf-box	d782d2d842dc,f91f3ec2be72
refs/remotes/origin/fantasytable/deleted-terrain-rules	ed9167a79c5604c32d3f73d773c39c1103828c19	2	0	0	changed files match baseline; already integrated	fix(terrain): a deleted free piece leaves the rules and the ground until undone	a3e0d42361eb,ed9167a79c56
refs/remotes/origin/fantasytable/free-pieces-rules	f8967e621e475e47266198c45f9116d573c8c6ef	2	1	0	changed files differ; may include obsolete versions	Merge branch 'main' into fantasytable/free-pieces-rules	95b96aabdb36,ca167689d624
refs/remotes/origin/fantasytable/refuse-painted-drop	e79d4a4bae535a7b6ac6aca4b7ee38ca0bbef83a	2	1	0	changed files differ; may include obsolete versions	Merge branch 'main' into fantasytable/refuse-painted-drop	567b0d168123,d26441381baf
refs/remotes/origin/fantasytable/shelf-sight-fixture	d8b4da9ed02ffc60900be861aa81e7b0f18c4ac9	2	1	0	changed files match baseline; already integrated	Merge branch 'main' into fantasytable/shelf-sight-fixture	544fe0ccaf21,a9966d95ae86
refs/remotes/origin/fantasytable/shelf-sight-replay	7a918250333e4a1924cc10bb05e7effcfc3f8910	1	1	1	changed files differ; may include obsolete versions	Merge branch 'main' into fantasytable/shelf-sight-replay	11756b6aab2f
refs/remotes/origin/fantasytable/shelf-sight-seam	175519b75fd093b4cab1b6bc2bd1329b51cf707a	2	1	0	changed files differ; may include obsolete versions	Merge branch 'main' into fantasytable/shelf-sight-seam	52ccb6c27f11,f987177e0a33
refs/remotes/origin/fantasytable/solid-kind	dc22abc11021eb3198544f89134359238cb248bd	2	1	0	changed files differ; may include obsolete versions	Merge branch 'main' into fantasytable/solid-kind	7be8a1b61530,d94e4f76f3f1
refs/remotes/origin/fantasytable/solid-looks	0dd0111f41abfc7d6e69142194e9892d8cb6e3ba	3	2	0	changed files differ; may include obsolete versions	Merge branch 'fantasytable/solid-looks' of github.com:DutchMaxwell/Niemandsland into fantasytable/solid-looks	4ceef9df37f9,b49a36c1faa4,b538e6bea2fd
refs/remotes/origin/fantasytable/solid-models	ebd85a4ae2b7f709d3c3d48bbac8ffe5662bb76c	2	1	0	changed files differ; may include obsolete versions	Merge branch 'main' into fantasytable/solid-models	0e60089b9e23,d27269aecc2a
refs/remotes/origin/fantasytable/solid-models-live	416195deab168f491d70bc8cd01169f84dbc1cc3	2	0	0	changed files match baseline; already integrated	feat(terrain): the storehouse and outcrop show their uploaded detailed models	416195deab16,fb14ce0631b1
refs/remotes/origin/fantasytable/solid-picks	b8990d0b82c1ed3305365c65dc419f4a9cebf2c4	2	0	0	changed files differ; may include obsolete versions	feat(terrain): the shelf offers the slab-roof storehouse and the heather outcrop	15de61a0d545,b8990d0b82c1
refs/remotes/origin/fantasytable/solid-prop	b6aa0241a82e41a127db6d58fb538edff2b7b384	2	1	0	changed files differ; may include obsolete versions	Merge branch 'main' into fantasytable/solid-prop	3c1cdc57f325,f3c5fa321a76
refs/remotes/origin/fantasytable/solid-roundtrip-a	86ac164ce20a9f482ac11e0808f89c508f8a78ef	1	1	1	changed files match baseline; already integrated	Merge branch 'main' into fantasytable/solid-roundtrip-a	25aa1b733c24
refs/remotes/origin/fantasytable/solid-skirt	1c0123c054c142449d2e870ad470c302bca5cfa2	2	0	0	changed files match baseline; already integrated	feat(visual): a soft contact shadow under every shelf solid	1c0123c054c1,67e07fc498ac
refs/remotes/origin/fantasytable/solid-spawn	90fe5e2f34718b49f42f31d54ab858f07281d8aa	2	1	0	changed files differ; may include obsolete versions	Merge branch 'main' into fantasytable/solid-spawn	31395388c5c6,e5e2146751ea
refs/remotes/origin/fantasytable/solid-spawn-route	37e5ae8a6d747dc5bd174fcd3f1d086f6c79a768	2	1	0	changed files differ; may include obsolete versions	Merge branch 'main' into fantasytable/solid-spawn-route	bd9c21de6b2c,ed6f7f1b143f
refs/remotes/origin/fantasytable/solid-stone-grey	6af3748a568ed0ee434be99d134c694eff387fae	2	1	0	changed files differ; may include obsolete versions	Merge branch 'main' into fantasytable/solid-stone-grey	65e23e07a342,b8c9c7a7814a
refs/remotes/origin/fantasytable/theme-data	97d09cdebc432a814e781ae03b2aeabf25ad01dd	2	0	0	changed files differ; may include obsolete versions	feat(terrain): the Ruined Borderland theme as data with a loader	896606c4fcbe,97d09cdebc43
refs/remotes/origin/fantasytable/unknown-kind	ab83fb062191b9e4b02468b7851aa5fb77f51de9	2	1	0	changed files differ; may include obsolete versions	Merge branch 'main' into fantasytable/unknown-kind	8505ffd158f2,af457dba845c
refs/remotes/origin/feat-340-tray-arrival-groups	f4b289fa95c0630f4d1e5f67e799c0b838475ac6	2	0	0	ancestry differs; review required	feat(ui): off-table tray grouped by arrival class with headers and counts (closes #340)	6a28ce3a0462,f4b289fa95c0
refs/remotes/origin/feat-845-rcm-broad-table	fad65ab4726f90f07c1d828a814b9b6a7ea8b0ff	0	0	0	ancestor of baseline	merge: origin/main (EPOCH_11_SOLO_GRANT_READS) into feat-845-rcm-broad-table	-
refs/remotes/origin/feat-pr1-speed-feat	7ecd6e9494b2e64a7a74bc8b2b00637141973e9d	0	0	0	ancestor of baseline	fix(tests): (d) asserts the folded key rides inertly, not that the state stays empty	-
refs/remotes/origin/feat-pr2-red	2d39969213b5f2b2efad8eee18a40a229327f74c	1	0	1	all non-merge patches equivalent; merge content not assessed	test(sim): Takedown Shot latch parity + record (FEAT PR 2) — RED	2d39969213b5
refs/remotes/origin/feat-pr3-precision-piercing	ec35673af2d6697ab565bdb23003f33b0d584de3	0	0	0	ancestor of baseline	test(sim): Piercing Feat second strike reads the spent latch, no manual re-push	-
refs/remotes/origin/feat/arena-margins	85fe5ac950f33e6e96e3a8dff8e14d292ab8d9c7	1	0	1	all non-merge patches equivalent; merge content not assessed	feat(arena): the result JSON reports how badly each side lost (arenamargins)	85fe5ac950f3
refs/remotes/origin/feat/ev-price-grants	52b3fbcc7f2e09399363197d75e9733bbeb8eea8	1	1	1	all non-merge patches equivalent; merge content not assessed	Merge branch 'main' into feat/ev-price-grants	ab62dbd44e61
refs/remotes/origin/feat/mp-unit-created	71fd797bc5e9a94bcd759e3ba29370864308072a	1	1	0	ancestry differs; review required	Merge branch 'main' into feat/mp-unit-created	e8f0d1336540
refs/remotes/origin/feat/mp-utility-buffs	1775e7484167377f0b2d73fbb25965ac1955f5fe	2	3	0	ancestry differs; review required	merge main into the utility-buff wire branch	34f4896e554e,63f0fa0f7025
refs/remotes/origin/feat/prb2-last-game-preview-card	6d7743d3a064d08b50340f0822e9a34f3ec40481	0	0	0	ancestor of baseline	feat(privacy): preview and local export of the last real game + after-game card (PR B2, no send path)	-
refs/remotes/origin/feat/radial-house-style-ring	08e853f0e16a98ca501873c6f2c2af1865fe777a	3	0	0	ancestry differs; review required	ui: the radial ring in the house style — tokens only, labels fit their wedge, tooltips wrap (radial 3/5)	08e853f0e16a,2f38fd05b32c,cc64480d8996
refs/remotes/origin/feat/radial-second-tier	1f3d5c730984c7c8134ffcb7afd2be9a419e686f	2	0	0	ancestry differs; review required	ui: the radial menu's second tier — a crowded menu keeps its verbs on the ring, the rest in pills beside it (radial 5/5)	1f3d5c730984,9453671ba5a7
refs/remotes/origin/feat/reanimation	9f8ab164eeee520d00b86a0620ba86ee07d77279	1	1	1	all non-merge patches equivalent; merge content not assessed	Merge branch 'main' into feat/reanimation	dfd75180690a
refs/remotes/origin/feat/reanimation-click-allocation	4c9c0306c8bfc3acc591dab6e6b821688bac201f	2	1	1	ancestry differs; review required	merge main into the click-allocation branch	4eaf9f108c77,e025ff4d1415
refs/remotes/origin/feat/reinforcement	d9d6248b849aff9ec4d08143baa45cc93b2c7d56	2	1	0	ancestry differs; review required	fix the merge: two waves each closed the modeled-rules array	340aa55d377b,d9d6248b849a
refs/remotes/origin/feat/render-qa-harness	708d496feeabb9971b9405d85a3f8ddb41d5fb2a	10	0	1	ancestry differs; review required	chore: remove internal working docs (public-repo hygiene)	099c3652caa5,112b7f30fa95,1f4dcc8f6f6a,59b352518aff,5a13e49dedc6,5fcf35594ef9,708d496feeab,8ca07df07af7,bf6a54d416a4,d28d7844d6c9
refs/remotes/origin/feat/sim-cast-boost-interference	12317aab3c8c9be478ca6a17607c664c51ac012b	1	0	1	all non-merge patches equivalent; merge content not assessed	D-MAGIC step 7: sim cast phase prices boost + interference like the table/core	12317aab3c8c
refs/remotes/origin/feat/solo-nightloop	50c4c2f89c7f0bdfe29ddbf43a8753f892239925	78	4	1	ancestry differs; review required	chore: remove internal working docs (public-repo hygiene)	098c8b7bed81,09d7183302b7,1536e3ac58c8,15407223f941,17ea782c1d9b,1aba585e2665,1c53b40e9622,25de0c86342a,28ac00b02a02,2c7115d68266,2cf4a3856b34,2d12847e404e,2d34536853bd,37582478efad,418f57300071,423616626306,46e095e3744a,4a68b5565881,4d9eb6f5521a,4e495153e18c,5007e0303b7a,50c4c2f89c7f,52c57e8f9ff6,59d113e552f0,59f43fd60d43,5a992a44b0d5,61f0ee2dde30,6e55741120da,704603087686,720280fc368d,742c1e5e5a02,7d03e782b0eb,7f36552f310f,7ff0040b17c6,81730ad2e391,83f81a12907e,858bf41f54b8,898aebeb6325,8a95a1cf3de3,9145aee6bff4,938d0e725c9d,94d1f5f85acc,95da550d9cbe,99fc4bb20e6e,9be398960669,9e311db89ab0,a10b8f5e0ec6,a3b5c5d00f94,a6ce200c3c3f,a8fc42fb7dff,aab55206704f,ad0d6827c956,b0d385518b1e,b213cbf0f6f0,ba917e87c1d0,ba9cd7dffd67,bbd3b4f0bef1,bbdb3feed843,bbea1bfe56af,c01094b80289,c0985ede7386,c3230af0a4a5,c3aec49fe262,c5996caa77af,ca6593512768,cde648cdf1dc,cdf9e40715cc,d61c6ec0eda6,de24e64c50c2,e44362c4e9d5,e6ad5b5282a2,ee46e654d774,f2bccb22574e,f3c4c4a1f9cd,f45f5b2472e4,f525c1cebb5b,fd14d9f687b9,ff9e54b60082
refs/remotes/origin/feat/solo-selfplay-harness	f54d36038aecd61ca6e26f03dc86d47b02380b11	70	4	1	ancestry differs; review required	fix(harness): objective placement in world metres + independently seedable dice stream	098c8b7bed81,09d7183302b7,1536e3ac58c8,15407223f941,17ea782c1d9b,1c53b40e9622,25de0c86342a,28ac00b02a02,2c7115d68266,2cf4a3856b34,2d12847e404e,2d34536853bd,37582478efad,418f57300071,423616626306,432d122f4b32,46e095e3744a,4a68b5565881,5007e0303b7a,52c57e8f9ff6,59d113e552f0,59f43fd60d43,5a992a44b0d5,61f0ee2dde30,6e55741120da,704603087686,720280fc368d,742c1e5e5a02,7d03e782b0eb,7d67ec58a111,7f36552f310f,81730ad2e391,83f81a12907e,858bf41f54b8,898aebeb6325,8a95a1cf3de3,9145aee6bff4,938d0e725c9d,94d1f5f85acc,99fc4bb20e6e,9e311db89ab0,a3b5c5d00f94,a6ce200c3c3f,aab55206704f,ad0d6827c956,b0d385518b1e,b213cbf0f6f0,ba917e87c1d0,ba9cd7dffd67,bbd3b4f0bef1,bbdb3feed843,bbea1bfe56af,c01094b80289,c0985ede7386,c3230af0a4a5,c3aec49fe262,c5996caa77af,ca6593512768,cde648cdf1dc,cdf9e40715cc,d61c6ec0eda6,de24e64c50c2,e6ad5b5282a2,ee058f55dcb2,ee46e654d774,f3c4c4a1f9cd,f45f5b2472e4,f525c1cebb5b,f54d36038aec,fd14d9f687b9
refs/remotes/origin/feat/spielschule-loader	0270b24336caed7001cdbc606d4ec4ff42a4804f	12	5	1	ancestry differs; review required	test(tutorial): the Game School menu test follows E3b's label	0270b24336ca,07dd1000ffcf,0a8ba565067f,151c1aa5988a,4be6fe3dc2fa,58e5fe8fc12d,812cb97a1793,b6d1622cf74b,bbfbf7420a2e,c69be3227f0b,d6390263f6a7,ecd906518d41
refs/remotes/origin/feat/stage-melee-casts	e178f5a5682bc370a3d5606746dd93cb53c92272	1	1	0	ancestry differs; review required	Merge branch 'main' into feat/stage-melee-casts	a3f3062af671
refs/remotes/origin/feat/tutorial-t2	c435a48cc5c452ad27ce4462ad256ccb406a820c	11	0	1	ancestry differs; review required	chore: remove internal working docs (public-repo hygiene)	32b8ec657db3,55541d889369,59b3d67e26ae,5c1120b086f9,6a8f24e4edbf,b8d1e681001e,c435a48cc5c4,d4a7b0bc6a2e,d9312b62c0ae,df341b790103,eab614ba914b
refs/remotes/origin/feat/wave4-ebr-coordinate	07c7a5659c257a0d9811f64773d7276967ec6334	1	1	0	ancestry differs; review required	merge main into wave 4 — SHIPPED_PLANNED union, maps regenerated on the joint registry	caf50cbe6a9b
refs/remotes/origin/feat/wave5-delayed-action	a5d7c45554cd7ea599ed860ac5b786f914382628	1	0	1	all non-merge patches equivalent; merge content not assessed	feat(rules): Delayed Action — pass the turn (wave 5)	a5d7c45554cd
refs/remotes/origin/feature/core-build-identity	b52970f3ebad9fa4c9045acc6df767d4cb413904	4	0	0	ancestry differs; review required	fix(core): accept legacy fleet identity and preserve recorder stamps	023ca1527813,69c62c5fcb2b,918477b251af,b52970f3ebad
refs/remotes/origin/feature/dev-brain-server	5b81e17a26e80b370c32fe17154357bab760df8c	5	0	0	ancestry differs; review required	docs: record native test prerequisites and sequential arena acceptance	32b1e29f6e70,3a0f122b172f,5b81e17a26e8,c30311269549,e041672ca3c2
refs/remotes/origin/feature/dev-brain-transport	d5121f3d642c906d31d19cfe1db6218cd4a9b259	1	0	1	all non-merge patches equivalent; merge content not assessed	dev: add inert loopback brain transport with bounded framing	d5121f3d642c
refs/remotes/origin/feature/dev-brain-wiring	9653a6354a90ee3a8096522ee9c1cf07fc74f614	5	0	0	ancestry differs; review required	dev: connect interactive solo AI slots to the gated leaf planner	633764c06d8c,7431b0eecc0c,9653a6354a90,b0752323f687,d549ac996e79
refs/remotes/origin/feature/privacy-optin-m10-a	614227a08f1d6241e50918c9ae4a998b063064cc	0	0	0	ancestor of baseline	fix(privacy): keep detail navigation safe and ship localized example	-
refs/remotes/origin/fix-325-indirect-targeting	11a0a99ea4ac7354247d60375f0c35cbc930a054	2	0	0	ancestry differs; review required	fix(solo): read a spell-granted Indirect at targeting time from the attacker's own token store	11a0a99ea4ac,213328b3562c
refs/remotes/origin/fix-673-red-proof	99b6dbe5230092b5f51b2de4a3c5c286f6d615e1	1	0	0	ancestry differs; review required	test(mp): RED proof — #673 owner-saves + slot-sync suites at main state (no production)	99b6dbe52300
refs/remotes/origin/fix-812-core	b4cc449844b001b0ce6db58a52d50bbbc9688897	0	0	0	ancestor of baseline	fix(rollout): #821 rush demotion — table parity (Quick Shot exemption, shot-in-range gate)	-
refs/remotes/origin/fix-growth-def-sign	7aaf99bad1084fd4b9eb4494e4e71d346d46d12b	0	0	0	ancestor of baseline	fix(rules): Growth Markers — the defence facet lowers the save target like the table (epoch 7)	-
refs/remotes/origin/fix-loader-swift-negates-slow	e132b9688f97652be76d2a2549b6c3a4374e1a2e	0	0	0	ancestor of baseline	fix(loader): Swift negates Slow in the move-band pass	-
refs/remotes/origin/fix-los-line-null-controller	7fb28bee5af32f97b40621685cef6af208fe54a3	0	0	0	ancestor of baseline	fix(mp): LOS line hover survives a null solo controller (human-vs-human rooms)	-
refs/remotes/origin/fix-mp-harness-675-origin/main	51cf8def678cb0e0ae9d67f279c9e71fffcde84d	1	0	1	all non-merge patches equivalent; merge content not assessed	fix(mp-harness): WS-friendly relay probe + stale #665 doc note (addresses #675 items 2 and 7)	51cf8def678c
refs/remotes/origin/fix/183-charge-gate	38b9c0b522e7d43de53e7d0c5973e6136a983c74	6	0	0	ancestry differs; review required	feat(solo): #183 v6 — difficult-cap denials approach too; shooters keep their volleys	21aa5054a8bb,38b9c0b522e7,3b0de72e8b8b,8e5332912940,f5377d4b8752,fec945bcdcb3
refs/remotes/origin/fix/215-planner-table-bounds	51e67fe75b44295c6f1d1aefd50ab8ef35d4a43e	1	2	1	all non-merge patches equivalent; merge content not assessed	Merge branch 'main' into fix/215-planner-table-bounds	b5c7c61e8d7b
refs/remotes/origin/fix/231-aircraft-range-human-volley	c2b61d8839a7cfe25c63ee9c55279537cf0acc44	1	2	1	all non-merge patches equivalent; merge content not assessed	Merge branch 'main' into fix/231-aircraft-range-human-volley	1814b39b22a1
refs/remotes/origin/fix/353-gaps	29bbf24862388034bcb1dab69ba758dc8a554e3f	1	1	0	ancestry differs; review required	merge main into fix/353-gaps	bb18be50a50a
refs/remotes/origin/fix/ambush-variants-wave1	93ed7bb91ad01ecb64184c9d41286a656108a2d8	1	1	1	all non-merge patches equivalent; merge content not assessed	Merge branch 'main' into fix/ambush-variants-wave1	dc531957b9f1
refs/remotes/origin/fix/asset-download-throughput	71d12b99c87b3008b044326ff70a85be57c7497c	2	0	0	ancestry differs; review required	changelog: name the PR (#1075)	71d12b99c87b,da3ef9da50b4
refs/remotes/origin/fix/battle-log-player-wording	20ca8c4ca423482c3d81ea91dc3c67b709591d0b	2	0	0	ancestry differs; review required	solo/battle log: the player sees plain AI lines — no trace taps, feature dumps or brain hashes	20ca8c4ca423,5eb491ef530e
refs/remotes/origin/fix/bearer-count-by-profile	645b998404374b65a8762f2de8951541ce101398	1	0	1	all non-merge patches equivalent; merge content not assessed	fix(solo): same-name weapons with different attacks keep their own bearers	645b99840437
refs/remotes/origin/fix/boxed-play	00fbf26b7e0592c217660ad003c1aafb2b8aee0f	2	1	0	ancestry differs; review required	Merge remote-tracking branch 'origin/main' into fix/boxed-play	58484e37bc55,e7861bef0ea1
refs/remotes/origin/fix/card-truncation	a2bb7525be3ebdf142539d8e963bb75d6b9ccbdf	1	0	1	all non-merge patches equivalent; merge content not assessed	fix(cards): no unit-card information is cut off any more (names, rows, rule tooltips, first tooltip)	a2bb7525be3e
refs/remotes/origin/fix/caster-boost-coinflip	2b65b5a20af0f0a43d6d62bc42b071e6e59eb7f1	3	1	0	ancestry differs; review required	Merge branch 'main' into fix/caster-boost-coinflip	1028eb1e199a,8040ad1cc5f6,909f4d74c7db
refs/remotes/origin/fix/chooser-fill-height	b345bea234a8abe84d3feaf7adcfcb3ba14d2d04	1	0	1	all non-merge patches equivalent; merge content not assessed	fix(menu): the table chooser fills the window height at every aspect	b345bea234a8
refs/remotes/origin/fix/core-deploy-exit-veto	1bf60d57f39bd3e3208ed425238468b80e4cb488	3	0	0	ancestry differs; review required	core/deployment: drop the unused glob import in the deploy exit test (clippy gate)	1bf60d57f39b,5cf730c782e5,e6bd4bc9501e
refs/remotes/origin/fix/ctex-buckets-f17	a120cf77a9ee327878ad4e9ddd1483c72a5a4d7a	0	0	0	ancestor of baseline	"fix(ctex): report and count ""incompatible bake"" separately from ""no entry"" (F17)"	-
refs/remotes/origin/fix/ctex-loader-reuse	b38f11db02b9edcfe7cd6498b076e6be12e39939	1	0	1	all non-merge patches equivalent; merge content not assessed	perf(ctex): models share one texture per .ctex file (CACHE_MODE_REUSE)	b38f11db02b9
refs/remotes/origin/fix/ctex-merge-test-materials-form	80cf6870fe293abc7a17022fd868f0f17d54d01a	1	0	1	all non-merge patches equivalent; merge content not assessed	test(ctex): the manifest merge test accepts the multi-material materials[] form	80cf6870fe29
refs/remotes/origin/fix/ctex-missing-patch-fatal	240c0a4ebd62326d91b4e9686adf0c1684e4f006	0	0	0	ancestor of baseline	fix(ctex): missing patch now aborts the merge (F8) — --allow-missing names waived prefixes	-
refs/remotes/origin/fix/dead-aura-families	b3bd4a058a8ac1d1296da1e4fc6274960c869362	1	1	1	all non-merge patches equivalent; merge content not assessed	Merge branch 'main' into fix/dead-aura-families	8a185c370287
refs/remotes/origin/fix/deadly-per-model	bc1113d454cbf58ea1d2a451b48791f041ecbab4	5	0	0	ancestry differs; review required	clippy: silence the leg fns' arg-count finding, reflow the two leg docs	3f427b414671,8f145b47edc6,b2dd9612bd1c,bc1113d454cb,c9ad7ce39d9a
refs/remotes/origin/fix/def-mod-scope-vs-spells	eba39bc4e5d0dc17e4b0cd071bd965f2fc4c64db	1	2	1	all non-merge patches equivalent; merge content not assessed	Merge branch 'main' into fix/def-mod-scope-vs-spells	acef3bb36814
refs/remotes/origin/fix/deploy-exit-veto	fb33d5d1cae2f69e6dd5def0e55933ecf14f79e0	1	0	1	all non-merge patches equivalent; merge content not assessed	"solo/deploy: veto a spot whose walls box the base in (no straight 12"" exit)"	fb33d5d1cae2
refs/remotes/origin/fix/dropdown-opening-release	17caf91534e52433dab7381e0f37e08fdf3f57a5	1	0	1	all non-merge patches equivalent; merge content not assessed	fix(ui): a dropdown's list never covers its button, so the opening click cannot pick an entry (N15)	17caf91534e5
refs/remotes/origin/fix/e2e-orphan-source-two	d2d7aeaa4f6489c5ed9d4b792f0913f29a6346fc	1	0	1	all non-merge patches equivalent; merge content not assessed	"fix(test): let the activation finish before gdUnit counts — second ""13 orphans"" source"	d2d7aeaa4f64
refs/remotes/origin/fix/empyrean-spirit-boost-stand-down	4c614c7c57ca82919780fa2f3690f632af395906	2	0	0	ancestry differs; review required	"Empyrean Spirit Boost: the Boost stands the base's over-9"" alias down (one -1 at any range)"	4c614c7c57ca,a4107682aa97
refs/remotes/origin/fix/epoch-gate-below-live	35b7ca251ee16da97449a67490267400b568c971	2	0	0	ancestry differs; review required	Epoch gate: refuse a rules fix landing below the live epoch	35b7ca251ee1,a4f10c4e7a41
refs/remotes/origin/fix/hero-marker-load-error	2ec025d1b1751edb8331f14b8f8a65c921282fab	1	0	1	all non-merge patches equivalent; merge content not assessed	fix: a loaded save no longer reads every unit as a joined hero (SCRIPT ERROR on load)	2ec025d1b175
refs/remotes/origin/fix/hud-release-bugs	379f2f1d50f33d027d77fe07c52c396ec86337b2	5	0	0	ancestry differs; review required	fix(ui): no glyphs the UI fonts lack (close cross, drag hint)	379f2f1d50f3,4941ca78c52f,509f6c707e51,57390bf17bdb,f1960c8ff601
refs/remotes/origin/fix/list-to-profile-manifest-path	020eebbf90f642990908d7aa1a558d7b51b9d48a	1	0	1	all non-merge patches equivalent; merge content not assessed	fix(selfplay): list_to_profile reads the bundled manifest from the repo root	020eebbf90f6
refs/remotes/origin/fix/list-to-profile-rapid-charge	ce93838788d293132cf7db8041216fecaf40d851	1	0	1	all non-merge patches equivalent; merge content not assessed	fix(selfplay): list_to_profile puts Rapid Charge on the charge band, not Rush	ce93838788d2
refs/remotes/origin/fix/list-to-profile-royal-legion-charge	d90086e058cf7926fbf2f7a1f292f300f063e3aa	1	0	1	all non-merge patches equivalent; merge content not assessed	fix(selfplay): Royal Legion's charge_mod rides the charge band like the table	d90086e058cf
refs/remotes/origin/fix/mark-beneficiary-wrong-side	37a639cf55be54d830890b86f25ae965666b5943	2	0	0	ancestry differs; review required	GREEN: the Precision marks' +1 feeds the rolls AGAINST the marked unit — epoch 15	37a639cf55be,df233e6f38f0
refs/remotes/origin/fix/material-null-shadows	634f81d079ed3f4cdce9e624c4ae821d952247f3	2	0	0	ancestry differs; review required	"fix(army): the dead look skips meshes with a material_override (no more ""material is null"")"	05eca65e0580,634f81d079ed
refs/remotes/origin/fix/menu-backdrop-reveal	f091c7a67f0c237cc1c80a3ba6f9272f61155ff4	2	0	0	ancestry differs; review required	perf(menu): parse the reference oak and forest tree off the main thread	425cd1ee0c73,f091c7a67f0c
refs/remotes/origin/fix/menuwideleak	6daaf9932f5fc62b8ff4c1299ed8819fca6a39c2	1	1	1	all non-merge patches equivalent; merge content not assessed	Merge branch 'main' into fix/menuwideleak	06a61c009a03
refs/remotes/origin/fix/mp-reanimation-position	b2bb40273f37c4b3e4cc979a88f0cfbd51fd1f62	1	1	1	all non-merge patches equivalent; merge content not assessed	Merge branch 'main' into fix/mp-reanimation-position	e76b92146782
refs/remotes/origin/fix/offboard-audit	535661117c4794ca8d17cb3f29683a13bd907bc9	1	0	1	all non-merge patches equivalent; merge content not assessed	test(selfplay): off-board audit line + additive offboard detector	535661117c47
refs/remotes/origin/fix/privacy-no-upload-text	c7c7c0a9977883684cefb5f5f5c08b3eb62799f1	1	0	1	all non-merge patches equivalent; merge content not assessed	fix(privacy): the destination text no longer promises an upload	c7c7c0a99778
refs/remotes/origin/fix/privacy-two-step	4d16347b0674fb19c04d040a0560a5606c1753f4	1	0	1	all non-merge patches equivalent; merge content not assessed	"privacy: two-step accept — the allow button needs the ""reviewed"" tick first"	4d16347b0674
refs/remotes/origin/fix/privacy-wording	41de337b96d3a6dc17d140933a4f33f0f096cf34	1	0	1	all non-merge patches equivalent; merge content not assessed	privacy: say plainly that the army LIST is in the record (names are not); give the previews room	41de337b96d3
refs/remotes/origin/fix/range-bonus-volley-gate	c401d9aa04044290066753d9ec0759df6beb1c83	1	0	1	all non-merge patches equivalent; merge content not assessed	fix(solo): a range bonus reaches the volley, not just the declaration (NML-929)	c401d9aa0404
refs/remotes/origin/fix/rapid-charge-mark-survives-volley	3ef759d3675b66235c969ea02672f5a24388763b	1	0	0	ancestry differs; review required	fix(rules): Rapid Charge Mark survives the marking volley (#845)	3ef759d3675b
refs/remotes/origin/fix/record-opponent-brain	4ceef2e84035345be9c50b150c97a2bf374a5657	1	0	1	all non-merge patches equivalent; merge content not assessed	fix(privacy): the game record names the opponent the game really ran	4ceef2e84035
refs/remotes/origin/fix/resync-superseded-restore	21be225c9f2bdde5c7965a638b6863194e8aa4ae	1	0	1	all non-merge patches equivalent; merge content not assessed	fix(mp): a sync superseded by a connection drop stops spawning (nightly soak blip)	21be225c9f2b
refs/remotes/origin/fix/rules-lookup-loud	8ae4e2381db23da3b0c92cb3dd12f49d7b10507b	0	0	0	ancestor of baseline	fix(loader): loud unresolved rules lookup — the second half of the spell-slug fix	-
refs/remotes/origin/fix/sniper-remove-marker	af5eb653d544db5046f56ac17a09775bf513244a	2	0	0	ancestry differs; review required	fix(data): drop the Sniper REMOVE editing marker from the five modeled arrays; comment the NA_NAMES park	af5eb653d544,bcf9a4cb0cef
refs/remotes/origin/fix/solo-rule-notes	6ef0694c8b53431bb4a5c3895c0952ccb3578df9	10	0	0	ancestry differs; review required	fix(movement): Rapid Charge adds to the Charge band only	03f2b1bfa2ec,26a3730989e5,599d275be505,611b78a4c878,6ef0694c8b53,88d5f3519fed,934a623a7f94,cc7049f5837c,ea0d67001f6e,f125bfb32999
refs/remotes/origin/fix/spell-slug-loud	113615cc37bb6db02e272110c800075a6131154d	0	0	0	ancestor of baseline	fix(core): resolve flat-list faction slugs and make empty spell books loud	-
refs/remotes/origin/fix/table-aircraft-registry	55e49fc002ddc82cb732833be31e07517ec72f8a	0	0	0	ancestor of baseline	docs: state the completed table registry invariant	-
refs/remotes/origin/fix/table-flat-ground	8f0767ead7c18a22087530fe1742cec3e5a54760	2	0	0	ancestry differs; review required	gfx: seated markers stay seated across re-builds, late downloads and teardown	8f0767ead7c1,e8842c43c369
refs/remotes/origin/fix/table-morale	601cf1d3136a298104a2060130e5e917de464aac	2	0	2	all non-merge patches equivalent; merge content not assessed	fix: apply Morale ratings to shared morale tests	601cf1d3136a,a8b3bb2e85a6
refs/remotes/origin/fix/table-piercing-fighter	0ca99c7d7e81e8d18fa2be5d79a75e0272017517	0	0	0	ancestor of baseline	fix(rules): resolve Piercing Fighter aura through conditional AP	-
refs/remotes/origin/fix/table-piercing-shooter	56c9f0c1447f7654bcc84c0353e270ca39e3873b	0	0	0	ancestor of baseline	fix(rules): resolve Piercing Shooter aura through conditional AP	-
refs/remotes/origin/fix/table-ranged-within	07ff22dfef5125c967a13735c2fdb38bd8f7494a	0	0	0	ancestor of baseline	merge origin/main (#758 renames) into fix/table-ranged-within	-
refs/remotes/origin/fix/table-reach-hunt	074f8d08dee4725862ac16bf2c6c3905f5f87eb0	2	1	2	all non-merge patches equivalent; merge content not assessed	Merge pull request #737 from DutchMaxwell/fix/table-takedown-shooting	c27fee764b07,cdedab8c9b84
refs/remotes/origin/fix/table-shrouded	b5dce5b1864dc129487bd3692551b0f9e760e06d	0	1	0	ancestry differs; review required	Merge remote-tracking branch 'origin/main' into fix/table-shrouded	-
refs/remotes/origin/fix/table-spawn	42dce7c1c33619c8eba6d620e106c96197bb9357	0	0	0	ancestor of baseline	fix: finish activation rule choices before transport actions	-
refs/remotes/origin/fix/table-spawn-rebased	de61f2b1d55ff2732c9288331cade2d35cd0ea3c	16	0	16	all non-merge patches equivalent; merge content not assessed	fix: finish activation rule choices before transport actions	2f47c20a8a70,30f763bb0360,33abcdb84ae9,3fe2f0fe6f00,51ad0cf4beda,5af1cd244dee,64039995cd21,813bdfceaba2,b61ba2946202,bd0366b78adc,c48616fc2c5d,d06b7d2f2f85,de61f2b1d55f,e4bd281396f5,e53ae224ac1b,f21f47b38d2c
refs/remotes/origin/fix/table-spawn-red	7fa8a1c7aee4719d858da442925dadee5e46932f	17	0	16	ancestry differs; review required	RED: revert the Spawn production changes, keep the e2e tests	2f47c20a8a70,30f763bb0360,33abcdb84ae9,3fe2f0fe6f00,51ad0cf4beda,5af1cd244dee,64039995cd21,7fa8a1c7aee4,813bdfceaba2,b61ba2946202,bd0366b78adc,c48616fc2c5d,d06b7d2f2f85,de61f2b1d55f,e4bd281396f5,e53ae224ac1b,f21f47b38d2c
refs/remotes/origin/fix/table-split	7f9b5b49ed8991fe3b4b0bce77549196560a10c6	0	0	0	ancestor of baseline	Merge remote-tracking branch 'origin/main' into fix/table-split	-
refs/remotes/origin/fix/table-split-red	67cf2019ff4a0c8c467234e5716a7f6894391a2b	3	0	0	ancestry differs; review required	"Revert ""fix: resolve Split before the last casualty is removed"""	67cf2019ff4a,78bf9e6d6bc4,b7049bceadfe
refs/remotes/origin/fix/table-surprise-attack	b48b78da55256c82b56e787fd6908f3da4f5ed4c	0	0	0	ancestor of baseline	fix(rules): recognise Surprise Attack as Infiltrate-equivalent on the table	-
refs/remotes/origin/fix/table-vicious	d74796b90c5ac8ef5734d9d2a2350129b6cf78b1	0	0	0	ancestor of baseline	fix: consume Vicious without bypassing regeneration	-
refs/remotes/origin/fix/table-violent	e59b7f87740922e507ef3388091608535c17b6ea	0	0	0	ancestor of baseline	fix: consume Violent in AI profiles and name its save log	-
refs/remotes/origin/fix/table-warding	397fe803004ef3c8507cd9c6b66613fe4ab478c0	0	0	0	ancestor of baseline	fix: value Warding with its normal and spell ignore targets	-
refs/remotes/origin/fix/table-warding-red	29df0311e5379e05f0ceb9e790327cdf005a2fc2	0	0	0	ancestor of baseline	test: expose Warding normal and spell EV gaps	-
refs/remotes/origin/fix/takedown-test-teleport-field	949be2682cc118227cbe4271d1e198688c4905f2	0	0	0	ancestor of baseline	fix(core-tests): the seam-4 test literal gains the teleport field too (#843 x #831)	-
refs/remotes/origin/fix/tough-wounded-first	a2a33a438c848fc733149ae70a2c0ac3f3cc28e0	1	0	1	all non-merge patches equivalent; merge content not assessed	solo: Tough wounds keep landing on the already-wounded body (GF v3.5.1 p.14)	a2a33a438c84
refs/remotes/origin/fix/tutorial-hotseat-optout	6959b12f8a06555d61dc0000063afe83b0ccaa47	1	0	1	all non-merge patches equivalent; merge content not assessed	fix(tutorial): the tutorial table never hands player 2 to NACHTMAHR	6959b12f8a06
refs/remotes/origin/fix/unit-rs-who-wins-four	b4397e600c2ef3a63e60b6b0a24b34fba5f7a087	11	0	0	ancestry differs; review required	Prove the OLD leg: epoch-12 twins for all three gated behaviours; the Sturdy suppression rides a stamped flag	044ecdf736b6,065c0122a8e1,192bd63b5391,3240627a5f5e,4aaca49809ea,7dafe884bfa3,8420b4165219,a6e11c75a15a,af2f3eb11fbc,b4397e600c2e,b783e474bacb
refs/remotes/origin/fix/unread-params	613694676ac58b2cfd9a6dfb94035915baa7ade0	1	1	1	all non-merge patches equivalent; merge content not assessed	Merge branch 'main' into fix/unread-params	3cfb09009726
refs/remotes/origin/fix/updater-release-0925	6187b682901ec4ede1f2d9c02f9630f6bf71b8f8	3	0	0	ancestry differs; review required	ci(release): refuse a tag that does not match config/version	5e6f5faf8f7a,6187b682901e,b33fe518c052
refs/remotes/origin/fix/windows-core-selfheal	87036eaded0a9a18f2bfc499e637f2f83fa8be31	2	0	0	ancestry differs; review required	fix(updater): a Windows install without its core DLL restores it once and relaunches	87036eaded0a,bbac897a9f9f
refs/remotes/origin/forge-openai-api	2cd517d9008ee922d8771b67e21cbc84341dd061	0	0	0	ancestor of baseline	feat(tools): forge_mutants speaks the OpenAI-compatible API	-
refs/remotes/origin/fortified-aura-53	e1ecd9c643bc0196af668ba39fea3b4043513fd6	5	0	0	ancestry differs; review required	Fortified Aura: the fixture weapons carry the AP(1) rating the stamp reads	14a913a641c3,5471246cbf88,92abd758dde6,bc98dc8a3ff9,e1ecd9c643bc
refs/remotes/origin/game/capture-kits	a97379603521f494bf4587bef623ffb632f278ec	1	1	1	all non-merge patches equivalent; merge content not assessed	Merge branch 'main' into game/capture-kits	ee8efb42af6b
refs/remotes/origin/game/core-header-dangerous-end-morale	76973ec9d622c75f4d6ee4a6530d54bc3ef298d0	1	1	1	all non-merge patches equivalent; merge content not assessed	Merge branch 'main' into game/core-header-dangerous-end-morale	e43d8bf93fa1
refs/remotes/origin/gate-lookahead-fix	59e1420713dbecb306eb1b6eaaf7d9da9c7a4a2a	2	0	0	ancestry differs; review required	epoch gate: don't eat the next positional pin -- lookahead, not consuming delimiter	3759f03ed5ce,59e1420713db
refs/remotes/origin/gd-dead-functions	ffaa87a8b6a74548707b819edcd8553f58ee7b2e	0	0	0	ancestor of baseline	chore(gd): remove 3 dead functions (proof: zero references) — review 03.09.	-
refs/remotes/origin/gfx-reference-sun-all-moods	df293637d511ff931d93c409c57143d33e2f7604	2	1	0	changed files match baseline; already integrated	Merge branch 'main' into gfx-reference-sun-all-moods	1dc8ba5733fa,57f33ba06a48
refs/remotes/origin/gfx-render-scale-owner	3caeeac07d6bae3beb3c5d26df2bb8bee44784ad	2	1	0	changed files differ; may include obsolete versions	Merge branch 'main' into gfx-render-scale-owner	10b48dd4fd64,c30e996d200e
refs/remotes/origin/gfx-render-state-owner	80d3cf0e4789582981da5017d1f1f3b733967144	7	1	0	changed files differ; may include obsolete versions	Merge branch 'main' into gfx-render-state-owner	1c6c84bae8b3,599157db10d6,694db7790c8d,82b491ee9efc,d808902fe984,f28743c4ee7a,f6ccb91272fe
refs/remotes/origin/gfx-scale-deferred-current	35bdd034fef71404c7634693599f90e2ade944da	2	1	0	changed files match baseline; already integrated	Merge branch 'main' into gfx-scale-deferred-current	28d5dfc1aec1,aec1adc638db
refs/remotes/origin/gfx-window-comment-truth	1b7c1bb9ebc094000cdda7a9125e399116f293a2	1	0	1	changed files differ; may include obsolete versions	docs(graphics): correct the reason given for re-asserting the window at game start	1b7c1bb9ebc0
refs/remotes/origin/gfx-window-reassert	ed612eca74498c1d5924be1f970ed6252d5ed89d	1	1	1	changed files differ; may include obsolete versions	Merge branch 'main' into gfx-window-reassert	9926feaa384e
refs/remotes/origin/gfx/biome-reference	d310895118536f585da0ec4a66a09910c53ee485	30	0	0	ancestry differs; review required	gfx: add gentle jungle crown and carnivore sway	01da070254b2,0969141d282e,0b19f6db07f1,1232595699ed,1bab6c388a71,237db2a5562f,23961038478a,29c0ada0d387,4007cfebd1df,56b1b4d510f9,60626a0dee1c,62e5677bc4fc,68df8bcffb03,76c2178b69df,7a6885a71a1c,84294a1e1472,890003a9b509,8bc5e758eeb9,998942185e37,ac60662e3bf9,b204e1cb538f,b8494c3af856,bdc297b03b68,d31089511853,d3a0842bb1da,d46940a0aa55,de8f26fad79d,e430ba45d919,ed5f8f0116e5,fb86c7fda6fe
refs/remotes/origin/gfx/forest-integration	a1718030290104cc3d36432d17a3b50f2823f3d5	1	0	0	ancestry differs; review required	gfx: refine deciduous materials and feather tree ground contact	a17180302901
refs/remotes/origin/gfx/grassland-materials	465507b2fb98ef9efe893b4964b87a1c4c9079f7	2	0	0	ancestry differs; review required	gfx: align meadow shading with fuller two-sided grass clusters	465507b2fb98,a8556e2b5949
refs/remotes/origin/gfx/ship-0925	a7a5138510e0d3e15f432d67cbd28584dd161f27	47	2	0	ancestry differs; review required	fix(menu): the table chooser scales with the window and keeps its proportions on 1440p and ultrawide	01da070254b2,0969141d282e,0b19f6db07f1,0f8890f808f5,1232595699ed,131fb7841b94,1bab6c388a71,237db2a5562f,23961038478a,29c0ada0d387,4007cfebd1df,418c07ca814d,43e964171915,4e056f9ce6b1,56b1b4d510f9,5a1dccce9a74,60626a0dee1c,62e5677bc4fc,68df8bcffb03,729c28f69e34,76c2178b69df,7a6885a71a1c,84294a1e1472,890003a9b509,8bc5e758eeb9,8f254edc2403,8fe1119625bc,97232b2ba9c0,998942185e37,a3892c0c4323,a7a5138510e0,ac60662e3bf9,b204e1cb538f,b516631504e2,b8494c3af856,bc71f6255555,bdc297b03b68,d31089511853,d3a0842bb1da,d46940a0aa55,da7bace5a29c,de8f26fad79d,e3e276a1ed1f,e430ba45d919,ed5f8f0116e5,f3f9c8fc050f,fb86c7fda6fe
refs/remotes/origin/gfx/table-biomes	c9e37fbb8c39d331ca517ceb643a269657790b1e	7	0	0	ancestry differs; review required	ci: run the full suite after the retarget to main (squashed away at merge)	111d9abd9405,27d383c0c966,437a646d4d08,517d364eee28,55e7e34d4630,c9e37fbb8c39,e12a641b0c9c
refs/remotes/origin/gfx/table-lighting	368a14afff4b20a573f1eed9c2a3b83b5d091683	2	0	0	ancestry differs; review required	docs: include original lighting comparison captures	368a14afff4b,bcce0f6c13c2
refs/remotes/origin/gfx/table-trees	17e5c70c6b3c0acb74acb7553607919210b067cb	1	0	1	all non-merge patches equivalent; merge content not assessed	gfx: the dressed biome's accepted reference trees on the game table (display only)	17e5c70c6b3c
refs/remotes/origin/golden-determinism	66d1d79472be30a1d7a4bc1002d03943cad1aace	44	0	0	ancestry differs; review required	fix(ai): the AI's line of sight reads settled model heights, not a wall-clock drop animation — replicas of a seeded game no longer diverge (NML-1073 M0-4)	0dd2beb29ec9,0dd4dced67c0,0fffe54c056f,12ae8912432f,1b980115b8f2,24e3813f27d0,279f01505f8c,30fd1d02eb72,35d00d7d0a29,364955df251f,37c7d033249c,45e4d8c85209,4dab71cef122,501b6662de72,55705136352b,560b4aa388cf,63323660ecb4,66d1d79472be,6dea668cf69e,6ea229c8991f,6ef6eb6f4313,740e6e5a495c,754e8e642d27,7de529a6b2b7,8874d6ac8752,8bde4dcb4047,8c6ce35475df,959105575cde,9a133eac2b3d,a8e0f3dd0d9e,a95c3a440d53,aabe6e7332cc,afced0f96ce5,c15eba9db12e,c220913c741e,c9003a078d2f,d7316025c6f4,dabd1da70b00,db593e7ef12e,df74ebb992bd,e58b9c40c889,e6f88f667b13,f338e0961aa9,fa72aafd7ed1
refs/remotes/origin/groundedprot-ep52	48c0fba304261be8c1ffcd4e90ec558e728ec1a9	1	0	1	all non-merge patches equivalent; merge content not assessed	Grounded Protection: the within-1in-of-terrain condition is enforced on both layers (epoch 56)	48c0fba30426
refs/remotes/origin/havocbound-boost-table-always-ap	c852f741bd17f5b115109cdca8e0943468a9521e	2	0	0	ancestry differs; review required	Havocbound Boost: the table's conditional-AP pass honours always=true (table-only)	c852f741bd17,ebe90112da5a
refs/remotes/origin/heights-step23	b65f5d74b0f2ca4f10cc4a03cc12c0426f15f18d	1	0	1	changed files match baseline; already integrated	feat: define skirmish drop and jump rules	b65f5d74b0f2
refs/remotes/origin/heightsb1-pr1-coherency-elevation	c30b0e8043f709203f08f4cca45f38b6d281ea1f	1	0	1	changed files differ; may include obsolete versions	"fix(coherency): the 3"" elevation allowance triggers on real elevation, not a drag lift"	c30b0e8043f7
refs/remotes/origin/heightsb1-pr2-melee-height	169040d7cb9c0d5ac5c536bd5ea7a08610608d8f	2	0	0	changed files differ; may include obsolete versions	"fix(epoch): keep ""MIRROR HOLD:"" on one line so tools/epoch_gate_check.py sees it"	169040d7cb9c,74f18184054c
refs/remotes/origin/heightsb1-pr3-climb-cost	2c03a5db8bd7a9cd551773c197bde97c66be934d	1	1	1	changed files differ; may include obsolete versions	Merge branch 'main' into heightsb1-pr3-climb-cost	cd2060b9bea4
refs/remotes/origin/heightsb1-pr4-floor-select	2d7d6de766c2a82533d9b7cfd45d5dbdb7963f43	2	1	0	changed files differ; may include obsolete versions	Merge branch 'main' into heightsb1-pr4-floor-select	460a41f29154,e277e5a136f8
refs/remotes/origin/heightsb1-pr5-docs-gate	a3b8813f3b15a93a1423aa97269789000de0ed17	1	1	1	changed files differ; may include obsolete versions	Merge branch 'main' into heightsb1-pr5-docs-gate	f375d83f3f2a
refs/remotes/origin/heightsb2-fix-sandbox-shapes	9f416353dc20a2efc177462194023a91bbd3951a	1	1	1	changed files differ; may include obsolete versions	Merge branch 'main' into heightsb2-fix-sandbox-shapes	6334487a3a77
refs/remotes/origin/heightsb2-step16-ledge-cost	9e392189cc98259747d40461d0182e2ced61b951	1	1	1	changed files differ; may include obsolete versions	Merge branch 'main' into heightsb2-step16-ledge-cost	f67e713aebee
refs/remotes/origin/heightsb2-step17-ai-climb	b30792002ab6f4c2f2538f1558b7a32086e45065	2	1	0	changed files differ; may include obsolete versions	Merge branch 'main' into heightsb2-step17-ai-climb	3c3715a42816,f3039adc19ff
refs/remotes/origin/heightsb2-step18-ledges-corpus	e44246146dbad2ca65090357d341c7db98f41fb1	1	1	1	changed files match baseline; already integrated	Merge branch 'main' into heightsb2-step18-ledges-corpus	8ff183f782d0
refs/remotes/origin/heightsb2-step19-rust-ledges	a5493b0383359dcadc8f76b559cd949ea1e51e16	1	1	1	changed files differ; may include obsolete versions	Merge branch 'main' into heightsb2-step19-rust-ledges	d4c8a3ed0896
refs/remotes/origin/heightsb2-step20-epoch-climb	3054cd978daa496f1dafed2218687ee1aa9dd274	2	1	0	changed files differ; may include obsolete versions	Merge branch 'main' into heightsb2-step20-epoch-climb	e58614576d89,ff592ffd1882
refs/remotes/origin/heightsb2-step22-header	73ea9d5e06abaa1e55af23138d1b76d107856a68	1	1	1	changed files match baseline; already integrated	Merge branch 'main' into heightsb2-step22-header	2b289af72501
refs/remotes/origin/indirect-when-shooting-table	4a934d95c07afbd09adcc8a672f22cd79e1ef4fd	2	0	0	ancestry differs; review required	"fix: ""Indirect when Shooting"" stamps the plain Indirect facet on the unit's shooting profiles (GREEN)"	2629e71dce6e,4a934d95c07a
refs/remotes/origin/inert-marks-epoch21	0b56146c831d99e019d200e93eb5dd0c813e9ddc	9	1	0	ancestry differs; review required	Fix the merge-glued epoch assert block (one bump assert, one header stamp)	0b56146c831d,0f522ad4355c,3cc5f1bcd4b7,58ffea3d0faa,785b48ae5b7a,806b0446f1e3,b0528a3338c1,b95b68466a18,cc1e9c7485ca
refs/remotes/origin/kugel-v1	ed3c1f22acc85c69961e3bfbc94ac496336c80e2	2	0	0	ancestry differs; review required	feat(ai): per-seat KUGEL blend gate (NML-1045)	5310e6d80d79,ed3c1f22acc8
refs/remotes/origin/ladder/grades	959528fddee787633f0fc96d19e1b0c5f43a3977	1	0	1	all non-merge patches equivalent; merge content not assessed	feat(solo): the NACHTMAHR difficulty ladder — grade model, saved solo_grade, start-of-game grade line (NML-1018 step 1)	959528fddee7
refs/remotes/origin/ladder/picker	33dd37ce4269a8254e996c1a86efe9162b31a05c	2	0	0	ancestry differs; review required	feat(solo): the closed grade picker shows only the grade name (NML-1018 step 2 polish)	33dd37ce4269,9d469ca38008
refs/remotes/origin/lead/act-wall	2fb22281fb6c13153448df662922adb0da3b548c	1	0	1	all non-merge patches equivalent; merge content not assessed	solo: NML_ACT_WALL=1 prints the wall time of every AI decision call in both drivers (S4 instrument)	2fb22281fb6c
refs/remotes/origin/lead/deploycoh	c261144a96203fc9403ac3d50becd884dcae8d3e	5	0	0	ancestry differs; review required	test(solo/deploy): the repair returns forced_any — a free re-place is false	6e1a5bba48ac,8e10518306ea,c261144a9620,da8f9eb92fe0,e7d4c1f70168
refs/remotes/origin/lead/deploycoh-core	0339d4c9c63a2aa37fe0b65a887768611624b72f	2	0	0	ancestry differs; review required	core/deployment: mirror the in-zone, off-table-edge coherency repair (table #1037, ungated like the other deploy vetoes)	0339d4c9c63a,bc0873fe5c07
refs/remotes/origin/lead/deploylarge	340ac3cf37914ec8474f040b8eca49fa6b05b31d	4	0	0	ancestry differs; review required	"test(solo/deploy): give the tank its base size (model.unit link) and keep a legal section spot > 6"" behind the edge"	340ac3cf3791,49b7052dba8b,656e97b572f5,fd99bb0079c7
refs/remotes/origin/lead/deploylarge-core	587f156bdf05b1834c44b3e4eaff04649f779bff	2	0	0	ancestry differs; review required	core/deployment: mirror the large-base whole-zone forward spot (table #1038, ungated like the other deploy vetoes)	36bdd74fb1ca,587f156bdf05
refs/remotes/origin/lead/deploythreat	1a22aedac64552deac17a61eb73d1a550fc74f66	3	0	0	ancestry differs; review required	solo/deploy: NML_DEPLOY_THREAT_PRESET — the term follows the slot's arena preset (paired A/B on both seat orders without the seat confound)	1a22aedac645,9bca19717a86,be0323f598ac
refs/remotes/origin/lead/dtgate	4f0bba483ea5469b813efecc87bfd3dc5136641d	2	0	0	ancestry differs; review required	solo/deploy: NML_DEPLOY_THREAT_PRESET gates on the slot's configured difficulty (set_difficulty / grade_name), not NML_AI_P<slot>	4f0bba483ea5,f7bc550f7688
refs/remotes/origin/lead/goldenrefresh	75d7dee9503e2839979ed0938bef2008302b5efd	3	0	0	ancestry differs; review required	core-py: the parity receipt test and generator read the frozen base leaves (parity_base_standin-v2x2.json)	75d7dee9503e,77e3bb8b4cf0,ecdc66bb41b8
refs/remotes/origin/lead/menuholders	d432fce002ca0ddfbb9308a9b34f7699a2de3a88	3	1	0	ancestry differs; review required	Merge remote-tracking branch 'origin/main' into lead/menuholders	07fa51f81dab,50cbe9447fe3,a3d3d230a7a6
refs/remotes/origin/lead/menuholders2	c68a81c041a1ea5ad459370ababf52bfd36476b8	2	0	0	ancestry differs; review required	core/menu: menu_holders offers the marker holder AND the un-activated best as separate proposals (dedupe), mirroring the table	c68a81c041a1,c9f789f24fd9
refs/remotes/origin/lead/menuknobs	245362621b7698f5b98f90e5f0716feeff7182ac	2	0	0	ancestry differs; review required	solo/planner: menu_holders offers the marker holder AND the un-activated best as separate proposals; the core header carries menu_holders / menu_wide	245362621b76,b7636cb83b6c
refs/remotes/origin/lead/menutargets	8ffecf3ade297e0b77fe2e3e93eb2bd2c88d447e	3	0	0	ancestry differs; review required	solo/planner: name the switch menu_holders — the core already has an unrelated menu_targets knob (W1 reachable-charge leg)	8ffecf3ade29,ac678d4de3b1,ff32c6be0162
refs/remotes/origin/lead/menuwide-default	67b7fccefedee8a81e3acd58bf18e6ffd120b114	3	0	0	ancestry differs; review required	test: the header pins menu_wide to the shipped default; the arena test restores the switch	23b9d23841d1,67b7fccefede,df2505003ae9
refs/remotes/origin/lead/menuwide-table	d5e3fc4ba3386ea46ad7f4f471d8ef4444d44350	2	0	0	ancestry differs; review required	solo/planner: ADVANCE+shoot as a LIVE menu leg behind menu_wide (NML_MENU_WIDE), mirrored from the core's advance_shoots	d5e3fc4ba338,e9e80b821b84
refs/remotes/origin/lead/move-seam-default	5396c7798f6a44d2830807bda69c66019ed2e2ba	1	0	1	all non-merge patches equivalent; merge content not assessed	solo: movement planning through the Rust core by default in release builds (move seam on)	5396c7798f6a
refs/remotes/origin/lead/release-notes-ai	876f4767dee079610ff43c870074f25a2a536929	1	0	1	all non-merge patches equivalent; merge content not assessed	docs: CHANGELOG entry for the core movement planner default; ARCHITECTURE and DEV_BRAIN_BRIDGE describe the shipped AI path	876f4767dee0
refs/remotes/origin/lead/runproof	6c39c9884c85cc2a65ea51beec11e86bf5a49dbe	2	0	0	ancestry differs; review required	arena: search_knobs records the effective A/B switches (menu_holders, menu_wide, deploy threat) — a result file proves its own arm	6c39c9884c85,f4a78ffe0505
refs/remotes/origin/lead/shadowmenu	122338c5163a1efaa89a5c8453b9a735c811f249	2	0	0	ancestry differs; review required	solo/core-seam: SHADOW MENU — a second core node with the menu knobs from NML_SHADOW_MENU plans the same activation; first divergence per side recorded	122338c5163a,93d541e66a1d
refs/remotes/origin/lead/ship-brain-bytes	3d261568c991ca335ebe2a8e8e04316d3cd12f09	1	0	1	all non-merge patches equivalent; merge content not assessed	core-godot: shipped brain as bytes (set_brain_onnx) and a LOUD decline when the root has no rules or vocab	3d261568c991
refs/remotes/origin/lead/ship-core-assets	4305fbcb9a406db67250aa0275b972ea4369bc9d	1	0	1	all non-merge patches equivalent; merge content not assessed	solo/core: stage the core's rule files and the shipped brain out of the PCK (CoreAssets)	4305fbcb9a40
refs/remotes/origin/lead/ship-wiring	c063eefa8f437e5417a57ee946977929b0b68513	1	0	1	all non-merge patches equivalent; merge content not assessed	solo: NACHTMAHR runs on the search planner with the packed net when the core and its brain are up (ship wiring)	c063eefa8f43
refs/remotes/origin/m0-dice-rng	1ff73c43294698b8b0a1fc581aa1d37c46ca6378	40	0	0	ancestry differs; review required	fix(dice): the tray rolls from its own RNG — cosmetics can no longer shift a seeded game's dice (NML-1076)	0dd4dced67c0,0fffe54c056f,12ae8912432f,1b980115b8f2,1ff73c432946,24e3813f27d0,279f01505f8c,30fd1d02eb72,35d00d7d0a29,364955df251f,37c7d033249c,45e4d8c85209,4dab71cef122,501b6662de72,55705136352b,560b4aa388cf,6dea668cf69e,6ea229c8991f,6ef6eb6f4313,740e6e5a495c,754e8e642d27,7de529a6b2b7,8874d6ac8752,8bde4dcb4047,8c6ce35475df,9a133eac2b3d,a8e0f3dd0d9e,aabe6e7332cc,afced0f96ce5,c15eba9db12e,c220913c741e,c9003a078d2f,d7316025c6f4,dabd1da70b00,db593e7ef12e,df74ebb992bd,e58b9c40c889,e6f88f667b13,f338e0961aa9,fa72aafd7ed1
refs/remotes/origin/m0-dice-rng-tests	549961529c31d0890982f7406392801f7674771c	41	0	0	ancestry differs; review required	test(e2e): dice-pinned volley fixtures seed the tray RNG and re-pick their seeds after NML-1076	0dd4dced67c0,0fffe54c056f,12ae8912432f,1b980115b8f2,1ff73c432946,24e3813f27d0,279f01505f8c,30fd1d02eb72,35d00d7d0a29,364955df251f,37c7d033249c,45e4d8c85209,4dab71cef122,501b6662de72,549961529c31,55705136352b,560b4aa388cf,6dea668cf69e,6ea229c8991f,6ef6eb6f4313,740e6e5a495c,754e8e642d27,7de529a6b2b7,8874d6ac8752,8bde4dcb4047,8c6ce35475df,9a133eac2b3d,a8e0f3dd0d9e,aabe6e7332cc,afced0f96ce5,c15eba9db12e,c220913c741e,c9003a078d2f,d7316025c6f4,dabd1da70b00,db593e7ef12e,df74ebb992bd,e58b9c40c889,e6f88f667b13,f338e0961aa9,fa72aafd7ed1
refs/remotes/origin/m0-digest-y	ea8e9836005eb47c2ae23865a3c2c4cbf1ddfd13	45	0	0	ancestry differs; review required	feat(trace): the state digest sees model height — a 2 mm drop-animation drift is no longer invisible (NML-1073 M0-3b)	0dd2beb29ec9,0dd4dced67c0,0fffe54c056f,12ae8912432f,1b980115b8f2,24e3813f27d0,279f01505f8c,30fd1d02eb72,35d00d7d0a29,364955df251f,37c7d033249c,45e4d8c85209,4dab71cef122,501b6662de72,55705136352b,560b4aa388cf,62ce35187383,63323660ecb4,6dea668cf69e,6ea229c8991f,6ef6eb6f4313,740e6e5a495c,754e8e642d27,7de529a6b2b7,8874d6ac8752,8bde4dcb4047,8c6ce35475df,959105575cde,9a133eac2b3d,a8e0f3dd0d9e,a95c3a440d53,aabe6e7332cc,afced0f96ce5,c15eba9db12e,c220913c741e,c9003a078d2f,d7316025c6f4,dabd1da70b00,db593e7ef12e,df74ebb992bd,e58b9c40c889,e6f88f667b13,ea8e9836005e,f338e0961aa9,fa72aafd7ed1
refs/remotes/origin/m0-recorder	fa72aafd7ed1df1c835aa9f0e7b78cc97c280c5a	38	0	0	ancestry differs; review required	feat(trace): dice tap — every tray roll becomes a decision record (NML-1073 M0-1)	0dd4dced67c0,0fffe54c056f,1b980115b8f2,24e3813f27d0,279f01505f8c,30fd1d02eb72,35d00d7d0a29,364955df251f,37c7d033249c,45e4d8c85209,4dab71cef122,501b6662de72,55705136352b,560b4aa388cf,6dea668cf69e,6ea229c8991f,6ef6eb6f4313,740e6e5a495c,754e8e642d27,7de529a6b2b7,8874d6ac8752,8bde4dcb4047,8c6ce35475df,9a133eac2b3d,a8e0f3dd0d9e,aabe6e7332cc,afced0f96ce5,c15eba9db12e,c220913c741e,c9003a078d2f,d7316025c6f4,dabd1da70b00,db593e7ef12e,df74ebb992bd,e58b9c40c889,e6f88f667b13,f338e0961aa9,fa72aafd7ed1
refs/remotes/origin/m0-recorder-rng	12ae8912432f4dfb895d690456822e4546980817	39	0	0	ancestry differs; review required	feat(trace): rng tap — every referee draw becomes a decision record (NML-1073 M0-2)	0dd4dced67c0,0fffe54c056f,12ae8912432f,1b980115b8f2,24e3813f27d0,279f01505f8c,30fd1d02eb72,35d00d7d0a29,364955df251f,37c7d033249c,45e4d8c85209,4dab71cef122,501b6662de72,55705136352b,560b4aa388cf,6dea668cf69e,6ea229c8991f,6ef6eb6f4313,740e6e5a495c,754e8e642d27,7de529a6b2b7,8874d6ac8752,8bde4dcb4047,8c6ce35475df,9a133eac2b3d,a8e0f3dd0d9e,aabe6e7332cc,afced0f96ce5,c15eba9db12e,c220913c741e,c9003a078d2f,d7316025c6f4,dabd1da70b00,db593e7ef12e,df74ebb992bd,e58b9c40c889,e6f88f667b13,f338e0961aa9,fa72aafd7ed1
refs/remotes/origin/m0-recorder-verify	290759ce595eb0e8b469b4fde958c18f96064586	39	0	0	ancestry differs; review required	fix(arena): a fresh user:// replays the same dice as a warm one (NML-1073 M0-0b)	0dd4dced67c0,0fffe54c056f,1b980115b8f2,24e3813f27d0,279f01505f8c,290759ce595e,30fd1d02eb72,35d00d7d0a29,364955df251f,37c7d033249c,45e4d8c85209,4dab71cef122,501b6662de72,55705136352b,560b4aa388cf,6dea668cf69e,6ea229c8991f,6ef6eb6f4313,740e6e5a495c,754e8e642d27,7de529a6b2b7,8874d6ac8752,8bde4dcb4047,8c6ce35475df,9a133eac2b3d,a8e0f3dd0d9e,aabe6e7332cc,afced0f96ce5,c15eba9db12e,c220913c741e,c9003a078d2f,d7316025c6f4,dabd1da70b00,db593e7ef12e,df74ebb992bd,e58b9c40c889,e6f88f667b13,f338e0961aa9,fa72aafd7ed1
refs/remotes/origin/main	facede8984b3068b81d37fed17c831e7591eecc2	0	0	0	ancestor of baseline	fix(terrain): a deleted free piece leaves the rules and the ground until undone (#1509)	-
refs/remotes/origin/mapbuild/a0	557f20f09d6c1d30f7f9ec24fd56842f0a220027	1	1	1	all non-merge patches equivalent; merge content not assessed	Merge branch 'main' into mapbuild/a0	34c04062ef22
refs/remotes/origin/mapbuild/a1	488086be5395c8355470e5473cae5a6449219a73	2	1	2	all non-merge patches equivalent; merge content not assessed	Merge branch 'main' into mapbuild/a1	34c04062ef22,d56416ddc569
refs/remotes/origin/mapbuild/a10	ea452fad875d2af83258d2272dd9990b7c8c1523	2	1	0	ancestry differs; review required	Merge branch 'main' into mapbuild/a10	73742d6115c9,8ac2e9482ab4
refs/remotes/origin/mapbuild/a11	17007717c9c599df7b9c88e0d519db54a31fd60b	1	1	1	all non-merge patches equivalent; merge content not assessed	Merge branch 'main' into mapbuild/a11	a7ced818ef20
refs/remotes/origin/mapbuild/a12	8ec60886b24f865135d80b8d58768209d7b96b54	2	0	0	ancestry differs; review required	fix(ui): dock the terrain shelf right of the left panel so it never covers Terrain Mode / Clear Table	30dc16adaa70,8ec60886b24f
refs/remotes/origin/mapbuild/a13	a6c3ae6921a8e08c0d6195c245de13c2dc8221ec	1	1	1	all non-merge patches equivalent; merge content not assessed	Merge branch 'main' into mapbuild/a13	0e36898fca9a
refs/remotes/origin/mapbuild/a2	34c529a6e0cae6576f5a34488d88e0330a8dd494	3	1	3	all non-merge patches equivalent; merge content not assessed	Merge branch 'main' into mapbuild/a2	34c04062ef22,d56416ddc569,dcd6b98c0b37
refs/remotes/origin/mapbuild/a3	f3fc2fd159b27e9509b863c03c33fad130e93860	1	0	1	all non-merge patches equivalent; merge content not assessed	ui(map editor): A3 tabs become a segment button row	f3fc2fd159b2
refs/remotes/origin/mapbuild/a4	99c2e62e19269e0f153d16f4925ea621fe4d8fbf	1	0	1	all non-merge patches equivalent; merge content not assessed	ui(map editor): A4 terrain tab part 1: type segments, mode/piece/wall rows	99c2e62e1926
refs/remotes/origin/mapbuild/a5	a09fcec63092fcd300610856c725dbc4dc14d33c	1	0	1	all non-merge patches equivalent; merge content not assessed	ui(map editor): A5 terrain tab part 2: undo/redo, autogen, rotation slider	a09fcec63092
refs/remotes/origin/mapbuild/a6	41a724737bbae0fa04cae3e2a4f5fb082609b6d4	1	1	1	all non-merge patches equivalent; merge content not assessed	Merge branch 'main' into mapbuild/a6	c9d83bb13b53
refs/remotes/origin/mapbuild/a7	50f4bd5fdfcb15f793d88291e3541a7f2968bcf5	1	1	1	all non-merge patches equivalent; merge content not assessed	Merge branch 'main' into mapbuild/a7	9b4fac107f97
refs/remotes/origin/mapbuild/a8	6e74243e985d68d2d09251096db6fbc130985cd2	2	0	0	ancestry differs; review required	test: A8 tab lookup works with either node name	11fff6d7b872,6e74243e985d
refs/remotes/origin/mapbuild/a9	0f16b5c39e2ef3e333e72eaf8e8a88effe2e2025	1	1	1	all non-merge patches equivalent; merge content not assessed	Merge branch 'main' into mapbuild/a9	d957099a02cc
refs/remotes/origin/mapbuild/f1	48056e6f131b89234043d6d56e4606cc5960a897	1	1	1	all non-merge patches equivalent; merge content not assessed	Merge branch 'main' into mapbuild/f1	17a0af0da673
refs/remotes/origin/mapbuild/f2	9d197feb86eb0449bd5bfead9e9c74a12b145c42	1	1	1	all non-merge patches equivalent; merge content not assessed	Merge branch 'main' into mapbuild/f2	c1cf6821aee4
refs/remotes/origin/mapbuild/f3	4839734c59eb0a9ab8f5240b7e1b17ecc0203e2b	1	1	1	all non-merge patches equivalent; merge content not assessed	Merge branch 'main' into mapbuild/f3	5ab6592a3412
refs/remotes/origin/mapbuild/f4	e1f143e953faa5525c5612482267d58e16473009	1	1	1	all non-merge patches equivalent; merge content not assessed	Merge branch 'main' into mapbuild/f4	750da1352206
refs/remotes/origin/mapbuild/f5	09e3d0136ed2fd7935efb4551c51bd04537d8280	1	1	1	all non-merge patches equivalent; merge content not assessed	Merge branch 'main' into mapbuild/f5	dbfee7c7cba3
refs/remotes/origin/mapbuild/f6	dc928dea6a89de56a999c23a30fe57281307084d	1	1	1	all non-merge patches equivalent; merge content not assessed	Merge branch 'main' into mapbuild/f6	509567ea686b
refs/remotes/origin/mapbuild/f7	b09d565004bf798dfe2fb782c00d21a1c6f7d5d3	1	1	1	all non-merge patches equivalent; merge content not assessed	Merge branch 'main' into mapbuild/f7	a19d46ad5b69
refs/remotes/origin/mapbuild/r1	588d963e31118253a6c6a88fd75e828a4ce76fc3	3	1	0	ancestry differs; review required	Merge branch 'main' into mapbuild/r1	07bf5eb8435a,5021cd047fa3,6e0d8164abdb
refs/remotes/origin/mapbuild/r12	298752df358d46a327a87a349cec36b327c75304	1	1	1	all non-merge patches equivalent; merge content not assessed	Merge branch 'main' into mapbuild/r12	bf46bddd5d3d
refs/remotes/origin/mapbuild/r2	51ee05e89439472f25f0b12edcbba5f2b361d317	1	0	1	all non-merge patches equivalent; merge content not assessed	ui(map editor): R2 hint line under the mode, wheel always zooms	51ee05e89439
refs/remotes/origin/mapbuild/r3	a61638f60acaf2e761a7e714e0a2decdfb7d31df	1	0	1	all non-merge patches equivalent; merge content not assessed	ui(map editor): R3 Clear terrain asks first and says what it clears	a61638f60aca
refs/remotes/origin/mapbuild/r4	3c8367bfac673e8e28cffc72ca4dc7a9e09d4239	1	1	1	all non-merge patches equivalent; merge content not assessed	Merge branch 'main' into mapbuild/r4	b6daf28b2fbe
refs/remotes/origin/mapbuild/r5	157b3fccb577c0826a2cc6a7ef80419ccb51c1e6	1	1	0	ancestry differs; review required	Merge branch 'main' into mapbuild/r5	6f048d946e7a
refs/remotes/origin/mapbuild/r6	a817d95639f7e1a52d69dcbab5b1de3c16960981	1	1	1	all non-merge patches equivalent; merge content not assessed	Merge branch 'main' into mapbuild/r6	1d29026cf2ac
refs/remotes/origin/mapbuild/r7	16e4c45e80d9981224a2bacf0f02a717db9f4a96	1	0	1	all non-merge patches equivalent; merge content not assessed	ui(map editor): R7 table-size change says what it cleared and is undoable	16e4c45e80d9
refs/remotes/origin/measure/table-debuff-ev	ad3ee618a8f88ae144154b395140565b52cd5122	1	0	0	ancestry differs; review required	measure: gdUnit suite printing the table's debuff EV per shape (no asserts, shard stays green)	ad3ee618a8f8
refs/remotes/origin/mirrorsync/rule6-recorder-epoch	f6fb0c99eb475c23beaa646281dfa5cb5bd778d3	3	0	0	ancestry differs; review required	Recorder mirror: 33, not 32 — #946 (Re-Deployment, epoch 33) landed while this PR was in CI	21914cc666a5,c8b18a58a324,f6fb0c99eb47
refs/remotes/origin/misc/privacy-example-version	51b5b006c724202dbf998f572350475bf0403099	1	0	1	all non-merge patches equivalent; merge content not assessed	fix(privacy): the shown example record carries application/config/version	51b5b006c724
refs/remotes/origin/missionplay-eval-variant-3	3da7bbda5128d3fef44dabb5f3189aa9682c6ce4	1	0	1	all non-merge patches equivalent; merge content not assessed	feat(core): eval_variant 3 = the round_vp currency in the hand leaf (mission-play step 2)	3da7bbda5128
refs/remotes/origin/missions-c1-carry-step	7bb033d04c544f7c7b808e4b07355e069a065c5e	1	0	1	all non-merge patches equivalent; merge content not assessed	feat(missions): the carry step for Relic Hunt / Capture & Hold's referee (wave C step C1, D78 a)	7bb033d04c54
refs/remotes/origin/missions-c2-live-pickup-pr	df4035c762d2844299a210f1d1b23bc09581188e	1	1	1	all non-merge patches equivalent; merge content not assessed	Merge branch 'main' into missions-c2-live-pickup-pr	4112e86c1512
refs/remotes/origin/missions-c3a-pr	9ee8bc755338b909766788016843a4d0334dfb4c	1	0	1	all non-merge patches equivalent; merge content not assessed	feat(missions): deterministic relic drop point (wave C step C3a)	9ee8bc755338
refs/remotes/origin/missions-c3b-pr	b5786612e168da9e95c52f5e707d1c3f6645abf4	1	0	1	all non-merge patches equivalent; merge content not assessed	feat(missions): human relic drop placement (wave C step C3b)	b5786612e168
refs/remotes/origin/missions-c4-pr	33dedae344093eefd9ec1dfa7eb9df068efc5093	1	0	1	all non-merge patches equivalent; merge content not assessed	feat(missions): rebind carried relics after load (wave C step C4)	33dedae34409
refs/remotes/origin/missions-c5a-pr	6111e9f099f804d72afa8ec3e5bab5e5e0b6bab9	2	0	0	ancestry differs; review required	Fix carry step Clippy range loop	0f931e4ae32d,6111e9f099f8
refs/remotes/origin/missions-c5b-c6-pr	ae3db05658548280c55ad6be9cf48e880aa6058e	2	0	0	ancestry differs; review required	Expose relic carry to Python selfplay	7947b2118a72,ae3db0565854
refs/remotes/origin/missions-c7-pr	dd90e71cd205baf3235b99614134a44daa6416c0	1	0	1	all non-merge patches equivalent; merge content not assessed	Price carried relics by carrier survival	dd90e71cd205
refs/remotes/origin/missions-c8-carry-catalog-pr	ca2bda408f456fc5da425e7d529809ef25cabf49	1	1	1	all non-merge patches equivalent; merge content not assessed	Merge branch 'main' into missions-c8-carry-catalog-pr	7971e3ebd69f
refs/remotes/origin/missions-c9-1-live-seize	4a56930a382e3048ceae6c9215ada02407dfc786	1	1	1	all non-merge patches equivalent; merge content not assessed	Merge branch 'main' into missions-c9-1-live-seize	6c567b6bf9fe
refs/remotes/origin/missions-c9-2-round-record	bb8749e065eda4370a77a9728efa3311ac9022ff	1	1	1	all non-merge patches equivalent; merge content not assessed	Merge branch 'main' into missions-c9-2-round-record	e66eeb9a3cc0
refs/remotes/origin/missions-c9-3-carrier-key	635e736e91d1b2877c5c9df8e7be96656c1d229a	1	0	1	all non-merge patches equivalent; merge content not assessed	fix(core): read the table's relic carrier key in the JSON reader (wave C gate C9.3)	635e736e91d1
refs/remotes/origin/missions-c9-4-round-end	576dd506bfe8642e7532fa87574e6f232970c379	2	1	2	all non-merge patches equivalent; merge content not assessed	Merge branch 'main' into missions-c9-4-round-end	3c2613945f35,635e736e91d1
refs/remotes/origin/missions-c9-5-referee-gate	c82ad7c82b114d15f2cd92844c61349b0e181983	3	1	3	all non-merge patches equivalent; merge content not assessed	Merge branch 'main' into missions-c9-5-referee-gate	122a6a841b20,3c2613945f35,635e736e91d1
refs/remotes/origin/missions-c9-6-outcome-door	ad4c391a2a5bf3ea3a43283307d82f0aab870bc3	3	1	3	all non-merge patches equivalent; merge content not assessed	Merge branch 'main' into missions-c9-6-outcome-door	3c2613945f35,635e736e91d1,b55558916c50
refs/remotes/origin/missions-c9-9-ab-mission-door	d681e52f118c1c4437fef8d792a6d2851703568f	1	1	1	all non-merge patches equivalent; merge content not assessed	Merge branch 'main' into missions-c9-9-ab-mission-door	f9cc5cd7dd3c
refs/remotes/origin/missions-d1-rounds-from-catalog	f3412b1074de481a9668a4894131ddf6bf102b69	1	1	1	all non-merge patches equivalent; merge content not assessed	Merge branch 'main' into missions-d1-rounds-from-catalog	2c0b3935d0eb
refs/remotes/origin/missions-d10a	2a4b2634fb2619d953a4b5e156c89fe65da9da5e	1	1	1	all non-merge patches equivalent; merge content not assessed	Merge branch 'main' into missions-d10a	cc2446c60ec5
refs/remotes/origin/missions-d10b	730f7c21f948459e06b629946a9849ed2ecb4b83	1	1	1	all non-merge patches equivalent; merge content not assessed	Merge branch 'main' into missions-d10b	ec3983f3f0fc
refs/remotes/origin/missions-d11a-recycle-b	f0ed5c0acb22f3c59ed8a1380bf0175af5c4e5f1	1	1	1	all non-merge patches equivalent; merge content not assessed	Merge branch 'main' into missions-d11a-recycle-b	716a8bb3393a
refs/remotes/origin/missions-d11b-recycle-core-b	3f91663455b6451423e02cd0229e63536b1cf32f	1	1	1	all non-merge patches equivalent; merge content not assessed	Merge branch 'main' into missions-d11b-recycle-core-b	10d461106835
refs/remotes/origin/missions-d12a	8e8eb354cbbdab68d94395a451595df51d2e6e69	1	1	1	all non-merge patches equivalent; merge content not assessed	Merge branch 'main' into missions-d12a	48d19f3444ee
refs/remotes/origin/missions-d12a2	56214380d1bd5b7336f308d8fe388e032f825ec0	1	1	1	all non-merge patches equivalent; merge content not assessed	Merge branch 'main' into missions-d12a2	e5cce6978d08
refs/remotes/origin/missions-d12b	1822248057ca638144780cb98bed457e40a1e0ee	2	0	0	ancestry differs; review required	missions(D12b): name the reveal return type (clippy type_complexity gate)	1822248057ca,9bd6a6cc5f46
refs/remotes/origin/missions-d12c	578651459e77a5819c80684e95cc6aaa1fab0f00	1	1	1	all non-merge patches equivalent; merge content not assessed	Merge branch 'main' into missions-d12c	cb58fe02e7cf
refs/remotes/origin/missions-d12c2	e8b196bc3fe84ed28fe6ab5f7a518b7838b28827	1	0	1	all non-merge patches equivalent; merge content not assessed	missions(D12c-2): the eval prices fogged markers at 1/n relic and 1/n trap	e8b196bc3fe8
refs/remotes/origin/missions-d13	0535d139aa2d95f759fc4c53dce40bfed8634bfd	1	1	1	all non-merge patches equivalent; merge content not assessed	Merge branch 'main' into missions-d13	316136311a10
refs/remotes/origin/missions-d13b-gd	04172962fb5623547fd34139268da77aaf6aef15	1	1	1	all non-merge patches equivalent; merge content not assessed	Merge branch 'main' into missions-d13b-gd	c9730847f88c
refs/remotes/origin/missions-d14-0	ac77130e27c5b1b6ff46a28361334716d7132705	1	1	1	all non-merge patches equivalent; merge content not assessed	Merge branch 'main' into missions-d14-0	aef261bd2090
refs/remotes/origin/missions-d14-1-raid-b	d2f53ab2ecafc5518836faa8813ac1e20932bf9e	1	0	1	all non-merge patches equivalent; merge content not assessed	missions(D14.1): The Raid joins the catalog	d2f53ab2ecaf
refs/remotes/origin/missions-d14-2a-own-zone-b	7c6a26cb0fd7ff32c951e95b121be291cef036d2	1	1	1	all non-merge patches equivalent; merge content not assessed	Merge branch 'main' into missions-d14-2a-own-zone-b	67bee94d3b4a
refs/remotes/origin/missions-d14-2b-own-seam-b	1a58196d9908a69aaa370e7be6f33ea2a1254aab	1	0	1	all non-merge patches equivalent; merge content not assessed	"missions(D14.2b): the phase zone ""own"" through the Python seam"	1a58196d9908
refs/remotes/origin/missions-d14-2c-ambush-b	205f05905f4caee26d26082e268ebb6a7aa2aa2c	1	0	1	all non-merge patches equivalent; merge content not assessed	missions(D14.2c): Ambush joins the catalog	205f05905f4c
refs/remotes/origin/missions-d14-3-last-stand	788dc77877e91d50c00f25846f5346f4c4aa09cc	1	1	1	all non-merge patches equivalent; merge content not assessed	Merge branch 'main' into missions-d14-3-last-stand	6106199abf4d
refs/remotes/origin/missions-d14-4	5de361dc3deb61f54dc8b21b898c744cd459eadd	1	0	1	all non-merge patches equivalent; merge content not assessed	missions(D14.4a): VIP Escort setup on the table - AI start rule, deploy_edge, runtime disc zone	5de361dc3deb
refs/remotes/origin/missions-d14-4b	679f11d3d05e01689d177f25692e6e78bd2f25cd	1	1	1	all non-merge patches equivalent; merge content not assessed	Merge branch 'main' into missions-d14-4b	db72ba91b068
refs/remotes/origin/missions-d14-4c	0ecc4c0257d4bff16a71111f3c131b0d90aae82a	1	1	1	all non-merge patches equivalent; merge content not assessed	Merge branch 'main' into missions-d14-4c	349e6d7c4557
refs/remotes/origin/missions-d14-5a-drop-in-b	f43ea44c944e0416030da239358029598432fe18	1	0	1	all non-merge patches equivalent; merge content not assessed	missions(D14.5a): a marker carries its own drop distance in the core	f43ea44c944e
refs/remotes/origin/missions-d14-5b-drop-table-b	6a64d2f55ee3dcf5abf28570ddf9a4a22b646659	1	0	1	all non-merge patches equivalent; merge content not assessed	missions(D14.5b): a marker drops at its own distance on the table	6a64d2f55ee3
refs/remotes/origin/missions-d14-5c-drop-seam-b	2828ba9f7f468e8f54b748d5b25e036aa68bcdf3	1	0	1	all non-merge patches equivalent; merge content not assessed	missions(D14.5c): a carry markers drop distance through the Python seam	2828ba9f7f46
refs/remotes/origin/missions-d14-5d-carry-only-b	734cd8e46aaae133d31b1018e9e4064844833ac0	1	1	1	all non-merge patches equivalent; merge content not assessed	Merge branch 'main' into missions-d14-5d-carry-only-b	d028b3ab51ca
refs/remotes/origin/missions-d14-5e-rescue-b	d1f095b0e76713e7aadaeb0f97e9608311ac6034	1	0	1	all non-merge patches equivalent; merge content not assessed	missions(D14.5e): The Rescue joins the catalog (+ the pre-game finish skips set-aside units)	d1f095b0e767
refs/remotes/origin/missions-d14-6	7531f6c3ca9d33f261594bb0f8b18b8b8e871521	2	1	0	ancestry differs; review required	Merge branch 'main' into missions-d14-6	99356ac25eab,c286a9c9881e
refs/remotes/origin/missions-d2a-roles-b	38e6b280cb2bd6dd77d33d465d121f425184fae1	1	1	1	all non-merge patches equivalent; merge content not assessed	Merge branch 'main' into missions-d2a-roles-b	82c713d57749
refs/remotes/origin/missions-d2b-roles-core-b	44d693468582c8e91680a0a94b60512b867f50a7	1	2	1	all non-merge patches equivalent; merge content not assessed	Merge branch 'main' into missions-d2b-roles-core-b	1845db7c462d
refs/remotes/origin/missions-d3-points-b	5eb3de155c36680163084bd890068cee32882409	1	1	1	all non-merge patches equivalent; merge content not assessed	Merge branch 'main' into missions-d3-points-b	76bd8a424f05
refs/remotes/origin/missions-d4a-zones-b	ace88d7d43fb2d636bf532db109f8bd50a51c96e	1	1	1	all non-merge patches equivalent; merge content not assessed	Merge branch 'main' into missions-d4a-zones-b	f555b21f7f1f
refs/remotes/origin/missions-d4b-zones-b	4d13995c4cdfa28b0d98417aa79288b98fe8e538	2	2	0	ancestry differs; review required	Merge branch 'main' into missions-d4b-zones-b	0d40abd22694,1039a5bb06e4
refs/remotes/origin/missions-d5a-core	8b699f98ef5af3fba06d1744b2e49b328d9a0dac	1	1	1	all non-merge patches equivalent; merge content not assessed	Merge branch 'main' into missions-d5a-core	723d80cfabb3
refs/remotes/origin/missions-d5b-seam	2a2edc32c9377703723217abf3c2db0ccc588a63	1	1	1	all non-merge patches equivalent; merge content not assessed	Merge branch 'main' into missions-d5b-seam	82304ea6d76a
refs/remotes/origin/missions-d5c-table	d233af13340ffaad243090eabc56e82229642cfa	1	1	1	all non-merge patches equivalent; merge content not assessed	Merge branch 'main' into missions-d5c-table	c50cb118f972
refs/remotes/origin/missions-d6a-gates-b	edea74f5e86b0f5683d21dba245f9446c12737bf	1	1	1	all non-merge patches equivalent; merge content not assessed	Merge branch 'main' into missions-d6a-gates-b	4ee37d2b6c37
refs/remotes/origin/missions-d6b-gates-core-b	f081e0485b2e014b5b2c303958297f1b812ac6d1	1	1	1	all non-merge patches equivalent; merge content not assessed	Merge branch 'main' into missions-d6b-gates-core-b	91af70febead
refs/remotes/origin/missions-d6c-seam	d84fba76eb65771fdd1cbbaa16243e09cf5f0080	1	1	1	all non-merge patches equivalent; merge content not assessed	Merge branch 'main' into missions-d6c-seam	fa450b3f6365
refs/remotes/origin/missions-d7a1-phase-ctrl	b31f74c3487b397fc657590da8689220b4f6548e	1	1	1	all non-merge patches equivalent; merge content not assessed	Merge branch 'main' into missions-d7a1-phase-ctrl	671bfe1c9d18
refs/remotes/origin/missions-d7a2-phase-flow-b	e9b093fe5f1dca80c72fa41c783119e448098356	1	1	1	all non-merge patches equivalent; merge content not assessed	Merge branch 'main' into missions-d7a2-phase-flow-b	6f17bea01c2a
refs/remotes/origin/missions-d7b-phases-core-b	5924998856b2f4f59cc3306cdec7e23912667455	1	1	1	all non-merge patches equivalent; merge content not assessed	Merge branch 'main' into missions-d7b-phases-core-b	781c48b6381d
refs/remotes/origin/missions-d7c-phases-seam-b	43c4e4a510672943f730882f6c23aee9a7eeda4b	1	1	1	all non-merge patches equivalent; merge content not assessed	Merge branch 'main' into missions-d7c-phases-seam-b	4a42c5a7643e
refs/remotes/origin/missions-d7d1-phase-gates-b	7c6a38e408740f401a74854b9f57f2c2f4aee7d9	1	1	1	all non-merge patches equivalent; merge content not assessed	Merge branch 'main' into missions-d7d1-phase-gates-b	40e9ea6796d6
refs/remotes/origin/missions-d7d2-core-b	c10b29a8b2a4c01c7f96bb1b677ddbecc1ac8c0c	1	1	1	all non-merge patches equivalent; merge content not assessed	Merge branch 'main' into missions-d7d2-core-b	1ac6ffe15ab0
refs/remotes/origin/missions-d7d3-seam-b	b294f11fee98ceb2520bed402e025e27f66f9232	1	1	1	all non-merge patches equivalent; merge content not assessed	Merge branch 'main' into missions-d7d3-seam-b	6b0c585496c8
refs/remotes/origin/missions-d8a1-reserve-ctrl	8b47a322abad3311a00fa5f297e5ac4d12a8e267	1	1	1	all non-merge patches equivalent; merge content not assessed	Merge branch 'main' into missions-d8a1-reserve-ctrl	f625d6f4ccac
refs/remotes/origin/missions-d8a2-reserve-place-b	bec0c35ac5ef722c29baf6586ab7fc1c1b3539c4	1	0	1	all non-merge patches equivalent; merge content not assessed	missions(D8a-2): mission reserves land in the zone clear of enemy and marker	bec0c35ac5ef
refs/remotes/origin/missions-d8a3-reserve-flow-b	593fe64622b87678a36a6b57b171025d6bcb9a80	1	1	1	all non-merge patches equivalent; merge content not assessed	Merge branch 'main' into missions-d8a3-reserve-flow-b	485b31bed4a5
refs/remotes/origin/missions-d8b1-reserves-core-b	69b44e5100f7a6af30bce12306b1ca1b51425986	1	1	1	all non-merge patches equivalent; merge content not assessed	Merge branch 'main' into missions-d8b1-reserves-core-b	7ecfe040b3ae
refs/remotes/origin/missions-d8b2-reserves-seam-b	ce1b5ecebff51b1cdf6a46cbd61c70b2beaa4274	1	1	1	all non-merge patches equivalent; merge content not assessed	Merge branch 'main' into missions-d8b2-reserves-seam-b	1b371bf55293
refs/remotes/origin/missions-d9-winners	3a75900f03ca2fe35a9bdeb5cfd63dcd48ddf77f	1	1	1	all non-merge patches equivalent; merge content not assessed	Merge branch 'main' into missions-d9-winners	5c82a1d29f19
refs/remotes/origin/missions-gab-eval-variant-2	084bfd8ea5beb0716e0c692ea3f136921386bd79	2	3	0	ancestry differs; review required	Merge branch 'main' into missions-gab-eval-variant-2	2aa34110cb3e,30d60e9e9fe8
refs/remotes/origin/missions-leak-arena	7b543d726472bf3158ff0b7b24cc367e367fb023	1	1	1	all non-merge patches equivalent; merge content not assessed	Merge branch 'main' into missions-leak-arena	16d2300c0b72
refs/remotes/origin/missions-sg-defender	db0dd5605c21eead51ac86c347a7d2dbda9110a2	3	0	0	ancestry differs; review required	test(missions): S&G sizing test runs the batch path (no pick UI for the human defender)	184ae591fcfa,75e35520d78b,db0dd5605c21
refs/remotes/origin/missions-vip-flow	b109fe4c45c6154a637f46660e420f6c68e5206f	2	1	0	ancestry differs; review required	Merge branch 'main' into missions-vip-flow	12551fefc555,db7fb208b848
refs/remotes/origin/missions-vip-pick	23f1546b3b9b81cb3b1488eb8dff7fa369c0f240	2	0	0	ancestry differs; review required	missions(D14.4d): the VIP band fill is a house-style const (the A9 draw test forbids Color literals)	23f1546b3b9b,62e2ff8871cc
refs/remotes/origin/missionship-vp-promotion	4b500a5eeea9dd976b847805347b701cdd35258c	1	1	1	all non-merge patches equivalent; merge content not assessed	Merge branch 'main' into missionship-vp-promotion	6c855ca4cf60
refs/remotes/origin/models-gf-machine-cults-folder-alias	2ca565b0b129eb8ab0b40658b5ad67ec76c96d8a	1	0	1	all non-merge patches equivalent; merge content not assessed	models(gf): Machine Cults resolve to the published machine_cult art	2ca565b0b129
refs/remotes/origin/models/saurian-ancient-palanquin	765bf99704d6e987e5c91a75da549a11aeda424e	1	1	1	changed files differ; may include obsolete versions	Merge branch 'main' into models/saurian-ancient-palanquin	c277ef25c16e
refs/remotes/origin/models/saurian-champion-mounts	547f45f87ff4ecca35e52a36b2fb8a5cf7fa6a99	1	1	1	changed files differ; may include obsolete versions	Merge branch 'main' into models/saurian-champion-mounts	e01769d69593
refs/remotes/origin/models/saurian-champion-vocab	1987ab4e7d462a57ce3510ae2d8ba023aac11f4c	3	1	0	changed files differ; may include obsolete versions	Merge branch 'main' into models/saurian-champion-vocab	1b57f052a2f1,30de49e0c7cc,fd900c6448c6
refs/remotes/origin/models/saurian-queztalcoatl	bf006f9298cce68afb52622775cc9fab6f846035	1	0	0	changed files differ; may include obsolete versions	models(saurians): map the Frog-Mage's Queztalcoatl mount to its composed-bake slug	bf006f9298cc
refs/remotes/origin/models/saurian-starseer-palanquin	e85ad00fb1c211513745810c35057449ec76cc69	1	1	1	changed files differ; may include obsolete versions	Merge branch 'main' into models/saurian-starseer-palanquin	9c2e5485b6d9
refs/remotes/origin/models/saurian-vocab	b3882ac38d8d4a39b5a1b9cfe1557d0524de30af	1	1	1	changed files differ; may include obsolete versions	Merge branch 'main' into models/saurian-vocab	2a108518a730
refs/remotes/origin/models/saurians-dread-pterodactyl-word	f1b15ea1be13b73d0d7630c92545c94b3a10e9e8	1	0	1	changed files match baseline; already integrated	models(saurians): map the Dread Titan's Dread Pterodactyl upgrade to its variant slug	f1b15ea1be13
refs/remotes/origin/models/vu-butcher-titan-base	29709baa94e995a946a9528a2d763cc401748557	2	1	0	changed files match baseline; already integrated	Merge branch 'main' into models/vu-butcher-titan-base	52f96dca8e3a,9f17eb3331b4
refs/remotes/origin/morale-rating-epoch39	db92d02b77359b05fc205afe3b3535358a3c584d	8	0	0	ancestry differs; review required	Morale rating: the python stamp test follows the bump to 39 after the rebase onto epoch 38	51ba5b05a30f,833e870a1ac0,bd8fbbfb79e2,db92d02b7735,dc9025571c7b,f44f3170c3ce,f8dfb27fc221,fc14258ac1fc
refs/remotes/origin/move-grants-fold	9636437bb296a25ea2deb926ba5cf74de4f0a1e6	3	0	0	ancestry differs; review required	fix(clippy): the fold's trace closure is Fn — drop the unused mut	35d063026ec4,547d51e334ad,9636437bb296
refs/remotes/origin/mp-gate-fatigue	1235b69869c5cbaf4ad8b8691548a8b4ebb80660	0	0	0	ancestor of baseline	feat(mp): fatigue clear also automated in multiplayer (gate removal)	-
refs/remotes/origin/mp-gate-growth	945825221f65ea4abc08618f75ebae98196cbfdb	0	0	0	ancestor of baseline	feat(mp): growth markers also automated in multiplayer (gate removal)	-
refs/remotes/origin/mp-gate-los	4de062bb235c1f4836ff7c3eea6e982602b8a4be	0	0	0	ancestor of baseline	feat(mp): LOS line also drawn for non-AI targets in multiplayer (gate removal)	-
refs/remotes/origin/mp-gate-spelltoken	033ff1d85a080fbc1c218790f6ccbe84e8536230	0	0	0	ancestor of baseline	feat(mp): spell-token expiry also automated in multiplayer (gate removal)	-
refs/remotes/origin/mp-gate-transport	04ce6baef9318d62bada38a24900d0b65e1612aa	0	0	0	ancestor of baseline	feat(mp): transport activation economy also automated in multiplayer (gate removal)	-
refs/remotes/origin/night1/mission-save	0c467f05ca5e503df93def48b63a7755e7996640	1	0	1	all non-merge patches equivalent; merge content not assessed	fix(save): a Solo game keeps its mission and scoring state through save and load (S1-15)	0c467f05ca5e
refs/remotes/origin/night1/utility-buffs-hvh	4e596b8777b979dc89cf16ab0728f1002659018d	1	0	1	all non-merge patches equivalent; merge content not assessed	fix(mp): the Utility-Buff givers work in a plain human-vs-human room (NML-939)	4e596b8777b9
refs/remotes/origin/nodeepoch	f00b831c47fb875b1c72e2dc3a63c8f6b42ac9b7	1	1	1	all non-merge patches equivalent; merge content not assessed	Merge branch 'main' into nodeepoch	c7f9499d176f
refs/remotes/origin/onnx-leaf-wiring	dfd25d0337e4c7a74c19e36fb5b6adb583406242	2	1	0	ancestry differs; review required	Merge remote-tracking branch 'origin/main' into onnx-leaf-wiring	c61624980f0c,e8174fbf9e0a
refs/remotes/origin/param-census-tool	bc4c3eb86e3b0662dc01eb243d9d3aa6dcb8683b	2	0	0	ancestry differs; review required	tool: param census - list every registry param with no production reader	832b2c740db0,bc4c3eb86e3b
refs/remotes/origin/parity-frame-026-push-order	246bec456aa6cfb0812a297808a17abf974521da	0	0	0	ancestor of baseline	fix(core): close recorded-026 — the pull and the caps in the table's world frame	-
refs/remotes/origin/parity-frame-3-design	21a473f823848b6eb226b13b2bc9b814e4127a8d	1	0	0	ancestry differs; review required	docs(plans): PARITY-FRAME PR 3 design note -- the overlap push in the table's world frame	21a473f82384
refs/remotes/origin/parity-frame-3-overlap-push	866f0c13f21273140c133456dd6bbc284d1f4491	2	0	0	ancestry differs; review required	feat(core): parity-frame 3/7 -- overlap push in the table float32 world frame (B1 inner solver)	866f0c13f212,a288af85886f
refs/remotes/origin/parity-frame-5-collapse-ladder	f1ea8b6ea694277e90dddefc02a2709e24bd2620	1	0	0	ancestry differs; review required	test(core): pin recorded-037's collapse-ladder rung on the table (RED) + PR 5 design note	f1ea8b6ea694
refs/remotes/origin/perf/menu-tree-parse-worker	4b232c6a3c2c21ddf19b05cec6ab11c84151c26e	1	0	1	all non-merge patches equivalent; merge content not assessed	perf(menu): the menu's tree GLBs parse on the worker pool, billboards stand in until they are ready	4b232c6a3c2c
refs/remotes/origin/phasesummary	e16f2866cc79a919449ab97b1c518341c61c8a22	1	0	1	all non-merge patches equivalent; merge content not assessed	tools: act_wall_summary --phases — the [ACT_PHASE] split for all activations and the slowest tenth	e16f2866cc79
refs/remotes/origin/place-d3-activation	a9f02398817f29af8141cedc991f0ac173f12a35	9	2	0	ancestry differs; review required	Merge the pre-rebase branch twin (same logical change, rebased history): force-push is denied on this machine	2cc95034057b,2e46080478de,2f1cf0d4b4d9,4595e21d1ab9,5dcf3645d106,6429422cb9d8,ac21329dd647,e0826ff534c2,edd48872f682
refs/remotes/origin/port-entrenched	dcd194460736a0a85591918d74025f1565c9c24b	0	0	0	ancestor of baseline	Merge port-entrenched's rebase onto main 1ccb2247: main carries the two teleport initialiser fixes now (#849), so the PR's own copies are dropped and feat_takedown_shot.rs / ap_def_record.rs leave the diff	-
refs/remotes/origin/position-parity-00-harness	c5a5cd61a0f3a5c9ae6d5ceb0e5fe3cbfd5922e0	1	0	0	ancestry differs; review required	Add Stage A position parity harness and measured baseline	c5a5cd61a0f3
refs/remotes/origin/position-parity-01-base-shapes	c1231f4ade3e89b3335f066509cd1d745c51d89a	3	0	0	ancestry differs; review required	test: record three deterministic shape parity runs	5c1f21f12454,ba3174d5571d,c1231f4ade3e
refs/remotes/origin/position-parity-05-endpoints	21a21658cd704b0bee90d27c22d8e6e8f6c7344b	4	0	0	ancestry differs; review required	docs: refresh the endpoint classification after the charge and boxed ports	1bd2e2394c7c,21a21658cd70,62b55d3a4387,66547358e613
refs/remotes/origin/position-parity-07-wide-fixtures	248266865b36c170076352d74c7348cbb35e99c4	4	0	0	ancestry differs; review required	docs: name the PR that closes the coherency-hold bucket	0da2f99bacdd,248266865b36,cbd064ec9e7c,dee52a81b7cd
refs/remotes/origin/precision-debuff-58	92416aaf9780315a4e360cc0a0297bfa70c099ea	3	0	0	ancestry differs; review required	GREEN fix: the two live-number pins the bump missed and the cap fixture's joined heroes	828dfc089b1d,92416aaf9780,ed58f853242c
refs/remotes/origin/privacy/publish-facts	7d7ed23e6d642c9092ad0d768f2dabb3f0ef9e32	2	0	0	ancestry differs; review required	privacy: publish the maintainer's privacy facts (seven strings EN+DE, doc facts, imprint paragraph) and exempt the four imprint files in the hygiene grep	00913220c061,7d7ed23e6d64
refs/remotes/origin/profile-1072	d23ca8a1d21e21aaeb791410f4b365e9ae50ff1f	38	0	0	ancestry differs; review required	feat(train): NML_PROFILE wall-clock split of the trainer path — where a 2000pt game spends its minutes (NML-1072)	0dd4dced67c0,0fffe54c056f,1b980115b8f2,24e3813f27d0,279f01505f8c,30fd1d02eb72,35d00d7d0a29,364955df251f,37c7d033249c,45e4d8c85209,4dab71cef122,501b6662de72,55705136352b,560b4aa388cf,6dea668cf69e,6ea229c8991f,6ef6eb6f4313,740e6e5a495c,754e8e642d27,7de529a6b2b7,8874d6ac8752,8bde4dcb4047,8c6ce35475df,9a133eac2b3d,a8e0f3dd0d9e,aabe6e7332cc,afced0f96ce5,c15eba9db12e,c220913c741e,c9003a078d2f,d23ca8a1d21e,d7316025c6f4,dabd1da70b00,db593e7ef12e,df74ebb992bd,e58b9c40c889,e6f88f667b13,f338e0961aa9
refs/remotes/origin/ratmen/ship-0925	bdf275469903bc48dc7065373206f83121f6e4c1	1	0	1	all non-merge patches equivalent; merge content not assessed	Ratmen (AoF): resolve every model to its pre-baked variant, other factions unchanged	bdf275469903
refs/remotes/origin/rebase776-work	0da12d82e104c74619e776f59dcb4fb5295499cd	0	0	0	ancestor of baseline	feat(core): parity-frame 4/7 -- the overlap push's inch mirror is the world point's exact f64 preimage (B2)	-
refs/remotes/origin/rebase831-work	92bd70f7dfe7e5950bf19c6f6cc24159443a17e9	18	0	18	all non-merge patches equivalent; merge content not assessed	fix(core): restore PlainLedger.feats_used + add teleport: None to feat_speed.rs actions	0522c67fa89d,200247d26e71,258d80325a61,2a49fa8b3375,2f7533f582d5,54858792f2d3,5db2b488b12c,64005b3e517b,6ad3f1e3a601,76499b462907,8a35eee25ab2,8c0793b468d4,8c1985c5c6e5,92bd70f7dfe7,d54fa3e5e8dd,d6c5af5116b7,e6508e2be65f,ea705573755b
refs/remotes/origin/rebase836-work	2a7315168f7c202182e4780a6aeb557e29f747b0	3	0	0	ancestry differs; review required	fix(test/mp): seed the tray RNG in the fixture — the save scenario is the harness's first tray roll, unseeded dice broke run-to-run determinism	2a7315168f7c,5224855a1a4e,e0a84ddf7d07
refs/remotes/origin/rebase838-work	2c8cf7f7dd0632ae70eaa6f2e1becd505e2168ab	0	0	0	ancestor of baseline	feat(rules): Spell Conduit core moves behind EPOCH_8_PLANNER_MENU (epoch-8 gate, #838)	-
refs/remotes/origin/rebase848-work	ec35673af2d6697ab565bdb23003f33b0d584de3	0	0	0	ancestor of baseline	test(sim): Piercing Feat second strike reads the spent latch, no manual re-push	-
refs/remotes/origin/rebase853-work	f6753bdce1a76c50eba71b542194e1109999434e	0	0	0	ancestor of baseline	test: entrenched_grant initializer gains the LiveMod name field	-
refs/remotes/origin/rebase856-work	7aaf99bad1084fd4b9eb4494e4e71d346d46d12b	0	0	0	ancestor of baseline	fix(rules): Growth Markers — the defence facet lowers the save target like the table (epoch 7)	-
refs/remotes/origin/redgates-1-hero-fixture	9826e06e937092cbbbdb2002ed44d0e82900db8b	1	1	1	all non-merge patches equivalent; merge content not assessed	Merge branch 'main' into redgates-1-hero-fixture	85e6db527a12
refs/remotes/origin/reexport-vocab3	6fbc25a0632956d9b2ad69d90e3ca75054aa8d34	2	0	0	ancestry differs; review required	core: objective token gets per-side reach counts (token vocab 3)	55c02af929a1,6fbc25a06329
refs/remotes/origin/release/0.3.13.0-alpha	f696f02604e3b5a03bb5f8beb7f43a32d06e4e4b	11	0	0	ancestry differs; review required	docs(known-issues): drop the unused Windows variant now that the self-heal (#1074) is merged	0dcd5c3c1165,1b160b9dce96,25afff9b0ce7,2c58665b4a18,382e156572df,4137e1ee7f44,459672a3d7d0,6a872176a212,9d1c43e6ccda,de74af4e9e51,f696f02604e3
refs/remotes/origin/release/0.3.13.1-alpha	b3bbbbb568dd00349412e1d9eb38ef65ca1bc694	0	0	0	ancestor of baseline	release: 0.3.13.1-alpha (version, README badge + status, PROJECT_STATUS, CHANGELOG)	-
refs/remotes/origin/release/0.3.14-draft	15c23bafcc2efaf396dba18f280b81957ce40bdd	3	0	0	changed files differ; may include obsolete versions	release: 0.3.14 draft - Saurians line confirmed live	15c23bafcc2e,62eaf52389b0,782c5e049272
refs/remotes/origin/rending-shooting-aura	4311f5df851dc503610f1b8ec182afa1656edceb	1	0	1	all non-merge patches equivalent; merge content not assessed	Rending when Shooting Aura: the core's rending facet consumes the aura's grant on shooting profiles (epoch 47)	4311f5df851d
refs/remotes/origin/replay-mission-knob	489723f60e410936c6fa48334033e7c332997a3f	1	0	1	all non-merge patches equivalent; merge content not assessed	Replay: forward a record's `mission` stamp (Gen-8 export lost 3,502/4,350 games at seq 0)	489723f60e41
refs/remotes/origin/reref-epoch8-docs	7aa40dbcbabeeab5072eb51b0850225e09318565	1	0	1	all non-merge patches equivalent; merge content not assessed	docs(plans): the epoch-8 bundles - what all 336 collected records carry	7aa40dbcbabe
refs/remotes/origin/reref-epoch8-docs-verify	7d435e47afcd4c4c6ad0fb0b0b551b71c4ce7947	0	0	0	ancestor of baseline	docs(plans): the epoch-8 bundles - what all 336 collected records carry	-
refs/remotes/origin/reref-epoch8-stamp	f2935a618cee27556b4cbc9a2ab808b8569f7d53	0	0	0	ancestor of baseline	fix(recorder): stamp knobs.rules_epoch in the act header (closes #638)	-
refs/remotes/origin/rule-name-ledger	4685cf00df3218b74d6520b0e5bbf8cba85102de	2	0	0	ancestry differs; review required	Add rule_name_ledger tool (GREEN): emit census rule-name universe, audit diff	4685cf00df32,97b906f0ac2a
refs/remotes/origin/rules-coordinate	4b3b9ce2c5c0f9bcd23fc163c6d321f92bd493b4	0	0	0	ancestor of baseline	feat(rules): Coordinate — the hand-off reads the core (epoch 7)	-
refs/remotes/origin/rules-coordinate-red	e194e104d971736c8a0784f137b4cd4b55bb26fb	1	0	0	ancestry differs; review required	test(rules): Coordinate RED — the hand-off fixture, no production diff	e194e104d971
refs/remotes/origin/rules-delayed-action	a64d01621d5e1c8d11ab6de8f5841ca000179cf8	0	0	0	ancestor of baseline	feat(rules): Delayed Action — 1 name ported (epoch 7)	-
refs/remotes/origin/rules-delayed-action-red	fad1f60a80c4cdcb22de485f6c9f48f6a8720365	0	0	0	ancestor of baseline	test(core): RED — the rollout alternation has no pass step for Delayed Action	-
refs/remotes/origin/rules-encoder-unit2	299daddca9f5c6feba7bdf9ff57f91cc90d58fee	0	0	0	ancestor of baseline	feat(rules): encoder vocab v6 -- unit2 trailing band (all-layers ceiling lifted)	-
refs/remotes/origin/rules-ethereal-bands	b0087b81c791b410bcf6d11fb1882491cec2d277	2	1	0	ancestry differs; review required	Merge remote-tracking branch 'origin/main' into rules-ethereal-bands	19d17b38a90d,e3f336467a1a
refs/remotes/origin/rules-extended-buff-range	17728fddc54c04c43cd0cb683cd5388ef02664f1	0	0	0	ancestor of baseline	feat(rules): Extended Buff Range -- the relay waiver inside the utility pick (epoch 7)	-
refs/remotes/origin/rules-fast-static-arm	0821748c1cf9939888331256398e3fc7e52b0070	0	0	0	ancestor of baseline	fix(rules): honest Fast statics arm (evidence-only, no new name)	-
refs/remotes/origin/rules-fatigue-debuff	80569edc18ae3a252f422bec4a495947dfc5b34c	0	0	0	ancestor of baseline	refactor: name the read by the ported rule only (FatigueDebuffSpec) -- no Mind Control token	-
refs/remotes/origin/rules-grounded-speed	d529ea6369db5c84a4d8184f49ed222af748f9de	0	0	0	ancestor of baseline	feat(rules): Grounded Speed — the per-activation conditional band (epoch 7)	-
refs/remotes/origin/rules-mind-control-displacement	845b10015474b4264a2770c960323806188c729d	0	0	0	ancestor of baseline	test(rules): Mind Control — make the displacement assertion live (fold init 0.0, not INFINITY)	-
refs/remotes/origin/rules-quarter-band-audit-2-11	4274bc6bfac79eb2fa67bbcd8f22afc598269035	3	0	0	ancestry differs; review required	test(missions): pin band quarter centres (+-18, +-6) and assert the band property (audit 2.11)	0ff3af7ed9b5,4274bc6bfac7,9ad572a15c47
refs/remotes/origin/rules-ranged-slayer	dd6c343386f75cb37de89779ffca70f64d54172a	0	0	0	ancestor of baseline	feat(rules): Ranged Slayer — 1 name ported (epoch 7)	-
refs/remotes/origin/rules-rapid-advance-grant	1fe97f1de04c9fc29b5561da16cf60c75dba9c8d	0	0	0	ancestor of baseline	feat(rules): Rapid Advance — grant closed (epoch 7)	-
refs/remotes/origin/rules-re-deployment	e018a17d420a655bfa3ea5e66cd78aad360e74eb	0	0	0	ancestor of baseline	feat(rules): Re Deployment — max_units param stamp reads the core (epoch 7)	-
refs/remotes/origin/rules-reanimation	bc18162acad56915a14b84973206e074caba9f14	0	0	0	ancestor of baseline	test(rules): Reanimation — corpus built by replace, not format! (JSON braces)	-
refs/remotes/origin/rules-reanimation-red	7e4d0524c5559483d5bd58399e18aa2299aa3999	1	0	1	all non-merge patches equivalent; merge content not assessed	test(rules): Reanimation RED — activation rolls its missing wounds, no fix yet	7e4d0524c555
refs/remotes/origin/rules-rung-c-data	bbe630e4a6403e0c32c860b6be52c8e68518c62c	0	0	0	ancestor of baseline	feat(rules): Rung C data port — 6 of 13 unmapped names aliased onto existing primitives	-
refs/remotes/origin/rules-slow	252d10e4d0cfbda10a82a1971a9ddd27b1164d39	0	0	0	ancestor of baseline	fix(rebase): rebuild boost_aura_tail.rs on main + the Slow test (the additive merge interleaved two test fns)	-
refs/remotes/origin/rules-solo-grant-reads	4709ea7dce5c255f97eb1516e7abdcc6caa3f2b3	0	0	0	ancestor of baseline	fix(census): one granted() call per source line in solo_move_grants	-
refs/remotes/origin/rules-spell-accumulator	00958dd082d005f9f7e714f4c68d71010043179c	0	0	0	ancestor of baseline	fix: the empty-pool battery fallback rides caster_of's own fold gate (cast_fold && hero_attach) — the cast_fold knob test pins seam_cast-alone-casts-nothing	-
refs/remotes/origin/rules-sturdy	8ba5d42097e6cb9616e65eba398e5e4e3c072727	0	0	0	ancestor of baseline	feat(rules): Sturdy — the Guarded-family alias reads the core (epoch 7)	-
refs/remotes/origin/rules-surprise-attack	c5c42ecc6e8b60d412192387ba841114c323d159	0	0	0	ancestor of baseline	fix810: sequence the two unit_param_f reads (reg is borrowed mut once)	-
refs/remotes/origin/rules-teleport-core	ceb704784a12d649dda6050b2ae6f13d40639ee2	0	0	0	ancestor of baseline	core: move the #831 Teleport port behind EPOCH_8_PLANNER_MENU (GREEN)	-
refs/remotes/origin/rules-transport	96192c45be13696d247f1ef8b9d02593a86839ef	0	0	0	ancestor of baseline	feat(rules): Transport — 1 name ported (epoch 7)	-
refs/remotes/origin/rules-utility-buff-casting	f401f85be5977d690c02d91ae907f0a15daf5b68	0	0	0	ancestor of baseline	feat(rules): Utility Buff seam 1 — casting_mod folds into the cast roll	-
refs/remotes/origin/rules-vanguard-free-placement	6a6b826658c130751753f424b987f3b907f4a003	3	0	0	ancestry differs; review required	Fix the epoch-bump pins: the live epoch is 16 now	4152e76d095e,6a6b826658c1,7832658801d4
refs/remotes/origin/rules-vengeance	854d86786f3cf1d03f06d4dfa0c345de47941add	0	0	0	ancestor of baseline	test(rules): vengeance_markers init in the mods_grants state fixture	-
refs/remotes/origin/rules-wave-bane	f2b6860e129065a7ef9b3be610b367f9a31243dd	0	0	0	ancestor of baseline	feat(rules): Bane family — 10 names ported (epoch-gated)	-
refs/remotes/origin/rules-wave-lacerate_counter	8e18a40a9f8f0ac3978365dc0330cd95adec5d9a	0	0	0	ancestor of baseline	feat(rules): Lacerate+Counter family — 2 names ported (epoch-gated)	-
refs/remotes/origin/rules-wave-quickfast	7447e70808a36cdf8c1e279ba6bf30f3c639c552	0	0	0	ancestor of baseline	feat(rules): Quick/Fast family — 6 names ported (epoch-gated)	-
refs/remotes/origin/rules-wave-regen	954706177847cb132a76dc873a0a1685842c0850	0	0	0	ancestor of baseline	feat(rules): Regeneration family — 12 names ported (epoch-gated)	-
refs/remotes/origin/rules-wave-shred	d77c6b73e0b7c51dda90476f57b4fbb0a1154ca4	0	0	0	ancestor of baseline	feat(rules): Shred family — 5 names ported (epoch-gated)	-
refs/remotes/origin/rules-wave-surge	73e15ec2050900e6b35c36d847210b1064781408	0	0	0	ancestor of baseline	feat(rules): Surge family — 5 names ported (epoch-gated)	-
refs/remotes/origin/rules-wave2-deadepoch	d78d1e2c057092de7e5a4daa378c85aeafc5505a	0	0	0	ancestor of baseline	chore(core): drop dead epoch fields (Registries::rules_epoch write-only since #658, StaticsCache.epoch unread)	-
refs/remotes/origin/rules-wave2-lacerate2	78ff590e184221a74cc06ddfff738f974021cbf2	0	0	0	ancestor of baseline	feat(rules): Lacerate family — 3 names ported (epoch 4)	-
refs/remotes/origin/rules-wave2-surge2	d410bc08ac77e2312d11b6e20f7ef5a51bc8c758	0	0	0	ancestor of baseline	feat(rules): Surge family — 6 names ported (epoch 4)	-
refs/remotes/origin/rules-wave2-takedown	4e8c8b30b113a5b684a6be8b1993a1c94a14a8f5	0	0	0	ancestor of baseline	feat(rules): Takedown family — 0 names ported (epoch 4)	-
refs/remotes/origin/rules-wave2-utilitybuff	62debf3651fcd6f71744dc5c84d8c859f29fa930	0	0	0	ancestor of baseline	feat(rules): Utility Buff family — 12 names ported (epoch 4)	-
refs/remotes/origin/rules-wave3-aura3	305ec66c3390961e20e74210108d28aa39c7c887	1	0	0	ancestry differs; review required	feat(rules): Boost Aura family — 20 names ported (epoch 6)	305ec66c3390
refs/remotes/origin/rules-wave3-epoch6	23db7725d2aae5ce0ca28458566108e113a96d0c	0	0	0	ancestor of baseline	fixup(rules): fold in the stale epoch-6 assert (PR #689)	-
refs/remotes/origin/rules-wave3-indirect2	9d39217bb7368227812bec5befbbd9d6ef682872	0	0	0	ancestor of baseline	fix(rules): Quick Readjustment — port or retire the name #705 left unproven (epoch 6)	-
refs/remotes/origin/rules-wave3-shotmod	ede2f4525ad5fe56d09f2d270774553815fbb307	0	0	0	ancestor of baseline	feat(rules): Shot Modifier family — 3 names ported (epoch 6)	-
refs/remotes/origin/rules-wave3-stormattack	edaeda1de4db7c510f93e74b28d25f9f37dea3d3	0	0	0	ancestor of baseline	feat(rules): Storm Attack family — 4 names ported (epoch 6)	-
refs/remotes/origin/rules-wave3-stormattack-red	f038961a191e4cff25fe509cf9dbbc55c8dc37e7	2	0	0	ancestry differs; review required	TEMP (red): neuter the storm trigger so the storm tests fail — RED evidence run only	37ca113b3635,f038961a191e
refs/remotes/origin/rules-wave3-utilbuff4	fef71dc1bfedc7c209177b7daf15852044841435	0	0	0	ancestor of baseline	fix(rules): Utility Buff — prove or retire the 16 unported names (epoch 6)	-
refs/remotes/origin/rules-wave4-boostbases	70bc1aed2dbf31feeaac5f7b4635a77004561d86	0	0	0	ancestor of baseline	feat(rules): Boost Bases family — 5 names ported (epoch 6)	-
refs/remotes/origin/rules-wave4-boostbases-red	b83591c5c302c2abc7f4a3b84c4b65d7ba2a76a2	2	0	0	ancestry differs; review required	test(rules): boost bases family — RED run 2 (integration binary only, lib green)	2826f5cd12b3,b83591c5c302
refs/remotes/origin/rules-wave4-boostbases2	6d8cec685f5c67acf98547d0c91be94c58a15e9d	0	0	0	ancestor of baseline	feat(rules): Boost Bases family 2 — 6 names ported (epoch 7)	-
refs/remotes/origin/rules-wave4-boostbases2-red	ed473149535e41141da95ab2608a135ce20f8756	1	0	0	ancestry differs; review required	test(rules): RED — wave-4 F1 tests without the three ports	ed473149535e
refs/remotes/origin/rules-wave4-condap	2953dc254dec0962eae64a0b2120aca36205828d	0	0	0	ancestor of baseline	feat(rules): conditional-AP live reads — 8 names ported (epoch 7)	-
refs/remotes/origin/rules-wave4-renames	699567ab6d661686a84d68a9f405d1ed3bbd3a66	0	0	0	ancestor of baseline	feat(rules): unregistered renames — Piercing Warrior, Takedown when Shooting (epoch 7)	-
refs/remotes/origin/rules-wave4-shape	887de59207f3c3ac390590bf1fa36c17f51cc4fa	1	0	1	all non-merge patches equivalent; merge content not assessed	refactor(core,tools): per-family test modules and a keyed consumed-param registry	887de59207f3
refs/remotes/origin/rules/d10-hero-los	53dcfc5ff7305fad1b3472edec69cf3be66080f2	1	0	1	all non-merge patches equivalent; merge content not assessed	fix(los): a joined hero sees through its own host squad (D10 / Q1, S1-12)	53dcfc5ff730
refs/remotes/origin/rules/d13-champion-tough	2e23e54809ba49d6d7f33fa73079f798b57a97d7	1	0	1	all non-merge patches equivalent; merge content not assessed	test(opr): pin that two real Ratmen Warriors halves keep the Weapon Team's Tough per model (D13 / NML-1107, test only)	2e23e54809ba
refs/remotes/origin/rules/d15-cover-fully-inside	6fe02a4c85ef819995665487cd5404685f6d5758	1	0	1	all non-merge patches equivalent; merge content not assessed	fix(cover): a squad gets cover only when its models are FULLY inside the terrain (D15 / Q6, S1-24 small part)	6fe02a4c85ef
refs/remotes/origin/rules/d17-deadly-pick	82cad82106d947bb72692715409aa29024d1ca0f	2	0	0	ancestry differs; review required	"fix(deadly): a right-click on the Deadly pick means ""auto for the rest of the volley"" (D17 follow-up)"	7c35039111a9,82cad82106d9
refs/remotes/origin/rulesmissing	1a84127b9219dc37c3c7620d6a4571feb052c2f9	2	0	0	ancestry differs; review required	core: Registries names the rules/spells files it could not read; the node's refusal carries them	10d8ba5aa62e,1a84127b9219
refs/remotes/origin/rushk	49933b10f1266a8792429e84667dbf366c3534a0	2	0	0	ancestry differs; review required	core/playout: the greedy brain rushes the k nearest objectives (playout_rush_k knob, default 1)	302c4360c80d,49933b10f126
refs/remotes/origin/s5-reinf-driver	f1f1b15dada633ec395a76f5435b168a12c59226	0	0	0	ancestor of baseline	test(core): Reinforcement — 12-inch band test that can fall (crowded back edge)	-
refs/remotes/origin/s5-spawn	3369910902f23e8170f78ab7731c5c4acdbf09f9	3	0	0	ancestry differs; review required	feat(rules): Spawn — the S5 summon beat (epoch 7)	3369910902f2,541b7a1dff6e,e8e4a8b8b861
refs/remotes/origin/scrapper-boost-save-reroll	6512fbeaf06060523cef86500771de479db2036a	2	0	0	ancestry differs; review required	Scrapper Boost: the widened save re-roll window opens on both layers (epoch 30)	6512fbeaf060,94c95e315aad
refs/remotes/origin/screened-melee-port	7412b60d89571dcd209e9e5c7712a6bafecf4ad3	2	0	0	ancestry differs; review required	GREEN: Screened's charge leg reaches the melee to-hit fold (epoch 22)	6733e20ce85a,7412b60d8957
refs/remotes/origin/seam4-pr1-utility-record-shape	9e9b33f85d18876500fc7a9275422b68bbf76302	0	0	0	ancestor of baseline	feat(rules): Utility Buff seam 4 PR 1 — ap/def/defense record shape survives the ledger guard (epoch 7, design §4 step 1; reads follow in PR 2)	-
refs/remotes/origin/seam4-pr2-ap-def-reads	f6753bdce1a76c50eba71b542194e1109999434e	0	0	0	ancestor of baseline	test: entrenched_grant initializer gains the LiveMod name field	-
refs/remotes/origin/selfdestruct-survivors	23ff303ee00b5d64ee90742c90a08f4f93144745	2	0	0	ancestry differs; review required	Self-Destruct: the survival half detonates the tray melee survivors (epoch 41)	204b2d37a0ed,23ff303ee00b
refs/remotes/origin/selfplay/kits-sidecar	7cb164b768b4a14020166318f464fa7ddc80d7f3	1	1	1	all non-merge patches equivalent; merge content not assessed	Merge branch 'main' into selfplay/kits-sidecar	28532511bc78
refs/remotes/origin/sixbonus-surge-bloodthirsty-param-reads	efaa16e0ec2a80715859d19a891b502e2a4e25b2	3	0	0	ancestry differs; review required	Read bonus_hits_per_six / extra_attack_per_enemy_save_one from the registry	52dafa14911d,ba88f073f4b8,efaa16e0ec2a
refs/remotes/origin/smallfix-n10-activate-button	57ca6b8b2c0cf9ba7a79d126294aa57cadf67e32	1	1	1	all non-merge patches equivalent; merge content not assessed	Merge branch 'main' into smallfix-n10-activate-button	6485e0651a19
refs/remotes/origin/smallfix-n13-reconnect-failed	a72a34a0c7a1797f5c4131fffa4e28c0d75653a0	1	1	1	all non-merge patches equivalent; merge content not assessed	Merge branch 'main' into smallfix-n13-reconnect-failed	4cfadbd9517d
refs/remotes/origin/smallfix-n14-conn-chip	98e4e643f4c8ef9f9edd257471ee98347956945c	1	1	1	all non-merge patches equivalent; merge content not assessed	Merge branch 'main' into smallfix-n14-conn-chip	946bbf067ee6
refs/remotes/origin/solo-pool1-planner	6fa3f043ea8f74e34ceca4d71e26934e0bab9667	1	0	0	ancestry differs; review required	fix(solo): the last un-activated unit of a side now goes through the rollout planner like every other pick — no more 1-ply auto-play, every activation gets an act line (NML-1073 M5)	6fa3f043ea8f
refs/remotes/origin/solo/deploycoh-repair-in-zone	522c15fb963847fdadab4cb47d216cc56d0db097	0	0	0	ancestor of baseline	solo/planner: no lone marker runner while the enemy holds reserves (#1036)	-
refs/remotes/origin/solo/deploylarge-whole-zone-spot	522c15fb963847fdadab4cb47d216cc56d0db097	0	0	0	ancestor of baseline	solo/planner: no lone marker runner while the enemy holds reserves (#1036)	-
refs/remotes/origin/solo/lane-hold-two-moves	0831531a90a97ee99190d83bfce92fb26a8cb306	1	0	1	all non-merge patches equivalent; merge content not assessed	solo/commander: a ranged line holds when no firing lane is within two moves	0831531a90a9
refs/remotes/origin/solo/no-lone-marker-runner	746d5068312735b5097a026954ee8d2526b35c01	1	0	1	all non-merge patches equivalent; merge content not assessed	solo/planner: no lone marker runner while the enemy holds reserves	746d50683127
refs/remotes/origin/spawn-pr2a	790c68a136656676a35c48d1d98735077911961d	0	0	0	ancestor of baseline	feat(rules): Spawn — PR 2a: the record header's spawn_profiles templates reach Profiles (epoch 8; design PR 2/2 part a)	-
refs/remotes/origin/spawn-pr2b	513625d897a539d32786bfe7400d7df7eb485c9a	1	0	0	ancestry differs; review required	test(core): Spawn — RED proofs on the beat's named-template mint (stub build)	513625d897a5
refs/remotes/origin/spawn-pr2b1	96e70d4775f5af67b62f5aed6d2df1083473663d	0	0	0	ancestor of baseline	feat(rules): Spawn — PR 2b-1: ArrivalZone::Circle + arrive_unit takes explicit statics (epoch 8; design PR 2/2 part b-1)	-
refs/remotes/origin/spawn-pr2b2	4065e5f7da201cdad31b15be8569913cc3725fe8	3	0	0	ancestry differs; review required	fix(core-tests): pass the (x,z) pair to the in_reach helper (E0308 [f64;3] vs tuple)	4065e5f7da20,43a248b4248f,48c79eff0b7f
refs/remotes/origin/spawn-pr2b2a	9aae23f30e1e2264c45273bbacbabe95497cb791	0	0	0	ancestor of baseline	fix(rules): clone the roster index directly (HashMap has no as_ref clone)	-
refs/remotes/origin/spawn-pr2b2b	77f4c684c1560569fa9935a1993c391d16b016f0	0	0	0	ancestor of baseline	test(core): pin 13 asserts the plain unit's own columns (the carrier's copy is pin 9's claim)	-
refs/remotes/origin/spawn841-teardown	ae735831753e0116b9538dbac843d5045fd96f2d	5	0	0	ancestry differs; review required	fix(recorder): close() drops the spawn_profile_resolver static with the stream	2a171e124b51,7186f89bbbb7,9ea418c1dd60,ae735831753e,bfe68e28ef34
refs/remotes/origin/split-profile-step1	7229e6e5b0a8855f5b6a4e9b042a49ddad43b3a7	3	0	0	ancestry differs; review required	SPLIT step 1 GREEN: the collector picks Split strings and the core names the Split base	4210e0b90095,7229e6e5b0a8,d48180968c4d
refs/remotes/origin/split-profile-step2	394988086c5339e74cf941809466d21719873587	2	0	0	ancestry differs; review required	SPLIT step 2: the loader ships the Split child templates into the header map (GREEN)	394988086c53,fa097c860470
refs/remotes/origin/stage0-s1-keys	631f7d3a9b5ccc994d82c914b1a176879d0f46bc	1	1	1	all non-merge patches equivalent; merge content not assessed	Merge branch 'main' into stage0-s1-keys	15853eb18e1d
refs/remotes/origin/stage0-s2-asym	f9b4727c1394b1ef5806dc931c8aba5ede284f11	1	1	1	all non-merge patches equivalent; merge content not assessed	Merge branch 'main' into stage0-s2-asym	ef1fc715e9b8
refs/remotes/origin/stage0-s26-report	dca387cba4700df4d947ec52d16e1f9c6567e71c	1	1	1	all non-merge patches equivalent; merge content not assessed	Merge branch 'main' into stage0-s26-report	294ccf763981
refs/remotes/origin/stage0-s28-throughput	eaacbde148014b9004c21f01a1f47d2fc063a5ea	1	1	1	all non-merge patches equivalent; merge content not assessed	Merge branch 'main' into stage0-s28-throughput	d8153040bfc8
refs/remotes/origin/stage0-s29-stamp	17d168eb7294170e54e7f5117a4842d77f153799	1	1	1	all non-merge patches equivalent; merge content not assessed	Merge branch 'main' into stage0-s29-stamp	afd08d0f95f6
refs/remotes/origin/stage0/l3-step15-shipped-net	fea7534de9d4d11a6e8a815d26219e00f9bccacb	1	1	1	all non-merge patches equivalent; merge content not assessed	Merge branch 'main' into stage0/l3-step15-shipped-net	c63bb9bc250e
refs/remotes/origin/stage0/l3-step16-source	6cb9b34a260adc51fb65e7a8826540aaf9b4fe9d	1	1	1	all non-merge patches equivalent; merge content not assessed	Merge branch 'main' into stage0/l3-step16-source	20781f606d1e
refs/remotes/origin/stage0/l3-step16b-cli	0a0102285abe4b4b4eca71a99becea73517cec1f	1	1	1	all non-merge patches equivalent; merge content not assessed	Merge branch 'main' into stage0/l3-step16b-cli	f3ec5df8b6eb
refs/remotes/origin/stage0/l3-step17-timing	7fd45c8f8005cbc69f8610e2c72d4fb61433044d	1	1	1	all non-merge patches equivalent; merge content not assessed	Merge branch 'main' into stage0/l3-step17-timing	17bc1bbeacba
refs/remotes/origin/stage0/l3-step18-tap	88a655bcccfa0b641fb985b25ecd4eb9b81f41c6	1	1	1	all non-merge patches equivalent; merge content not assessed	Merge branch 'main' into stage0/l3-step18-tap	d3fdfd7fb05a
refs/remotes/origin/stage0/l3-step19-endings	3b1a7bd3afd5b1778b16a5115f6f3cbde820362e	1	1	1	all non-merge patches equivalent; merge content not assessed	Merge branch 'main' into stage0/l3-step19-endings	738659d8e08d
refs/remotes/origin/stage0/l3-step20-endings-net	ee2eba2789e4e5bf8cdfa6067b0aeab6fce3dcfb	1	1	1	all non-merge patches equivalent; merge content not assessed	Merge branch 'main' into stage0/l3-step20-endings-net	3ecd1d8e79d9
refs/remotes/origin/stage0/l3-step21-fullgames	99c7ddede5a45d9d449ec47b5e68106c333c519d	1	1	1	all non-merge patches equivalent; merge content not assessed	Merge branch 'main' into stage0/l3-step21-fullgames	3be41d8e16db
refs/remotes/origin/stage0/l3-step22a-rows-module	b0eda85c27c589f4670d0719ce9f869a9b809f8a	1	1	1	all non-merge patches equivalent; merge content not assessed	Merge branch 'main' into stage0/l3-step22a-rows-module	e428ae6a836f
refs/remotes/origin/stage0/l3-step22b-endings-rows	ba427ea538fbe947a094804f587e02b68d52f315	1	1	1	all non-merge patches equivalent; merge content not assessed	Merge branch 'main' into stage0/l3-step22b-endings-rows	159fa907d261
refs/remotes/origin/stage0/l3-step22c-fullgames-rows	21a4144b7122a29390023d83f25dd4b89408e8c4	1	1	1	all non-merge patches equivalent; merge content not assessed	Merge branch 'main' into stage0/l3-step22c-fullgames-rows	770f6c6f86d7
refs/remotes/origin/stage0/l3-step24-timing	bb05b92dd92cf10ec0790da82f5a56fd256ca76e	1	1	1	all non-merge patches equivalent; merge content not assessed	Merge branch 'main' into stage0/l3-step24-timing	fafa2177c90c
refs/remotes/origin/stage0/l3-step25a-pool	5369afe84a162f7cafde332990e5e1897502697f	1	1	1	all non-merge patches equivalent; merge content not assessed	Merge branch 'main' into stage0/l3-step25a-pool	dd7ab3dad754
refs/remotes/origin/stage0/l3-step25b-workers	26f574db76ffb48ce2213f848c333fdb1fd12fa2	1	1	1	all non-merge patches equivalent; merge content not assessed	Merge branch 'main' into stage0/l3-step25b-workers	39cd44f0ba6d
refs/remotes/origin/stamp-seam-cast	438dea179c759f3a16fda04d778249739add1b3a	2	0	0	ancestry differs; review required	selfplay: play_game takes seam_cast as a kwarg (the replay pin passes it; None = the fork door)	438dea179c75,ca0f9b1cd843
refs/remotes/origin/stealth-grounded-57	6cc52a9330b2b5f31e076cd2e52e06df592cf8e6	2	0	0	ancestry differs; review required	acts.rs: one CURRENT_RULES_EPOCH after the rebase union	38f724cdecd9,6cc52a9330b2
refs/remotes/origin/strafing	6eb104c7aa0d202607d67a16b0ef68f639517ac0	3	0	0	ancestry differs; review required	Strafing: drop an unused mut the clippy gate flagged (no behaviour change)	06b2f9f8dcfc,58911ddf151d,6eb104c7aa0d
refs/remotes/origin/surge-low-50	24a1fce766d720e26ce0f425de76a52c62e17e34	2	0	0	ancestry differs; review required	Great Sergeant: the printed 5-6 Surge pays on both layers (epoch 50, surge_low no longer dead data)	24a1fce766d7,56914c971aa9
refs/remotes/origin/surge-mark-epoch38	35895b37e9878932f35d8c08117a3399006ada9d	1	0	1	all non-merge patches equivalent; merge content not assessed	Surge Mark: the once-per-activation target pick, both layers (epoch 44)	35895b37e987
refs/remotes/origin/surge-when-shooting-scope	b63849998366326ecb6c06f1c7c672937beb1e6a	2	0	0	ancestry differs; review required	Surge when Shooting: the scope is honoured, the melee twin stays silent (epoch 17)	1ab9ccbc7871,b63849998366
refs/remotes/origin/surprise-human-burst	36b3e83f61ccede3773b6fb850e723596fc8fd07	3	0	0	ancestry differs; review required	Surprise Attack: the HUMAN bearer's first activation fires the burst too (no epoch bump)	00755670b101,36b3e83f61cc,9a3b96317bfb
refs/remotes/origin/sweep-f-2026-09-14	613058974a8daefffc7d259fe1fee266fff50867	1	0	0	ancestry differs; review required	Standalone sweep F: measured rows for 53 prose-only rule names (sweep F)	613058974a8d
refs/remotes/origin/sweepH-report-2026-09-14	34917a241e89474bd5e0928a7f4178e91257b866	1	0	0	ancestry differs; review required	Standalone sweep H: measured rows for 51 prose-audit rule names (registry / core / table / verdict)	34917a241e89
refs/remotes/origin/sweepg-report-2026-09-14	dd32272a0e65a3fb40342c718981e9b490066caa	2	0	0	ancestry differs; review required	Sweep G report: fix the verdict-count line (rows measure CORRECT 17 / DERIVES 34 / TABLE-ONLY 2)	1d63e5b434ba,dd32272a0e65
refs/remotes/origin/table-bestial-boost-red	cfe648762a9e1a2348494d20bfe6585cfa26ebce	1	0	0	ancestry differs; review required	test(table): Bestial Boost — the widened Bane window has no table reader (RED)	cfe648762a9e
refs/remotes/origin/table-debuff-ev-2c	fdbd98ea89575b8c774020096d58d37bf7ac2446	1	0	1	all non-merge patches equivalent; merge content not assessed	D-MAGIC step 2c: table prices debuffs by the target's best baseline attack, def debuffs via our attack into the target	fdbd98ea8957
refs/remotes/origin/table-rending-regen-red	f2109bc0e6ed91ad35cafe8fe275e4bf9ff111e5	0	0	0	ancestor of baseline	test(table): Rending in Melee — the unit-level regen bypass never fires (RED)	-
refs/remotes/origin/teleport831-epoch8	ceb704784a12d649dda6050b2ae6f13d40639ee2	0	0	0	ancestor of baseline	core: move the #831 Teleport port behind EPOCH_8_PLANNER_MENU (GREEN)	-
refs/remotes/origin/terrain-debuff-epoch20	ad1eef2fab526c69a988dc638143aeb1f1147563	5	4	0	ancestry differs; review required	Terrain debuffs: old-leg pins move to the live predecessor epoch 26 (EPOCH_26_PLACE_D3) after the merge	1216ea0d2b68,8988aacef2e1,9121fa87573c,ad1eef2fab52,cbcce83b1094
refs/remotes/origin/test-auras	6b661341754d837ccb863ceb5564d41a003152ca	3	0	0	ancestry differs; review required	Test wave: the Ravage grant is a rating read the bare base cannot carry; pin the channel	18253b4ffe60,6b661341754d,b54d4eb10cd6
refs/remotes/origin/test-last4-soft-rows	04790b864267b412467460abeb2e6cca2b193adf	1	0	1	all non-merge patches equivalent; merge content not assessed	test: pin the last four soft rows of the part-2 proof ledger	04790b864267
refs/remotes/origin/test-mentioned-promote	17efd931fa0d1d63423b4ffcb8466720e8617bd2	2	0	0	ancestry differs; review required	TEST WAVE mentioned: restore the 13 breaks byte-for-byte, tests stay	17efd931fa0d,89b50b9ce3c9
refs/remotes/origin/test-mentioned2a-p2c1	806173dc09b63aa97030a8510097c873060879d5	2	0	0	ancestry differs; review required	Test wave (green): keep the 18 mentioned rows' pins, revert every break	496d00f6c1ad,806173dc09b6
refs/remotes/origin/test-mentioned2b	569fe4cbf95639d34e09691a5e51184732b3a040	2	0	0	ancestry differs; review required	Test wave: pin the 18 mentioned rows' numbers (part 2, chunk 2) - GREEN leg	569fe4cbf956,7de820b32af6
refs/remotes/origin/test-shroud-54	d7037dc0ca475ba134b68b321798b2779a65ff8c	2	0	0	ancestry differs; review required	Test wave: the to-hit/shroud family's deliberate breaks reverted byte-for-byte	6e661a52bba3,d7037dc0ca47
refs/remotes/origin/test-wave-mentioned2c3	b329b3998e65ef57c7a6cad6addd8cbf8c3e3edf	2	0	0	ancestry differs; review required	Test wave: pin the 18 mentioned rows (part 2, chunk 3 of 4) - GREEN	16432b95678b,b329b3998e65
refs/remotes/origin/test-wave-singles-7	ae87eeb80acd6b9436d8ad534468d1d521fc4ec0	2	0	0	ancestry differs; review required	Test wave: pin the seven singleton rules' numbers — GREEN	3ca66e8c7d31,ae87eeb80acd
refs/remotes/origin/test-wave/boost-bases-marks-growth	857a25ab18aa50ccdec935444c193207736b377b	2	0	0	ancestry differs; review required	Revert the nine deliberate breaks byte-for-byte — the nine pins stay (GREEN)	05cec5ff6698,857a25ab18aa
refs/remotes/origin/test-wave/singles2-number-pins	a5a73826bf8fdf2ba7edd178cbd4ad959bf77734	2	0	0	ancestry differs; review required	Test wave: the six singles' pins GREEN — every deliberate break reverted byte-for-byte, the tests stay	641d77291756,a5a73826bf8f
refs/remotes/origin/test-wave/vs-grant-marks	33fc816298058cc45b66a51c24705990f72ccf3f	2	0	0	ancestry differs; review required	Test wave: revert the deliberate breaks byte-for-byte, the pins stay	33fc81629805,d5e436c94621
refs/remotes/origin/test/army-file-import	3fdfb7b504909b0dac0e7f50416f9de05d649cd6	2	0	0	ancestry differs; review required	test: GREEN - the file import yields 2 units from the fixture, offline via warm caches	3fdfb7b50490,e79de098d191
refs/remotes/origin/test/dead-param-carriers	8fa11debceb4e2071a64968b890a573882f5cc40	1	0	1	all non-merge patches equivalent; merge content not assessed	Test wave: pin the dead-param behaviours of Aircraft, Traversal, Dash, Immobile	8fa11debceb4
refs/remotes/origin/test/e2e-core-reload	88fc16be08e6bc31c6735c025d06741edd33424f	1	0	1	all non-merge patches equivalent; merge content not assessed	test/e2e: a mid-game save/load keeps the shipped AI path (core node, header, brain, preset)	88fc16be08e6
refs/remotes/origin/test/farm-identity-recorder-stderr	874f0db5265950fe3735ce7a2924e4534f4d5f76	1	0	1	all non-merge patches equivalent; merge content not assessed	test(core-py): the fleet-recorder identity check reads only the recorder's stderr	874f0db52659
refs/remotes/origin/test/mentioned2d-pins	bbcf4a10219c99f2e01b9c994806a2cb002fee3f	2	0	0	ancestry differs; review required	Test wave: pin the last 15 mentioned rows (part 2, chunk 4 of 4)	18e3a0af0489,bbcf4a10219c
refs/remotes/origin/test/mission-core-pins	a0d47d3a0cbd92092dbba1b6bb1f9a364c6403f9	4	0	0	ancestry differs; review required	test: book_round_end takes a slice, not a Vec (clippy ptr_arg)	126c8096ca28,52e953a7ef98,98fae29ed403,a0d47d3a0cbd
refs/remotes/origin/tests/refresh-rule-change-goldens	b0e94601c253945a52be732c9422cb6964cf760a	0	0	0	ancestor of baseline	ci(rust.yml): name the needs_lists Python skip instead of burying it	-
refs/remotes/origin/tiles/nml-1029	5816e2c058ff9563de91d840ef9bfd256ec9b6a6	1	0	1	all non-merge patches equivalent; merge content not assessed	Explain Ambush lock in round-end seize log	5816e2c058ff
refs/remotes/origin/tiles/nml-1063	be48a68439cb31602bf01d9b275308f0105f17d0	1	0	1	all non-merge patches equivalent; merge content not assessed	Count Deadly wounds in volley outcome banner	be48a68439cb
refs/remotes/origin/tiles/nml-1095	2843f62061c96cbebaa045134607339ea98a2d8f	1	0	1	all non-merge patches equivalent; merge content not assessed	Log normal wounds before model removal	2843f62061c9
refs/remotes/origin/tiles/nml-1123	4d67e153a9af2e84dc1307251166baeddfedcaba	1	0	1	all non-merge patches equivalent; merge content not assessed	fix(table): a band aura and the bare rule it grants count once (NML-1123)	4d67e153a9af
refs/remotes/origin/tiles/nml-248	ad8c70e124076537e5781af080a26e793832e191	1	0	1	all non-merge patches equivalent; merge content not assessed	Keep autosave notices out of battle banners	ad8c70e12407
refs/remotes/origin/tiles/nml-940	0d53da0d838b30c784fa5202591d29584c751170	1	0	1	all non-merge patches equivalent; merge content not assessed	fix(table): Deadly(X) melee wounds trigger Retaliate (NML-940)	0d53da0d838b
refs/remotes/origin/tiles/nml-975	69590edff3d2fcf3b545921532c08d316a114190	2	0	0	ancestry differs; review required	test(solo): the act-recorder suite restores AiActRecorder.rules_epoch it overwrites	69590edff3d2,7e949e2b681c
refs/remotes/origin/tiles/nml-977	2cda9316265de00fe174f09eba7a46a413d51174	1	0	1	all non-merge patches equivalent; merge content not assessed	feat(solo): one binding activation door, opened by the committed action (NML-977 stage 1, D23)	2cda9316265d
refs/remotes/origin/tiles/nml-984	f9ebe8a90946ae69d7fd428e829ae3fe6f17cd04	1	0	1	all non-merge patches equivalent; merge content not assessed	feat(solo): spend the once-per-game Speed Feat from the radial wheel (NML-984, D22)	f9ebe8a90946
refs/remotes/origin/tiles/nml-996	708ddc380ab7f5e28f81bdc8b3309321b833d828	1	0	1	all non-merge patches equivalent; merge content not assessed	Reserve Shift F for regiment frontage	708ddc380ab7
refs/remotes/origin/tools-census-follow-grant	72f41945c2705b4afe4905a2a93e7944ea9d3353	1	0	1	all non-merge patches equivalent; merge content not assessed	tools(core-py): census follows the grant — an aura counts only if its granted rule is ported	72f41945c270
refs/remotes/origin/tools-dice-gate-cpos-epsilon	11cdff42c488571f89aaad6d6eddfeddda70f790	1	0	1	all non-merge patches equivalent; merge content not assessed	tools(dice-gate): explicit 1e-9 inch epsilon on the C-POS boundary	11cdff42c488
refs/remotes/origin/tools-digest-no-abs-paths	bbd1938f0cb656df610c65f98da2839c9916358b	0	0	0	ancestor of baseline	tools(core-py): digest hashes army basenames + content sha, not absolute paths	-
refs/remotes/origin/tools-replay-melee-reach	2b20b06f2576826375c4c93de7928a9cd6127fea	0	0	0	ancestor of baseline	fix(tools): replay applies the record's own top-level melee_reach	-
refs/remotes/origin/tools-replay-rules-epoch	e430a7da366826a8dcb2a76a926e9ab7e3f557d5	0	0	0	ancestor of baseline	tools(replay): honour the record's rules_epoch (sibling stamp fallback) + play_game stamps rules_epoch into knobs	-
refs/remotes/origin/tools-shards-wide-menus	edfb5736c040a9317b0bd464042084292386d3c1	0	0	0	ancestor of baseline	fix(core): raise policy_tokens N_CAND 80->160 — Gen-1 wide menus refused whole games	-
refs/remotes/origin/tools/export-model-kits	dd1ea281b595291146eac7d342d59da2827f8a1d	1	1	1	all non-merge patches equivalent; merge content not assessed	Merge branch 'main' into tools/export-model-kits	7e48f158d15a
refs/remotes/origin/tools/lab2-a3-clock	69c044f1f027abd356ef2885fd099760f4274e48	2	0	0	changed files differ; may include obsolete versions	tools(lab2): the real-game row test checks the A3 preselection stamp on L and C	69c044f1f027,d23735f27fd8
refs/remotes/origin/tools/lab2-a4-workers	f358f2518df4f7d3a7d29c089e7ca3e79273a9d8	1	0	1	changed files differ; may include obsolete versions	tools(lab2): stage-0 P1 allows up to 24 workers under a 12 GiB cap on the pilot's dedicated box (A4)	f358f2518df4
refs/remotes/origin/tools/lab2-a41-game-level	ef3bd139ae05d335809f6349a35081ca8a8ac08b	1	0	1	changed files differ; may include obsolete versions	tools(lab2): stage-0 endings and full games schedule one row per unit, not whole clusters (A4.1)	ef3bd139ae05
refs/remotes/origin/tools/lab2-a42-parallel-source	fc2196f2c38a375a631fa168f0f46a6102e10925	1	0	1	changed files match baseline; already integrated	tools(lab2): stage-0 a slot's source candidates can run in parallel with the serial pass's output (A4.2); P1 up to 32 workers / 16 GiB	fc2196f2c38a
refs/remotes/origin/tools/lab2-bootstrap-exact	f3a289986d2b078120b0734dd7d56bdeb442043b	1	1	1	changed files differ; may include obsolete versions	Merge branch 'main' into tools/lab2-bootstrap-exact	7facd7c9ae0d
refs/remotes/origin/tools/lab2-declined-pick-invalid	7d1ca93f7c08fbc586e55f2126cfa72f85db04fb	1	1	1	changed files differ; may include obsolete versions	Merge branch 'main' into tools/lab2-declined-pick-invalid	65ab72acc9ad
refs/remotes/origin/tools/lab2-ltray-arm	d5fd34cffd4f9389d867d31819e8d16f96821469	1	1	1	changed files differ; may include obsolete versions	Merge branch 'main' into tools/lab2-ltray-arm	6ed029cfce4a
refs/remotes/origin/tools/lab2-p9	7de9d43550b52d3f741a56d167db10dfbbdd77e3	1	1	1	changed files differ; may include obsolete versions	Merge branch 'main' into tools/lab2-p9	948542ad9a07
refs/remotes/origin/tools/lab2-p9-blocked-stratum	781233a5b123a05b04fbc05e942604e7c5c407df	1	0	0	changed files differ; may include obsolete versions	tools(lab2): stage-0 P9 control rows on unported true-tray transitions are BLOCKED-STRATUM (HOLD until D151)	781233a5b123
refs/remotes/origin/tools/lab2-panic-invalid-row	368d93667aa0060b51f769ef60a92fc84e092951	1	0	1	changed files differ; may include obsolete versions	tools(lab2): stage-0 a core panic is an INVALID row, a dead worker fails the run	368d93667aa0
refs/remotes/origin/tools/lab2-scorer-fixtures	10b094886c429f4329b6f4ce8e18afddf764999e	1	1	1	changed files differ; may include obsolete versions	Merge branch 'main' into tools/lab2-scorer-fixtures	7f89b57903c4
refs/remotes/origin/tools/lab2-source-workers	79783843d3f10ddd385f57a690b13be4757764f6	1	1	1	changed files differ; may include obsolete versions	Merge branch 'main' into tools/lab2-source-workers	6d83b93249a0
refs/remotes/origin/tools/lab2-stage0-freeze-blockers	6b51a54f14ef385d08f52616d53511a74e28cfb6	1	1	1	changed files differ; may include obsolete versions	Merge branch 'main' into tools/lab2-stage0-freeze-blockers	83e887fd4167
refs/remotes/origin/tools/lab2-stage0-game-headers	f355fc35bfcdf22a7fac9295b53d51b2c1a5b8cb	1	1	1	changed files differ; may include obsolete versions	Merge branch 'main' into tools/lab2-stage0-game-headers	2083fa1af123
refs/remotes/origin/tools/lab2-stage0-source-knobs	4cb6962479a4df3fc2f93e2bf773bb9cbba74c98	1	1	1	changed files differ; may include obsolete versions	Merge branch 'main' into tools/lab2-stage0-source-knobs	afdba20de283
refs/remotes/origin/tools/lab2-stage0-validator-row-headers	7183d2d4fa7de8b19d98d3dd6f1cfffd49e21380	1	1	1	changed files differ; may include obsolete versions	Merge branch 'main' into tools/lab2-stage0-validator-row-headers	6a3de9ae1b09
refs/remotes/origin/tools/lab2-timing-no-sweep	e8723ad43b51a2502e67838f362818e900aa6591	1	1	1	changed files differ; may include obsolete versions	Merge branch 'main' into tools/lab2-timing-no-sweep	35e59c529590
refs/remotes/origin/tools/lab2-validate	2b1dd64bb3ed393660989ac2f032bf92680374aa	1	1	1	changed files differ; may include obsolete versions	Merge branch 'main' into tools/lab2-validate	1763f2c3efc2
refs/remotes/origin/tools/lab2-validate-zero-search	4170bc8411ed65002221dd701326ef76da7ef606	1	0	1	changed files differ; may include obsolete versions	tools(lab2): stage-0 validator fails every decision that never searched	4170bc8411ed
refs/remotes/origin/tools/ladder-grades	dd756db7238512d50c787982b92fd6188233350d	1	0	1	all non-merge patches equivalent; merge content not assessed	tools(arena_ladder): measure the new difficulty grades; no verdict without graded games	dd756db72385
refs/remotes/origin/tools/selfplay-63bit-seeds	b15696f0c7cf9f535447608645798f5e9f7a54df	1	1	1	all non-merge patches equivalent; merge content not assessed	Merge branch 'main' into tools/selfplay-63bit-seeds	7b38b00856aa
refs/remotes/origin/tools/selfplay-route-root	bb1328f994da64a1af41b46f1da7f075d20bcf2a	1	1	1	all non-merge patches equivalent; merge content not assessed	Merge branch 'main' into tools/selfplay-route-root	98aaaf062f03
refs/remotes/origin/tree-a-step1-knobs	9bcf1d53c8bd7435fb49cc3f30a684f6cb311ba5	1	1	1	all non-merge patches equivalent; merge content not assessed	Merge branch 'main' into tree-a-step1-knobs	7fdf88619e74
refs/remotes/origin/tree-a-step10-py-seam	690c030d8d749973dfd7b6f4ae30045e0d19f2cd	2	2	0	ancestry differs; review required	Merge branch 'main' into tree-a-step10-py-seam	19df2299a8d5,8c24faa21671
refs/remotes/origin/tree-a-step11a-lab-pilot	8fad9257d5d03e0e1d5496095b9f3faaed6716b8	1	1	1	all non-merge patches equivalent; merge content not assessed	Merge branch 'main' into tree-a-step11a-lab-pilot	c19f1501bf8f
refs/remotes/origin/tree-a-step11b-lab-timing	89c1647a4bacee735cd840cd34aa3456ccc01e1c	1	1	1	all non-merge patches equivalent; merge content not assessed	Merge branch 'main' into tree-a-step11b-lab-timing	3b9d95e5cefb
refs/remotes/origin/tree-a-step12a-lab-endings	88528c506aeac3ef50b149bbdd705acfc124c4cb	1	1	1	all non-merge patches equivalent; merge content not assessed	Merge branch 'main' into tree-a-step12a-lab-endings	58e262aa8406
refs/remotes/origin/tree-a-step12b-lab-fullgames	bf0e2a32f264557f448f1d0dad3f92a046950262	1	1	1	all non-merge patches equivalent; merge content not assessed	Merge branch 'main' into tree-a-step12b-lab-fullgames	3db6c9b750e9
refs/remotes/origin/tree-a-step2-adjudicate	75dbdfc8a3249caab8579f338a4f2c5b572f7104	1	1	1	all non-merge patches equivalent; merge content not assessed	Merge branch 'main' into tree-a-step2-adjudicate	84170f63ed60
refs/remotes/origin/tree-a-step9-pool-wall	a625427ba228684e795e7717e9430aa7d5129e85	2	1	0	ancestry differs; review required	Merge branch 'main' into tree-a-step9-pool-wall	402fdd839d75,413ae7130891
refs/remotes/origin/tutorial-a10-a12-pr	2f1430719d2ad9ddb82668219e47d5355e1bd321	4	0	0	ancestry differs; review required	docs(tutorial): document playable First Steps chapter (A12)	2f1430719d2a,89616432bd7d,d34c26a9192e,fad0b20824bd
refs/remotes/origin/tutorial-a3-pr	6c1b585f00f24b95d64f3eaf751f692c946911f2	1	1	1	all non-merge patches equivalent; merge content not assessed	Merge branch 'main' into tutorial-a3-pr	67c1b41c209c
refs/remotes/origin/tutorial-a4-pr	ba8636c41c73bad0d057e9754018eb5ae41e95c5	1	1	1	all non-merge patches equivalent; merge content not assessed	Merge branch 'main' into tutorial-a4-pr	b16aa922d961
refs/remotes/origin/tutorial-a5-pr	62a311784bcddee63d926c7ba6673e6fffe6d993	1	1	1	all non-merge patches equivalent; merge content not assessed	Merge branch 'main' into tutorial-a5-pr	aeff0976a4b1
refs/remotes/origin/tutorial-a6-pr	d43e3b250b884712aadf75c300fe6890eb1c4218	1	0	1	all non-merge patches equivalent; merge content not assessed	feat(tutorial): add Game School lesson card (A6)	d43e3b250b88
refs/remotes/origin/tutorial-a7-a9a-pr	5481fc61ab10615aee74a16b01ea09ae963c4e26	3	0	0	ancestry differs; review required	feat(tutorial): define S-01 lesson recipe (A9a)	5481fc61ab10,97e2326c832a,f2c877139ad1
refs/remotes/origin/tutorial-a9b-pr	8a8bb359d0da5fb0260b005cc0ac57e2cfe2c5f3	1	0	1	all non-merge patches equivalent; merge content not assessed	feat(tutorial): build lesson tables from recipes (A9b)	8a8bb359d0da
refs/remotes/origin/tutorial/a1-lesson-checks	316ddf561a2a547b026b4a26143590ee1443d626	1	1	1	all non-merge patches equivalent; merge content not assessed	Merge branch 'main' into tutorial/a1-lesson-checks	6777d459c002
refs/remotes/origin/tutorial/a2-lesson-checks-unit-stacked	419431f525648cf5b9c2ad5aafae61ac4fdabaee	1	1	1	all non-merge patches equivalent; merge content not assessed	Merge branch 'main' into tutorial/a2-lesson-checks-unit-stacked	6af00ba353e9
refs/remotes/origin/ui/action-strip	c0f789a37768a55ccfb1b4078b587709a27fc3bf	2	1	0	ancestry differs; review required	Merge branch 'main' into ui/action-strip	1d0da9cfd7ad,c69a929d1481
refs/remotes/origin/ui/after-game-card	9e9b3a871a582e6e574657c512d3be68bee744ae	2	1	0	ancestry differs; review required	Merge branch 'main' into ui/after-game-card	0f057b39d71c,b6eba7361bbf
refs/remotes/origin/ui/ai-opponent	4cadda1cd6566652e233e28b8e1ab500e296d66a	3	1	0	ancestry differs; review required	Merge branch 'main' into ui/ai-opponent	191f79b8ab06,1a9525e99d2e,8d75c288ee2e
refs/remotes/origin/ui/ai-voice	1654e69cb86e10b8ebe4b2025e91da67fc8cddc0	2	1	0	ancestry differs; review required	Merge branch 'main' into ui/ai-voice	9d9745aca893,ac14071c2c5e
refs/remotes/origin/ui/chat-readouts-hints	01b6c38b261a4c5facfc3ffe861897c46bc6d6a1	2	1	0	ancestry differs; review required	Merge branch 'main' into ui/chat-readouts-hints	102db4f7c7e5,2188975b09e0
refs/remotes/origin/ui/confirms	7c3a30a5d602115dbf961ecce54be502049f0de9	2	1	0	ancestry differs; review required	Merge branch 'main' into ui/confirms	8cee16094c76,b32adf389302
refs/remotes/origin/ui/dice-prototype	af48f8f5d01c02aa922c524dad7d45ea1d52bd8f	7	0	1	ancestry differs; review required	ui(cards): the mockup's headings and the retired detail card's lines on the presented card (uicard B)	0e2a5028c37d,42c270991792,8e7ee8507c1d,8f62c0e759ea,a9fd2f41f057,af48f8f5d01c,dfc0e060d622
refs/remotes/origin/ui/dice-window	1ecbf024e8020237d9b36166d82a491c0103f06e	5	0	0	ancestry differs; review required	ui(dice): resting dice keep an even margin from the rim; the window stays 420 px with all four tags	032cfd7e6d89,1ecbf024e802,447450a98dd1,996139504f1a,d408a5f561de
refs/remotes/origin/ui/end-of-game	8b993cb22a01c558eb8e46d9fa8ac848304f54d2	2	1	0	ancestry differs; review required	Merge branch 'main' into ui/end-of-game	525cf7a6cde5,886785bfd6f2
refs/remotes/origin/ui/esc-opens-menu	5e9c04c8e7349a67e912459997c5fca887593180	1	1	1	all non-merge patches equivalent; merge content not assessed	Merge branch 'main' into ui/esc-opens-menu	79d03748c037
refs/remotes/origin/ui/file-dialogs	44ae94ddc952bd3f5d88ee44c7a3f00a3ba3162c	2	1	0	ancestry differs; review required	Merge branch 'main' into ui/file-dialogs	1e8575a30292,205475357388
refs/remotes/origin/ui/fps-advisory	0efa503384073f33fd815b860ad77dc7fcb8eecd	4	1	0	ancestry differs; review required	Merge branch 'main' into ui/fps-advisory	392605f3a305,44d93a307f17,662ef4683163,eac06bef1b80
refs/remotes/origin/ui/game-menu-mp	16f59cf42ae27e012adeb766c01ca5765b3dd2a1	1	0	1	all non-merge patches equivalent; merge content not assessed	ui: the ☰ game menu's multiplayer section + room code in the house style (2 of 3)	16f59cf42ae2
refs/remotes/origin/ui/game-menu-shell	bfd855d8aff0fbcb5e85e4f3ddfcbb1bac6722bc	2	0	0	ancestry differs; review required	ui: the ☰ game menu's shell + Table/army + Save/Load/Graphics/End in the house style (uimenu 2/2)	bfd855d8aff0,db3e9550a5e6
refs/remotes/origin/ui/game-menu-solo	abcea224236282b04fe399836e5c7ef631ef16a0	1	0	1	all non-merge patches equivalent; merge content not assessed	ui: the ☰ game menu's NACHTMAHR solo section, deployment zones, host tools and Start Game in the house style (3 of 3)	abcea2242362
refs/remotes/origin/ui/game-menu-start-primary	59f0c05940fe7cfa352a47f82c7e3419e70bc3c2	1	0	1	all non-merge patches equivalent; merge content not assessed	ui: Start Game is the game menu's gold main action (maintainer D60 = a)	59f0c05940fe
refs/remotes/origin/ui/house-check-box	70e22390d26a1c6369356e44d1f43bf78c9cafd7	2	1	0	ancestry differs; review required	Merge branch 'main' into ui/house-check-box	859e0a48a0e2,e4776028ec58
refs/remotes/origin/ui/import-panel	2f203f9e0c041976734e28721ce6785d1304335e	3	2	0	ancestry differs; review required	Merge branch 'main' into ui/import-panel	70260f515cb6,daa2ffba94b8,db9d773ba667
refs/remotes/origin/ui/interference-card	94d23c7db77ec3ea9e95310b817936b6801fd4c0	1	1	1	all non-merge patches equivalent; merge content not assessed	Merge branch 'main' into ui/interference-card	5fe1f058d331
refs/remotes/origin/ui/land-1-rail	4e75771980880df12156d1bd85e272a7b0f72e54	2	0	0	ancestry differs; review required	ui(rail): clickable key caps read apart from hints; switches say On / Off	4c860a5dbdb1,4e7577198088
refs/remotes/origin/ui/land-2-topbar-r	cdea318f01dd93c26d2c70273f908f617ca40746	1	0	1	all non-merge patches equivalent; merge content not assessed	"ui: the top bar — round / phase or turn, Battle Log, ""? Controls"", Next Round (uitop)"	cdea318f01dd
refs/remotes/origin/ui/land-3-bkey-r	0f806f86b0b5078ca7e13d63f0aa63956832794c	1	0	1	all non-merge patches equivalent; merge content not assessed	input: regiment frontage moves to B; Shift+F clears the sight / range fan (uitop Job A)	0f806f86b0b5
refs/remotes/origin/ui/land-4-cards-r	f5c92d7919158dd90e4b307e6cc5edc5ae2a7837	3	0	0	ancestry differs; review required	ui(cards): the mockup's headings and the retired detail card's lines on the presented card (uicard B)	0bf66376ffb0,f22a851b128f,f5c92d791915
refs/remotes/origin/ui/log-chat-readouts	ac460611cf6f283946182c01cf174230baa0a6a5	2	2	0	ancestry differs; review required	Merge remote-tracking branch 'origin/main' into HEAD	13a36aea1411,2ca83877db3e
refs/remotes/origin/ui/marker-dialog-house	8cd285983bca3efbf078c4b9874f02bb7c5f41ce	1	1	1	all non-merge patches equivalent; merge content not assessed	Merge branch 'main' into ui/marker-dialog-house	4827c4f97975
refs/remotes/origin/ui/menu-dialog-chrome	7af68a51b190eb60e73b4ea9b303887d97ff1636	2	1	0	ancestry differs; review required	Merge branch 'main' into ui/menu-dialog-chrome	290778f91f2b,b2b1e48f91ea
refs/remotes/origin/ui/menu-scene-tokens	46c95a4a5f6bac373ef524582d4b1c5a57f5f3ce	4	1	0	ancestry differs; review required	Merge branch 'main' into ui/menu-scene-tokens	2c5938295574,43ac20f88cfd,a81d280317e1,fc4f2e37baee
refs/remotes/origin/ui/model-download	0774d13dd2348f5b56b721d7a5d2e9fbb200bce2	2	1	0	ancestry differs; review required	Merge branch 'main' into ui/model-download	14dae6adbfc8,dca3962a90fa
refs/remotes/origin/ui/net-dialogs	6c9177e4a1c63e69552537a7ff7ae3835c271a8b	2	1	0	ancestry differs; review required	Merge branch 'main' into ui/net-dialogs	76d81b937090,d77447dfc5d1
refs/remotes/origin/ui/privacy-panel	bf1793d19def4311fe779805f2ff3e9452f81e87	2	1	0	ancestry differs; review required	Merge branch 'main' into ui/privacy-panel	57e6ba0fff17,f1250e876abc
refs/remotes/origin/ui/settings-controls	014c7afb750d0a71e73cb9ae802b98f7a1661fa8	1	1	1	all non-merge patches equivalent; merge content not assessed	Merge branch 'main' into ui/settings-controls	f9f8733ec7b2
refs/remotes/origin/ui/settings-panel	1fe1b866014399d06e8afea96434ab114bbf3ad8	4	1	0	ancestry differs; review required	Merge branch 'main' into ui/settings-panel	6a1960ed9202,7f3fa8ce6b88,cb80a676194e,f875d904f721
refs/remotes/origin/ui/solo-prompts	236931e47cb5a1f9e5deedb28921a569f8b84988	3	2	0	ancestry differs; review required	Merge branch 'main' into ui/solo-prompts	5276ebaed883,db24aaf50d36,f54ea91f28c5
refs/remotes/origin/ui/spell-picker-house	a395c29a780f86b71867fb4bd6306fd7ccda80b2	1	1	1	all non-merge patches equivalent; merge content not assessed	Merge branch 'main' into ui/spell-picker-house	9a9cb9361faa
refs/remotes/origin/ui/split-fire-card	e7572200b8ec0149e8c4ec752092b6ce0ab80b61	1	1	1	all non-merge patches equivalent; merge content not assessed	Merge branch 'main' into ui/split-fire-card	fda326a46cd2
refs/remotes/origin/ui/split-fire-glyph	1ebfa0158dea34b9f6645ece51de2228f2b1e1dc	1	1	1	all non-merge patches equivalent; merge content not assessed	Merge branch 'main' into ui/split-fire-glyph	24a93e129532
refs/remotes/origin/ui/table-chooser-tokens	bd95e63faa9c0399ead108ceeb48c5c330e07774	1	1	1	all non-merge patches equivalent; merge content not assessed	Merge branch 'main' into ui/table-chooser-tokens	83ae604f43ab
refs/remotes/origin/ui/tutorial-chrome	775dc7e36a2b42dba0e2d2cf45f4fdd9153bc660	2	1	0	ancestry differs; review required	Merge branch 'main' into ui/tutorial-chrome	920703981e31,cfd1a9a7209a
refs/remotes/origin/ui/tutorial-dialogs	57c1f20d50e33e8035745df90bd713e0c47b44af	2	1	0	ancestry differs; review required	Merge branch 'main' into ui/tutorial-dialogs	0d3d03e9dd43,7f3b35120d9f
refs/remotes/origin/ui/unit-dialogs	90b5810b2459e032b57aa4a03f91bd0953d8b2f2	2	1	0	ancestry differs; review required	Merge branch 'main' into ui/unit-dialogs	60df5de8323e,cb7ba48323d1
refs/remotes/origin/ui/waits	8b2fbc72b78f835f4b81c40f4143cf7c6ac165f2	2	1	0	ancestry differs; review required	Merge branch 'main' into ui/waits	e9c4da2147cf,eb143a793e14
refs/remotes/origin/uifix2-drop-model-info	a9ef570c9c183411cc635aa6e0be6c1dafed25a9	1	1	1	all non-merge patches equivalent; merge content not assessed	Merge branch 'main' into uifix2-drop-model-info	54b2f96e5905
refs/remotes/origin/uifix2-hint-above-units-tab	6c28a924506b2acc86447b75f93ca110d558eb19	1	2	1	all non-merge patches equivalent; merge content not assessed	Merge branch 'main' into uifix2-hint-above-units-tab	133d78dafef5
refs/remotes/origin/uifix2-stage-below-banner	e4fc048f8b76d77cd5cdd2152af0da9c414dac71	2	4	0	ancestry differs; review required	Merge branch 'main' into uifix2-stage-below-banner	070181c197f5,700e756736b8
refs/remotes/origin/unit-window-32	2fc1c7a3695b8003cf2af5f32672d154a6552e2a	1	0	1	all non-merge patches equivalent; merge content not assessed	Token window 24 -> 32 units; the shipped ONNX keeps a 24-row window and refuses above it	2fc1c7a3695b
refs/remotes/origin/unstopmelee-35	c1b21090404a378dfa10926eec4d13e45d7865a9	2	0	0	ancestry differs; review required	GREEN: Unstoppable in Melee clamps negative to-hit modifiers on the melee strike (epoch 35)	bf2334c64e70,c1b21090404a
refs/remotes/origin/unstopmelee-35-rebased	c1b21090404a378dfa10926eec4d13e45d7865a9	2	0	0	ancestry differs; review required	GREEN: Unstoppable in Melee clamps negative to-hit modifiers on the melee strike (epoch 35)	bf2334c64e70,c1b21090404a
refs/remotes/origin/verify-d14	9adb3679a87ccde2b19b3efbc9bd8013939f864b	1	1	1	all non-merge patches equivalent; merge content not assessed	Merge branch 'main' into verify-d14	d41fa5073549
refs/remotes/origin/vfx/look	c80a30aa1805fa538d8671d1a42ccf45fde006d9	21	6	1	changed files differ; may include obsolete versions	wip(local): a cue is only sent from a live session in the tree (a cosmetic send must never crash a resolution)	0579eb1ebd70,08a4c02e43af,17bb9eba4632,183ada8e7edd,1c28c094c1db,2aba281b8a86,3d4e1132bb7a,4082eb2135ea,5ce61c363bd6,5ece291848b2,5fe4386a19e5,8f85aea8ae0d,962bab5abf68,99e0d872c779,ac4a44c2ff54,b5a715e4249d,c80a30aa1805,cecdbc9be005,e6a3e48c702e,e9db55eb6d3a,f9919c51ba80
refs/remotes/origin/vfx/result-pips	1c28c094c1dbbc2c35532f28d46687babc6feeb1	4	0	0	changed files differ; may include obsolete versions	feat(vfx): a result strip shows at most ten symbols	17bb9eba4632,183ada8e7edd,1c28c094c1db,962bab5abf68
refs/remotes/origin/vfx/sight-pairs	cd4b9fa6b4acf564b61a9473fb8909ae1931d5e8	1	1	1	changed files differ; may include obsolete versions	Merge branch 'main' into vfx/sight-pairs	e6a3e48c702e
refs/remotes/origin/vfx/spell-seal	84a1dd800ea039b56e911bb292124b9979b4d3ec	3	0	0	changed files differ; may include obsolete versions	"Revert ""perf(vfx): the seal draws only its band (annulus), not a full plane"""	84a1dd800ea0,ac4a44c2ff54,e9db55eb6d3a
refs/remotes/origin/vfx/volley-cue	08a4c02e43afcc1b06918ee05efb4fe72c021f53	2	0	0	changed files differ; may include obsolete versions	perf(vfx): tracers share one unit cylinder and one material per tint	08a4c02e43af,5fe4386a19e5
refs/remotes/origin/waittail-act-phase	963614579d53d865f843631d30825d8669745430	3	0	0	ancestry differs; review required	"Revert ""solo/move: exact AABB broad phase for spacing zones in step_blocked"""	963614579d53,d4a374f414f1,d806ac5dd4ed
refs/remotes/origin/wave2/s1-01	53a51de18e1df6b02eac1389f857c6be055b82c7	1	0	1	all non-merge patches equivalent; merge content not assessed	fix(melee): Thrust's +1 to hit applies only when charging, and the charge logs it (S1-01)	53a51de18e1d
refs/remotes/origin/wave2/s1-04	53a6d32150fd0edd2e0830255203baba1f5cf61d	1	0	1	all non-merge patches equivalent; merge content not assessed	fix(melee): Counter-Attack units strike first when charged (S1-04)	53a6d32150fd
refs/remotes/origin/wave2/s1-05	35013af98d9fb7d0d7640d4ce80d69e547cbda12	1	0	1	all non-merge patches equivalent; merge content not assessed	fix(spells): an attackers-side grant no longer lands on, or is spent by, the enemy it targets (S1-05)	35013af98d9f
refs/remotes/origin/wave2/s1-06	ce084a96503c7ed6142f47f4c13a354126f6e0c0	1	0	1	all non-merge patches equivalent; merge content not assessed	fix(regen): a weapon with printed Unstoppable ignores Regeneration (S1-06)	ce084a96503c
refs/remotes/origin/wave2/s1-11	87cf301101fff056404ab9375ceb691f0aa4684f	1	0	1	all non-merge patches equivalent; merge content not assessed	Stamp moved round only for played movement drops	87cf301101ff
refs/remotes/origin/wave2/s1-19	2c3689197a5e23e54b2668d44b7427c8f998382a	1	0	1	all non-merge patches equivalent; merge content not assessed	Assign owned mission markers after deployment side choice	2c3689197a5e
refs/remotes/origin/wave2/s5-01	2e096fa2ef2d484990c9214baeab01f0c8e70c37	1	0	1	all non-merge patches equivalent; merge content not assessed	Fix AI Dangerous terrain tests on stationary activations	2e096fa2ef2d
refs/remotes/origin/wave2/s8-u3	bc8acbf48612239e1fffb5a98acf46c1896cf53b	1	0	1	all non-merge patches equivalent; merge content not assessed	"fix(tutorial): T-02 ""box select"" completes from a real rubber band"	bc8acbf48612
refs/remotes/origin/wave2/s8-u4	97a4b299fa875d47f897e19913f07c02d43ab763	1	0	1	all non-merge patches equivalent; merge content not assessed	fix(clipboard): Ctrl+D on army models makes plain copies, not alias copies of the unit	97a4b299fa87
refs/remotes/origin/wave2/s8-u5	677ba553eb4830a4450f452332d8c1a423587221	1	0	1	all non-merge patches equivalent; merge content not assessed	fix(cards): the unit card's Wounds button applies the Tough(1) gate the radial route has	677ba553eb48
refs/remotes/origin/wave3a-step1-vp-seam	517980160da2ead5b0de4ee91f670d58f6346f24	3	0	0	ancestry differs; review required	test(core-seam): skip the vp seam e2e where the NmlCore extension is not loaded	517980160da2,5688e6b08951,7fbba816ea8b
refs/remotes/origin/wave3a-step2-fold-ledger	4aa111fffc04802ab9c56dcc532b3c5f95caeca1	1	0	1	all non-merge patches equivalent; merge content not assessed	refactor(core): extract the per-unit ledger fold into io::fold_ledger (wave 3 step 2)	4aa111fffc04
refs/remotes/origin/wave3a-step3-ledger-seam	cb4927d2e6fd0f71b1d33cb5b3f78e55f79f7053	3	1	0	ancestry differs; review required	Merge branch 'main' into wave3a-step3-ledger-seam	03d6ccdbd889,147b7df3f2d4,414cbe96ef76
refs/remotes/origin/wave3b-step10-pr	7352a81d215b01be4ca845445ce5fc6539fb6b41	2	0	0	ancestry differs; review required	fix: count Counter aliases in Impact reduction	7352a81d215b,cc68c773418c
refs/remotes/origin/wave3b-step11-pr	b120bb48491cd32355edc1cb58be80633eb5d7c1	2	0	0	ancestry differs; review required	fix: honor granted regen flags and remember hero morale choice	4694c32426c3,b120bb48491c
refs/remotes/origin/wave3b-step13-pr	35ba325f1a61a79f74c5caa65585894d967addb9	2	0	0	ancestry differs; review required	Fix Rapid Rush to affect Rush only at epoch 66	35ba325f1a61,7f73be23b183
refs/remotes/origin/wave3b-step5-epoch-shaken	b73b9a2399ba6f9291df19745247481e7f9a130a	2	1	0	ancestry differs; review required	Merge branch 'main' into wave3b-step5-epoch-shaken	44f6cf9ceeef,d2471788a74c
refs/remotes/origin/wave3b-step6-pr	23a06469b32b468bb5fa04fc7ea65cd95b1ce5c0	2	0	0	ancestry differs; review required	fix(core+table): make melee wipes decide loser at epoch 65	23a06469b32b,514e66249766
refs/remotes/origin/wave3b-step7-pr	d6fe21be1ad2a6bbee20e74a7cb13a2a7f70178b	2	0	0	ancestry differs; review required	fix(core+table): use joined hero quality for morale at epoch 65	d181a0fe6306,d6fe21be1ad2
refs/remotes/origin/wave3b-step8-pr	46f9b17b120acf25a1ea9d1e73bbe86aa9a6e59a	3	0	0	ancestry differs; review required	fix(core+table): judge Fearless on living joined models at epoch 65	3c1b2b7578a2,46f9b17b120a,92c00cbf7ae1
refs/remotes/origin/wave3b-step9-pr	b64c39190975ab53ffce4c95f2e8433e36d48867	2	0	0	ancestry differs; review required	fix(core+table): resolve Mind Control through morale at epoch 65	aad8eb7c8575,b64c39190975
refs/remotes/origin/wave3b-step9b-pr	738ea88294af502bc4d3ee5db7a3682cd6a7d454	3	3	0	ancestry differs; review required	Merge branch 'main' into wave3b-step9b-pr	1a1827ab0f58,b688f2d6c024,e6ec1a08fcf1
refs/remotes/origin/wave3c-step13-pr	485422c6dcb6f5a64056c04500260f0894362a4d	3	0	0	ancestry differs; review required	Pin Rapid Rush Aura registry metadata to Rush-only book rule	485422c6dcb6,665ddf636141,c0d50a7b8a92
refs/remotes/origin/wave3c-step14-pr	38ab1fc081dc1b8658265f6f2f193c0432d3c90e	2	0	0	ancestry differs; review required	Separate Teleport reposition from movement bands at epoch 66	38ab1fc081dc,bc519b33996f
refs/remotes/origin/wave3c-step15-pr	c203de2de2ce9e1b91c39d648f4ca05f582d5674	2	0	0	ancestry differs; review required	Use nearest base gap for volley modifiers at epoch 66	19434f8166b4,c203de2de2ce
refs/remotes/origin/wave3c-step16-pr	f72385b4f5154f9d325bfc7c0226f1586bfd8214	3	0	0	ancestry differs; review required	Apply target Rapid Charge Mark to charge reach at epoch 66	2f7e0ff5867b,f72385b4f515,fc9aee227a69
refs/remotes/origin/wave3c-step17-pr	8d7378f754008bbb69b1051cefece72bd6f0b147	2	0	0	ancestry differs; review required	Fix joined hero sight blockers at distance epoch 66	8d7378f75400,a8655cae27bc
refs/remotes/origin/wave3c-step18-pr	db048210deb2c254614502041e456041d85e789e	2	0	0	ancestry differs; review required	Sort sight candidates by horizontal range at epoch 66	530c7f4e36ac,db048210deb2
refs/remotes/origin/wave3c-step19-pr	5b0fc227ed64b2d784c84e19ebff8f45bc0ca804	2	0	0	ancestry differs; review required	Reset movement budget at each AI activation	30f392e0bf4d,5b0fc227ed64
refs/remotes/origin/wave3d-step21-epoch-piercing-target	1076246a5a04cc10d5d3dd6456a81515507a0308	2	1	0	ancestry differs; review required	Merge branch 'main' into wave3d-step21-epoch-piercing-target	4e1671d37137,b2ed9c44624c
refs/remotes/origin/wave3d-step22-piercing-spotter	abc214b413879ee54386424e775faf408abb1321	1	0	1	all non-merge patches equivalent; merge content not assessed	fix(core+table): Piercing Spotter rolls its printed 4+ per activation (EPOCH_67_MARKERS_BURSTS, W3-4 a)	abc214b41387
refs/remotes/origin/wave3d-step23-surprise-attack	3eb3c3294a7b896861902ad1af3b176a57601d07	1	0	1	all non-merge patches equivalent; merge content not assessed	fix(core+table): Surprise Attack's latch burns on the first activation, whether or not a target exists (EPOCH_67_MARKERS_BURSTS, D19 a)	3eb3c3294a7b
refs/remotes/origin/wave3d-step24-crossing-attack	1c6a4ecfc71616da1789ae8b4eba3a9e8b2cbe4f	2	1	2	all non-merge patches equivalent; merge content not assessed	Merge branch 'main' into wave3d-step24-crossing-attack	3eb3c3294a7b,c0ce56780fc4
refs/remotes/origin/wave3d-step25-deadly-landing	775c7e2ba8cd9753d4261ba7974d7df8bc9fef41	2	0	0	ancestry differs; review required	fix(core): reword land_deadly_wounds doc comment to satisfy clippy::doc_lazy_continuation	775c7e2ba8cd,78c897340999
refs/remotes/origin/wave3d-step26-zero-die-roll	2618fb35315009fe0489a4de73a65b31d0c7c6e2	3	1	1	ancestry differs; review required	Merge branch 'main' into wave3d-step26-zero-die-roll	775c7e2ba8cd,78c897340999,d0817e2e64c9
refs/remotes/origin/wave3d-step27-spot-per-laser	93a178b8d67633e0be2216bdf9561061aeb39c2c	4	1	2	ancestry differs; review required	Merge branch 'main' into wave3d-step27-spot-per-laser	775c7e2ba8cd,78c897340999,c69722a35d00,d0817e2e64c9
refs/remotes/origin/wave3e-step29	68db67b10625c2c9e4f92de64f88648b1e3b8e7f	1	0	1	all non-merge patches equivalent; merge content not assessed	fix(core+table): the defence modifiers are one sum clamped once, so Def 2+ in cover vs AP(1) saves on 2+ (EPOCH_68_MODIFIER_SUM, D21 defence half)	68db67b10625
refs/remotes/origin/wave3e-step30	a47c7d6037b0c9ba3bfca881d3591af0361ee0c3	2	1	0	ancestry differs; review required	Merge branch 'main' into wave3e-step30	ce0f73e94fb5,eb6f249734ca
refs/remotes/origin/wave6-indirectmark	8f58ac7cf272ca64bf9785aec133f4e54a226741	3	0	0	ancestry differs; review required	test: the bridge-flag pin follows the mark consumer — Indirect maps to its facet now	18ec32267d55,8f58ac7cf272,e70edc28ab9c
refs/remotes/origin/wave6-redeployment-core	1a388ca774fbb4825a905e5bd11df710c8daefa6	8	0	0	ancestry differs; review required	Re-Deployment: drop a stray closing paren left by the renumber (compile fix, no behaviour change)	1a388ca774fb,4beb4a15b635,6b26f11ec76e,74763ba7e14d,88f182ce8945,95541d97f913,ef693af58df6,f0d62239339c
refs/remotes/origin/wave6-replayfold	f017c036237aa641c4f659b330f3cf8b1b98b623	3	0	0	ancestry differs; review required	fix: knobs_of reads the bands_prefolded header key (compile fix)	2032d7f113ff,482b4d817a53,f017c036237a
refs/remotes/origin/wt-arena-rescore	296d78e9fc8ffd1b9876bffd8e59533714a9246f	0	0	0	ancestor of baseline	tools: block-mean A/B re-scorer with a 95% CI, separate from ab_score.py	-
refs/remotes/origin/wt-bag17	2d0e7677180e0f144b68a3977972c2cd5979a428	0	0	0	ancestor of baseline	feat(encoder): widen the rule bag 8 -> 17 — F_u 90, bag cols 52..86	-
refs/remotes/origin/wt-banemelee-regen	22da78ff7cd85f00b5e0382b9285e07a9d06faed	2	0	0	ancestry differs; review required	"GREEN: unit-level ""Bane in Melee"" / ""Bane in Melee Buff"" bypass Regeneration on the table"	22da78ff7cd8,a7013a1efa3c
refs/remotes/origin/wt-cg1	a397d8dd01d3c509031edd96389822e35ee9e11f	0	0	0	ancestor of baseline	ci: baseline against the PR merge ref (main advanced since the branch base)	-
refs/remotes/origin/wt-core-identity-refuse-unknown	122ca2dc66cd7e0150979b7deba9767370729300	0	0	0	ancestor of baseline	test(core-identity): RED — unverifiable running core must refuse, mismatches must count	-
refs/remotes/origin/wt-defense-rating	2f6ee28d795b2a48586034d8f4f7bb5eb44ea889	1	0	1	all non-merge patches equivalent; merge content not assessed	Defense(X): the Shielded walk takes the bonus from the rule's rating in the core too (epoch 54)	2f6ee28d795b
refs/remotes/origin/wt-determ	6ac21b8ddc0d1788c799af156dee0be5b27edc04	0	0	0	ancestor of baseline	test(core): 100/100 deterministic final-state hashes + reference machine	-
refs/remotes/origin/wt-eb-oracle-runner	5212fa1722b8eaaa468f137954951accc5e5683d	0	0	0	ancestor of baseline	feat(eb): add E-B oracle-grader runner (dry run is the deliverable)	-
refs/remotes/origin/wt-f10-partial-receipt	9c5c26e8ffe6e66ebabd822394ee805fcf6e705a	0	0	0	ancestor of baseline	fix(rescore): refuse or stamp PARTIAL a run scored short of its plan (F10)	-
refs/remotes/origin/wt-gm-move-buff	fff35f1b1f529c1abf3e4b20dfe754380cf9db4f	0	0	0	ancestor of baseline	test(census): the STAMPED-vs-PORTED pin uses the documented-NO knob now that move_mod is consumed	-
refs/remotes/origin/wt-golden90	451bea28c9651e502bb31d3662d97cf5cd34ee40	0	0	0	ancestor of baseline	fix(onnx): loader + spike seam feed 24x90 unit tensors; re-embed the width-90 self-test leaf	-
refs/remotes/origin/wt-landrebench	a512eeeb53d7a2d2bbcb3748b0084cfcfed51429	2	0	0	ancestry differs; review required	core(rebench): take slices, not Vec references, in the two stats helpers	a512eeeb53d7,c9a6b3833218
refs/remotes/origin/wt-m846	0de8b65e1747c93567658ea6a152d08d5eb8d4d0	0	0	0	ancestor of baseline	Merge pull request #892 from DutchMaxwell/feat/prb2-last-game-preview-card	-
refs/remotes/origin/wt-onnx02	f98493162732541e561a00148ab73f63515dd0ee	0	0	0	ancestor of baseline	spike(test): exact output-bit compare for the RED one-byte check	-
refs/remotes/origin/wt-onnxc	c618409e74f45b7032b3d8c54162ae475559af4a	0	0	0	ancestor of baseline	"Revert ""RED proof: drop one units row from the first leaf (throwaway, reverted next)"""	-
refs/remotes/origin/wt-onnxhook	f971cd88b24908c09c3ef3da95d88e926029f376	0	0	0	ancestor of baseline	merge: origin/main (ONNX parity)	-
refs/remotes/origin/wt-onnxl	5664ab6d4144b00e7e2ca90477bff92a8e5c4bda	0	0	0	ancestor of baseline	fix(core): ONNX self-test replays row 0 of a static_batch-width batch	-
refs/remotes/origin/wt-onnxpar	3a23c8abad92b33e4c7b1423d1167ecc40859543	0	0	0	ancestor of baseline	test(core): pin the ONNX parity tolerance to the reference receipt	-
refs/remotes/origin/wt-onnxswitch	801ddcfceaf7e98b1ee5276c58f2e5f9ebf1be9c	1	0	0	ancestry differs; review required	wip(onnxswitch): frozen for handover 2026-09-13 (uncommitted WIP snapshot)	801ddcfceaf7
refs/remotes/origin/wt-pr6instr	6270b7f14c12513695fe9167ba5abb12282a131c	1	0	0	ancestry differs; review required	test(core): pin the pre-gate planner on the table (recorded-162)	6270b7f14c12
refs/remotes/origin/wt-privacy	714495315ef838d1002bf6a248d8aa5b76bfa9c0	0	0	0	ancestor of baseline	feat(relay): privacy baseline — no IPs in logs, delete_data, retention policy	-
refs/remotes/origin/wt-reach	9fe35cc1333c53d24ced95255bae5c5261acd948	2	0	0	ancestry differs; review required	core: objective token gets per-side reach counts (token vocab 3)	2f904ef62b8e,9fe35cc1333c
refs/remotes/origin/wt-relaysoak	55575cc58985294e4c57571e64e42c15188a0633	1	0	0	ancestry differs; review required	feat(relay): 50-room soak harness for CPU room-cost receipt	55575cc58985
refs/remotes/origin/wt-rr1	2d53487d3472020a5fa18f2fe27316cec89d73c6	0	0	0	ancestor of baseline	fix(core): silence the clippy too_many_arguments on versatile_reach_charge_in	-
refs/remotes/origin/wt-seamsfix2	a954093326356e2d3eba7975027c420c546c33bb	1	0	1	all non-merge patches equivalent; merge content not assessed	core: bench bins build Seams/tuning from header knobs (seams_of/tuning_of)	a95409332635
refs/remotes/origin/wt-shielded-per-model	9492232d3141d00c2aefd63e4f07bf8e46ee0952	2	0	0	ancestry differs; review required	Withhold ALL-MODELS rule grants from per-model items (audit 2A.12)	9492232d3141,977dfe008385
refs/remotes/origin/wt-swift-aura-v9	037c1cd72e1fe8246abb91d12091ca9c5b153b03	0	0	0	ancestor of baseline	feat(encoder): vocab v9 — append the 8 core-PORTED slotless names (unit2 1017-1024)	-
refs/remotes/origin/wt-wallcull	516fd5183bf9e53981f004b8dc7843625010db71	2	0	0	ancestry differs; review required	solo/movement: broad-phase AABB reject in front of the exact wall test	516fd5183bf9,6d340607cd14
refs/remotes/pr-955-merge	47ad1c0963a216453e7be4408ff79bef38ce6b4d	4	1	0	ancestry differs; review required	Merge 9fab82dfe3222cd99a9f6d6856f8453adb3cb55c into 8a28a7c89f4e9e5b18bfeb714b0ea8209ae85015	0c5e9bb5a77c,9fab82dfe322,a85c6602394e,f1b118267935
refs/remotes/pr/1084	af48f8f5d01c02aa922c524dad7d45ea1d52bd8f	7	0	1	ancestry differs; review required	ui(cards): the mockup's headings and the retired detail card's lines on the presented card (uicard B)	0e2a5028c37d,42c270991792,8e7ee8507c1d,8f62c0e759ea,a9fd2f41f057,af48f8f5d01c,dfc0e060d622
refs/remotes/pr/838	50e6903c7625cf24df33813a60ab696125920f9b	6	0	5	ancestry differs; review required	feat(rules): Spell Conduit core moves behind EPOCH_8_PLANNER_MENU (epoch-8 gate, #838)	1882a4880c24,3f2a276a1589,50e6903c7625,5d8125825f97,635c89f6c930,6be5f503c04d
refs/remotes/pr/853	54fea24eee94a7cfd44ed2d373b8acf7fdc859de	8	0	6	ancestry differs; review required	test(census): the shared-primitive pin's unread param moves to move_mod — def_mod is read since seam 4 PR 2	05839ff09d24,0633cf50737f,54fea24eee94,786c17ddb542,cad7ae9ad434,cba7bac36251,eab1629ab7a6,f79ef8cb0497
refs/remotes/pr/859	28e4cbc434d20b9b68afcfb1fd92578a5e18794a	2	0	1	ancestry differs; review required	fix(loader): Swift negates Slow in the move-band pass	28e4cbc434d2,6e765ec3ed73
